date,lfalls,seneca,goose,monoc_jug,por
2020-12-05T00:00:00Z,11950,103,195,484,10600
2020-12-05T01:00:00Z,11775,105,198,482,10675
2020-12-05T02:00:00Z,11725,109,199,487,10700
2020-12-05T03:00:00Z,11675,113,201,494,10575
2020-12-05T04:00:00Z,11600,122,207,508,10433
2020-12-05T05:00:00Z,11600,130,217,532,10275
2020-12-05T06:00:00Z,11600,149,240,560,10200
2020-12-05T07:00:00Z,11650,203,278,578,10200
2020-12-05T08:00:00Z,11950,297,336,592,10200
2020-12-05T09:00:00Z,12450,397,411,598,10175
2020-12-05T10:00:00Z,13150,502,500,617,10075
2020-12-05T11:00:00Z,13675,576,611,644,9978
2020-12-05T12:00:00Z,13950,615,696,673,9860
2020-12-05T13:00:00Z,14400,630,738,704,9792
2020-12-05T14:00:00Z,14850,634,752,732,9780
2020-12-05T15:00:00Z,15275,627,762,754,9663
2020-12-05T16:00:00Z,15575,621,787,776,9577
2020-12-05T17:00:00Z,15675,612,809,791,9457
2020-12-05T18:00:00Z,15633,609,824,801,9470
2020-12-05T19:00:00Z,15475,563,835,808,9503
2020-12-05T20:00:00Z,15400,510,837,812,9473
2020-12-05T21:00:00Z,15100,473,844,808,9413
2020-12-05T22:00:00Z,15075,440,844,807,9362
2020-12-05T23:00:00Z,14950,410,844,802,9470
2020-12-06T00:00:00Z,14825,385,837,798,9570
2020-12-06T01:00:00Z,14625,363,820,785,9600
2020-12-06T02:00:00Z,14400,348,801,778,9737
2020-12-06T03:00:00Z,14100,331,772,776,9740
2020-12-06T04:00:00Z,13950,316,748,776,9647
2020-12-06T05:00:00Z,13725,307,718,778,9472
2020-12-06T06:00:00Z,13550,295,686,784,9460
2020-12-06T07:00:00Z,13400,284,662,791,9487
2020-12-06T08:00:00Z,13300,269,642,801,9443
2020-12-06T09:00:00Z,13100,260,614,812,9360
2020-12-06T10:00:00Z,12975,250,592,820,9280
2020-12-06T11:00:00Z,12800,240,571,831,9192
2020-12-06T12:00:00Z,12675,230,550,842,9095
2020-12-06T13:00:00Z,12575,218,528,853,8950
2020-12-06T14:00:00Z,12450,213,515,863,8940
2020-12-06T15:00:00Z,12300,229,507,865,8810
2020-12-06T16:00:00Z,12250,244,494,862,8710
2020-12-06T17:00:00Z,12200,245,482,862,8822
2020-12-06T18:00:00Z,12125,245,470,856,8940
2020-12-06T19:00:00Z,12075,253,457,845,8960
2020-12-06T20:00:00Z,12000,260,452,831,8950
2020-12-06T21:00:00Z,11875,256,444,816,9030
2020-12-06T22:00:00Z,11700,258,434,798,9150
2020-12-06T23:00:00Z,11600,253,429,779,9315
2020-12-07T00:00:00Z,11500,248,422,766,9558
2020-12-07T01:00:00Z,11375,243,418,751,9715
2020-12-07T02:00:00Z,11275,236,410,743,9852
2020-12-07T03:00:00Z,11175,217,408,732,9908
2020-12-07T04:00:00Z,11100,198,399,721,9840
2020-12-07T05:00:00Z,11000,186,396,706,9728
2020-12-07T06:00:00Z,10925,183,388,694,9750
2020-12-07T07:00:00Z,10900,178,386,682,9828
2020-12-07T08:00:00Z,10825,170,382,669,9860
2020-12-07T09:00:00Z,10800,165,377,654,9840
2020-12-07T10:00:00Z,10800,158,372,644,9830
2020-12-07T11:00:00Z,10800,150,368,632,9805
2020-12-07T12:00:00Z,10825,144,365,622,9792
2020-12-07T13:00:00Z,10875,139,357,612,9840
2020-12-07T14:00:00Z,10900,134,354,604,9895
2020-12-07T15:00:00Z,10925,133,351,594,9978
2020-12-07T16:00:00Z,11000,133,346,589,10025
2020-12-07T17:00:00Z,11000,133,343,586,10175
2020-12-07T18:00:00Z,11050,143,337,580,10333
2020-12-07T19:00:00Z,10925,151,333,574,10475
2020-12-07T20:00:00Z,11025,149,332,567,10500
2020-12-07T21:00:00Z,11075,145,327,559,10525
2020-12-07T22:00:00Z,11075,142,324,546,10575
2020-12-07T23:00:00Z,11075,144,321,538,10650
2020-12-08T00:00:00Z,11050,140,318,532,10675
2020-12-08T01:00:00Z,11025,138,315,523,10700
2020-12-08T02:00:00Z,11050,136,311,519,10700
2020-12-08T03:00:00Z,11000,135,308,519,10650
2020-12-08T04:00:00Z,11050,140,306,514,10500
2020-12-08T05:00:00Z,11100,138,301,508,10375
2020-12-08T06:00:00Z,11100,138,301,503,10400
2020-12-08T07:00:00Z,11125,137,297,499,10325
2020-12-08T08:00:00Z,11200,132,296,492,10200
2020-12-08T09:00:00Z,11250,126,292,488,10167
2020-12-08T10:00:00Z,11250,125,291,484,9913
2020-12-08T11:00:00Z,11325,121,287,481,9780
2020-12-08T12:00:00Z,11350,116,284,478,9620
2020-12-08T13:00:00Z,11400,112,281,473,9528
2020-12-08T14:00:00Z,11450,111,281,470,9408
2020-12-08T15:00:00Z,11325,110,276,466,9305
2020-12-08T16:00:00Z,11400,110,276,462,9320
2020-12-08T17:00:00Z,11350,116,271,459,9450
2020-12-08T18:00:00Z,11267,126,271,455,9505
2020-12-08T19:00:00Z,11275,132,271,454,9538
2020-12-08T20:00:00Z,11250,131,271,451,9528
2020-12-08T21:00:00Z,11150,127,267,449,9487
2020-12-08T22:00:00Z,11125,126,264,439,9607
2020-12-08T23:00:00Z,11025,124,262,433,9840
2020-12-09T00:00:00Z,10900,120,262,429,9960
2020-12-09T01:00:00Z,10775,120,258,428,10075
2020-12-09T02:00:00Z,10725,118,253,428,10100
2020-12-09T03:00:00Z,10600,119,253,429,10030
2020-12-09T04:00:00Z,10525,120,253,430,9815
2020-12-09T05:00:00Z,10400,121,250,427,9650
2020-12-09T06:00:00Z,10375,121,246,425,9633
2020-12-09T07:00:00Z,10375,120,244,424,9590
2020-12-09T08:00:00Z,10300,117,244,419,9518
2020-12-09T09:00:00Z,10300,112,243,418,9395
2020-12-09T10:00:00Z,10300,110,240,419,9235
2020-12-09T11:00:00Z,10300,107,240,415,9072
2020-12-09T12:00:00Z,10375,104,237,415,8865
2020-12-09T13:00:00Z,10375,101,236,418,8745
2020-12-09T14:00:00Z,10400,100,236,419,8615
2020-12-09T15:00:00Z,10375,100,235,419,8520
2020-12-09T16:00:00Z,10400,100,231,419,8430
2020-12-09T17:00:00Z,10400,102,230,416,8440
2020-12-09T18:00:00Z,10400,106,227,412,8530
2020-12-09T19:00:00Z,10300,110,227,408,8520
2020-12-09T20:00:00Z,10300,107,223,404,8462
2020-12-09T21:00:00Z,10200,103,223,398,8410
2020-12-09T22:00:00Z,10125,101,223,389,8430
2020-12-09T23:00:00Z,10025,101,220,379,8528
2020-12-10T00:00:00Z,9975,101,219,372,8648
2020-12-10T01:00:00Z,9900,100,219,370,8778
2020-12-10T02:00:00Z,9805,99,216,376,8840
2020-12-10T03:00:00Z,9710,97,215,378,8888
2020-12-10T04:00:00Z,9570,100,214,375,8793
2020-12-10T05:00:00Z,9520,102,211,373,8667
2020-12-10T06:00:00Z,9425,101,211,375,8580
2020-12-10T07:00:00Z,9380,101,211,376,8580
2020-12-10T08:00:00Z,9280,101,211,373,8530
2020-12-10T09:00:00Z,9280,97,211,371,8485
2020-12-10T10:00:00Z,9190,94,211,371,8377
2020-12-10T11:00:00Z,9190,93,211,371,8218
2020-12-10T12:00:00Z,9122,89,208,371,8068
2020-12-10T13:00:00Z,9190,87,207,371,7920
2020-12-10T14:00:00Z,9145,85,206,371,7785
2020-12-10T15:00:00Z,9212,83,203,370,7680
2020-12-10T16:00:00Z,9190,84,203,367,7618
2020-12-10T17:00:00Z,9212,87,203,367,7628
2020-12-10T18:00:00Z,9190,88,203,367,7710
2020-12-10T19:00:00Z,9212,93,200,366,7730
2020-12-10T20:00:00Z,9168,97,199,363,7652
2020-12-10T21:00:00Z,9168,97,199,362,7593
2020-12-10T22:00:00Z,9100,94,199,354,7585
2020-12-10T23:00:00Z,9032,96,196,343,7655
2020-12-11T00:00:00Z,8985,95,195,338,7762
2020-12-11T01:00:00Z,8910,93,195,341,7900
2020-12-11T02:00:00Z,8820,93,195,351,8002
2020-12-11T03:00:00Z,8775,92,192,354,8040
2020-12-11T04:00:00Z,8730,93,192,353,8005
2020-12-11T05:00:00Z,8662,93,192,352,7880
2020-12-11T06:00:00Z,8640,96,189,351,7830
2020-12-11T07:00:00Z,8550,96,188,348,7805
2020-12-11T08:00:00Z,8505,94,188,348,7805
2020-12-11T09:00:00Z,8460,93,188,347,7770
2020-12-11T10:00:00Z,8392,90,188,344,7672
2020-12-11T11:00:00Z,8370,87,188,344,7575
2020-12-11T12:00:00Z,8325,84,186,342,7422
2020-12-11T13:00:00Z,8348,82,184,340,7300
2020-12-11T14:00:00Z,8348,80,184,340,7168
2020-12-11T15:00:00Z,8325,79,182,338,7072
2020-12-11T16:00:00Z,8370,80,181,336,6975
2020-12-11T17:00:00Z,8348,81,181,333,6968
2020-12-11T18:00:00Z,8392,84,181,333,7030
2020-12-11T19:00:00Z,8370,91,181,334,7052
2020-12-11T20:00:00Z,8438,94,179,333,7002
2020-12-11T21:00:00Z,8370,93,177,332,6888
2020-12-11T22:00:00Z,8370,93,177,324,6850
2020-12-11T23:00:00Z,8348,91,177,308,6850
2020-12-12T00:00:00Z,8302,92,177,295,6940
2020-12-12T01:00:00Z,8260,91,177,298,7045
2020-12-12T02:00:00Z,8155,90,175,316,7168
2020-12-12T03:00:00Z,8065,89,174,322,7270
2020-12-12T04:00:00Z,7975,91,174,322,7292
2020-12-12T05:00:00Z,7930,93,174,321,7195
2020-12-12T06:00:00Z,7890,92,172,319,7130
2020-12-12T07:00:00Z,7782,91,170,319,7122
2020-12-12T08:00:00Z,7740,91,170,318,7130
2020-12-12T09:00:00Z,7680,90,169,315,7115
2020-12-12T10:00:00Z,7612,86,167,315,7065
2020-12-12T11:00:00Z,7570,85,167,315,6940
2020-12-12T12:00:00Z,7530,84,167,315,6825
2020-12-12T13:00:00Z,7488,81,167,315,6703
2020-12-12T14:00:00Z,7510,78,167,315,6560
2020-12-12T15:00:00Z,7510,77,167,315,6398
2020-12-12T16:00:00Z,7510,77,167,315,6273
2020-12-12T17:00:00Z,7510,78,167,315,6227
2020-12-12T18:00:00Z,7530,79,166,314,6210
2020-12-12T19:00:00Z,7530,83,164,314,6248
2020-12-12T20:00:00Z,7550,90,164,315,6230
2020-12-12T21:00:00Z,7590,93,164,314,6118
2020-12-12T22:00:00Z,7530,95,164,308,6000
2020-12-12T23:00:00Z,7488,95,164,308,5970
2020-12-13T00:00:00Z,7465,95,164,307,5992
2020-12-13T01:00:00Z,7442,93,163,312,6082
2020-12-13T02:00:00Z,7360,92,160,310,6210
2020-12-13T03:00:00Z,7340,91,160,308,6328
2020-12-13T04:00:00Z,7272,91,160,306,6408
2020-12-13T05:00:00Z,7190,91,160,304,6390
2020-12-13T06:00:00Z,7130,90,160,301,6362
2020-12-13T07:00:00Z,7070,91,160,301,6372
2020-12-13T08:00:00Z,6990,90,160,301,6410
2020-12-13T09:00:00Z,6950,88,160,300,6425
2020-12-13T10:00:00Z,6850,88,160,302,6370
2020-12-13T11:00:00Z,6782,86,160,305,6302
2020-12-13T12:00:00Z,6740,84,160,304,6202
2020-12-13T13:00:00Z,6680,81,160,305,6100
2020-12-13T14:00:00Z,6620,79,158,305,6000
2020-12-13T15:00:00Z,6600,77,157,305,5892
2020-12-13T16:00:00Z,6582,77,157,306,5830
2020-12-13T17:00:00Z,6582,77,157,306,5770
2020-12-13T18:00:00Z,6600,79,154,304,5770
2020-12-13T19:00:00Z,6600,81,154,303,5810
2020-12-13T20:00:00Z,6620,89,154,298,5810
2020-12-13T21:00:00Z,6640,95,154,300,5737
2020-12-13T22:00:00Z,6660,96,154,296,5602
2020-12-13T23:00:00Z,6680,96,154,290,5578
2020-12-14T00:00:00Z,6680,95,154,276,5652
2020-12-14T01:00:00Z,6680,93,154,273,5785
2020-12-14T02:00:00Z,6620,92,152,290,5913
2020-12-14T03:00:00Z,6600,90,151,296,6050
2020-12-14T04:00:00Z,6582,91,151,298,6142
2020-12-14T05:00:00Z,6548,91,151,298,6200
2020-12-14T06:00:00Z,6470,90,147,296,6220
2020-12-14T07:00:00Z,6410,89,147,295,6255
2020-12-14T08:00:00Z,6350,89,147,295,6270
2020-12-14T09:00:00Z,6370,89,147,295,6255
2020-12-14T10:00:00Z,6310,85,147,292,6200
2020-12-14T11:00:00Z,6290,81,147,293,6132
2020-12-14T12:00:00Z,6310,82,147,298,6080
2020-12-14T13:00:00Z,6350,81,149,305,5970
2020-12-14T14:00:00Z,6430,84,155,314,5970
2020-12-14T15:00:00Z,6605,93,163,349,5970
2020-12-14T16:00:00Z,7092,110,188,416,5922
2020-12-14T17:00:00Z,8045,169,256,486,5922
2020-12-14T18:00:00Z,8915,381,378,534,5992
2020-12-14T19:00:00Z,9235,580,476,559,6050
2020-12-14T20:00:00Z,9450,684,554,568,6090
2020-12-14T21:00:00Z,9735,733,664,574,6100
2020-12-14T22:00:00Z,10038,734,776,582,6150
2020-12-14T23:00:00Z,10350,726,822,602,6345
2020-12-15T00:00:00Z,10700,731,826,630,6535
2020-12-15T01:00:00Z,10975,720,842,660,6695
2020-12-15T02:00:00Z,11150,684,905,695,6817
2020-12-15T03:00:00Z,11250,634,966,724,6905
2020-12-15T04:00:00Z,11200,578,1010,761,6982
2020-12-15T05:00:00Z,11125,528,1052,795,6968
2020-12-15T06:00:00Z,11050,487,1098,825,6940
2020-12-15T07:00:00Z,11050,452,1120,849,6968
2020-12-15T08:00:00Z,10975,421,1115,876,6938
2020-12-15T09:00:00Z,10800,396,1088,878,6980
2020-12-15T10:00:00Z,10650,374,1045,862,6975
2020-12-15T11:00:00Z,10575,354,992,846,6912
2020-12-15T12:00:00Z,10450,337,940,832,6852
2020-12-15T13:00:00Z,10400,319,885,824,6800
2020-12-15T14:00:00Z,10400,304,826,828,6738
2020-12-15T15:00:00Z,10400,294,787,842,6688
2020-12-15T16:00:00Z,10400,284,748,862,6680
2020-12-15T17:00:00Z,10450,277,718,891,6722
2020-12-15T18:00:00Z,10425,275,684,921,6870
2020-12-15T19:00:00Z,10400,268,656,942,6992
2020-12-15T20:00:00Z,10450,262,633,952,7060
2020-12-15T21:00:00Z,10350,255,611,961,7108
2020-12-15T22:00:00Z,10225,247,588,958,7168
2020-12-15T23:00:00Z,10200,240,571,963,7300
2020-12-16T00:00:00Z,10075,233,550,972,7485
2020-12-16T01:00:00Z,9988,225,534,982,7692
2020-12-16T02:00:00Z,9900,222,520,992,7952
2020-12-16T03:00:00Z,9805,222,512,996,8142
2020-12-16T04:00:00Z,9685,218,503,996,8240
2020-12-16T05:00:00Z,9615,213,492,992,8270
2020-12-16T06:00:00Z,9470,210,482,988,8355
2020-12-16T07:00:00Z,9448,201,473,970,8495
2020-12-16T08:00:00Z,9380,198,466,951,8602
2020-12-16T09:00:00Z,9305,193,457,926,8670
2020-12-16T10:00:00Z,9280,182,453,898,8638
2020-12-16T11:00:00Z,9235,174,444,876,8602
2020-12-16T12:00:00Z,9258,164,442,849,8570
2020-12-16T13:00:00Z,9305,158,433,826,8560
2020-12-16T14:00:00Z,9355,153,426,804,8615
2020-12-16T15:00:00Z,9402,151,422,783,8745
2020-12-16T16:00:00Z,9568,151,418,766,8940
2020-12-16T17:00:00Z,9710,155,416,749,9328
2020-12-16T18:00:00Z,9852,162,416,738,9882
2020-12-16T19:00:00Z,9983,172,416,730,10525
2020-12-16T20:00:00Z,10150,180,416,724,11075
2020-12-16T21:00:00Z,10350,183,416,720,11600
2020-12-16T22:00:00Z,10600,201,420,714,12100
2020-12-16T23:00:00Z,10975,220,422,708,12575
2020-12-17T00:00:00Z,11575,261,432,704,12925
2020-12-17T01:00:00Z,12275,334,450,696,13133
2020-12-17T02:00:00Z,12875,482,482,689,13275
2020-12-17T03:00:00Z,13500,638,526,686,13267
2020-12-17T04:00:00Z,14300,750,573,690,13400
2020-12-17T05:00:00Z,15000,810,611,685,13300
2020-12-17T06:00:00Z,15550,841,631,685,13250
2020-12-17T07:00:00Z,16050,836,640,681,13175
2020-12-17T08:00:00Z,16600,814,644,675,13100
2020-12-17T09:00:00Z,17000,795,644,669,13050
2020-12-17T10:00:00Z,17150,775,648,669,12950
2020-12-17T11:00:00Z,17300,744,656,664,12900
2020-12-17T12:00:00Z,17400,698,665,660,12900
2020-12-17T13:00:00Z,17400,647,667,655,12800
2020-12-17T14:00:00Z,17450,597,667,652,12800
2020-12-17T15:00:00Z,17475,554,667,647,12750
2020-12-17T16:00:00Z,17500,520,667,640,12725
2020-12-17T17:00:00Z,17450,494,667,634,12700
2020-12-17T18:00:00Z,17300,478,667,628,12700
2020-12-17T19:00:00Z,17150,458,664,622,12700
2020-12-17T20:00:00Z,17050,444,658,615,12625
2020-12-17T21:00:00Z,16900,435,652,606,12600
2020-12-17T22:00:00Z,16650,428,646,600,12525
2020-12-17T23:00:00Z,16525,422,637,598,12500
2020-12-18T00:00:00Z,16400,414,631,596,12450
2020-12-18T01:00:00Z,16275,404,620,592,12350
2020-12-18T02:00:00Z,16175,398,611,589,12275
2020-12-18T03:00:00Z,16050,388,600,584,12175
2020-12-18T04:00:00Z,15875,378,592,583,12075
2020-12-18T05:00:00Z,15825,369,582,584,12000
2020-12-18T06:00:00Z,15675,358,577,586,11900
2020-12-18T07:00:00Z,15625,348,564,593,11800
2020-12-18T08:00:00Z,15500,338,562,598,11725
2020-12-18T09:00:00Z,15425,327,550,603,11700
2020-12-18T10:00:00Z,15300,314,547,606,11650
2020-12-18T11:00:00Z,15100,303,537,612,11600
2020-12-18T12:00:00Z,15000,291,532,614,11575
2020-12-18T13:00:00Z,14875,282,528,620,11575
2020-12-18T14:00:00Z,14725,272,518,620,11475
2020-12-18T15:00:00Z,14600,267,518,620,11400
2020-12-18T16:00:00Z,14500,263,514,621,11375
2020-12-18T17:00:00Z,14350,259,507,620,11275
2020-12-18T18:00:00Z,14150,263,505,620,11200
2020-12-18T19:00:00Z,14050,261,502,617,11100
2020-12-18T20:00:00Z,13950,258,496,618,11000
2020-12-18T21:00:00Z,13825,254,492,620,10975
2020-12-18T22:00:00Z,13725,250,490,621,10925
2020-12-18T23:00:00Z,13650,247,485,622,10825
2020-12-19T00:00:00Z,13550,243,482,620,10800
2020-12-19T01:00:00Z,13475,240,479,614,10725
2020-12-19T02:00:00Z,13400,236,479,614,10700
2020-12-19T03:00:00Z,13350,235,479,606,10700
2020-12-19T04:00:00Z,13275,234,476,600,10600
2020-12-19T05:00:00Z,13200,230,473,596,10600
2020-12-19T06:00:00Z,13175,227,473,592,10550
2020-12-19T07:00:00Z,13050,224,466,588,10500
2020-12-19T08:00:00Z,12875,220,466,582,10425
2020-12-19T09:00:00Z,12825,212,466,579,10400
2020-12-19T10:00:00Z,12800,206,463,575,10325
2020-12-19T11:00:00Z,12725,200,460,568,10300
2020-12-19T12:00:00Z,12650,191,456,560,10275
2020-12-19T13:00:00Z,12600,185,454,542,10300
2020-12-19T14:00:00Z,12500,181,454,519,10225
2020-12-19T15:00:00Z,12425,177,452,498,10200
2020-12-19T16:00:00Z,12375,172,449,485,10100
2020-12-19T17:00:00Z,12325,172,443,472,10100
2020-12-19T18:00:00Z,12250,172,443,465,10010
2020-12-19T19:00:00Z,12167,185,438,459,9945
2020-12-19T20:00:00Z,12150,188,434,453,9857
2020-12-19T21:00:00Z,12075,191,432,448,9850
2020-12-19T22:00:00Z,12000,193,430,443,9805
2020-12-19T23:00:00Z,11900,189,426,438,9770
2020-12-20T00:00:00Z,11850,186,422,434,9702
2020-12-20T01:00:00Z,11750,180,421,433,9680
2020-12-20T02:00:00Z,11700,179,421,433,9650
2020-12-20T03:00:00Z,11700,181,418,433,9590
2020-12-20T04:00:00Z,11600,177,416,435,9570
2020-12-20T05:00:00Z,11550,176,413,441,9530
2020-12-20T06:00:00Z,11500,172,410,447,9508
2020-12-20T07:00:00Z,11475,169,409,454,9460
2020-12-20T08:00:00Z,11400,164,405,458,9430
2020-12-20T09:00:00Z,11325,161,405,464,9380
2020-12-20T10:00:00Z,11225,159,400,467,9350
2020-12-20T11:00:00Z,11225,151,399,472,9302
2020-12-20T12:00:00Z,11125,146,399,475,9270
2020-12-20T13:00:00Z,11075,142,394,480,9212
2020-12-20T14:00:00Z,11025,138,394,484,9190
2020-12-20T15:00:00Z,11050,136,391,487,9130
2020-12-20T16:00:00Z,10900,133,388,486,9082
2020-12-20T17:00:00Z,10900,133,388,482,9060
2020-12-20T18:00:00Z,10825,137,388,482,9005
2020-12-20T19:00:00Z,10775,141,388,478,8980
2020-12-20T20:00:00Z,10775,157,388,477,8960
2020-12-20T21:00:00Z,10725,169,388,477,8920
2020-12-20T22:00:00Z,10650,170,388,478,8900
2020-12-20T23:00:00Z,10600,175,390,478,8888
2020-12-21T00:00:00Z,10525,172,396,478,8840
2020-12-21T01:00:00Z,10550,177,399,478,8810
2020-12-21T02:00:00Z,10500,177,404,478,8790
2020-12-21T03:00:00Z,10500,180,410,479,8770
2020-12-21T04:00:00Z,10500,182,410,482,8732
2020-12-21T05:00:00Z,10475,182,410,482,8690
2020-12-21T06:00:00Z,10500,182,410,482,8670
2020-12-21T07:00:00Z,10475,178,410,484,8628
2020-12-21T08:00:00Z,10400,179,412,487,8602
2020-12-21T09:00:00Z,10425,173,416,487,8602
2020-12-21T10:00:00Z,10425,166,420,487,8560
2020-12-21T11:00:00Z,10400,161,421,487,8530
2020-12-21T12:00:00Z,10400,154,424,487,8523
2020-12-21T13:00:00Z,10400,149,426,487,8472
2020-12-21T14:00:00Z,10375,146,432,487,8450
2020-12-21T15:00:00Z,10325,144,432,487,8420
2020-12-21T16:00:00Z,10300,145,436,487,8390
2020-12-21T17:00:00Z,10275,150,437,487,8355
2020-12-21T18:00:00Z,10250,153,443,487,8330
2020-12-21T19:00:00Z,10225,166,446,487,8320
2020-12-21T20:00:00Z,10200,172,454,489,8300
2020-12-21T21:00:00Z,10175,173,466,491,8290
2020-12-21T22:00:00Z,10100,180,480,495,8280
2020-12-21T23:00:00Z,10075,186,494,496,8270
2020-12-22T00:00:00Z,10025,189,505,501,8250
2020-12-22T01:00:00Z,10025,194,505,505,8260
2020-12-22T02:00:00Z,10000,198,507,509,8250
2020-12-22T03:00:00Z,10000,200,512,514,8290
2020-12-22T04:00:00Z,10000,202,516,519,8300
2020-12-22T05:00:00Z,10050,206,522,528,8317
2020-12-22T06:00:00Z,10050,208,530,536,8310
2020-12-22T07:00:00Z,10050,208,547,549,8317
2020-12-22T08:00:00Z,10100,207,562,564,8390
2020-12-22T09:00:00Z,10050,203,577,579,8420
2020-12-22T10:00:00Z,10100,207,590,589,8420
2020-12-22T11:00:00Z,10100,203,605,600,8410
2020-12-22T12:00:00Z,10075,198,618,614,8442
2020-12-22T13:00:00Z,10075,193,633,631,8510
2020-12-22T14:00:00Z,10125,188,639,643,8508
2020-12-22T15:00:00Z,10088,182,650,658,8505
2020-12-22T16:00:00Z,10075,182,652,671,8540
2020-12-22T17:00:00Z,10125,188,652,686,8537
2020-12-22T18:00:00Z,10125,191,652,698,8572
2020-12-22T19:00:00Z,10133,193,658,712,8628
2020-12-22T20:00:00Z,10275,197,660,725,8660
2020-12-22T21:00:00Z,10300,198,660,737,8720
2020-12-22T22:00:00Z,10250,198,660,757,8770
2020-12-22T23:00:00Z,10250,197,660,774,8855
2020-12-23T00:00:00Z,10300,198,656,794,9005
2020-12-23T01:00:00Z,10350,196,660,816,9233
2020-12-23T02:00:00Z,10300,196,667,837,9372
2020-12-23T03:00:00Z,10400,193,686,867,9505
2020-12-23T04:00:00Z,10400,193,700,906,9638
2020-12-23T05:00:00Z,10475,193,713,956,9748
2020-12-23T06:00:00Z,10475,193,728,1014,9838
2020-12-23T07:00:00Z,10575,191,732,1070,9932
2020-12-23T08:00:00Z,10600,192,736,1130,10050
2020-12-23T09:00:00Z,10700,193,736,1182,10100
2020-12-23T10:00:00Z,10725,187,728,1228,10150
2020-12-23T11:00:00Z,10800,182,728,1265,10267
2020-12-23T12:00:00Z,10875,171,711,1298,10300
2020-12-23T13:00:00Z,10975,164,700,1330,10375
2020-12-23T14:00:00Z,11075,158,692,1360,10475
2020-12-23T15:00:00Z,11175,156,682,1395,10533
2020-12-23T16:00:00Z,11225,154,671,1445,10600
2020-12-23T17:00:00Z,11325,152,664,1500,10675
2020-12-23T18:00:00Z,11450,161,654,1548,10700
2020-12-23T19:00:00Z,11525,170,644,1590,10867
2020-12-23T20:00:00Z,11650,171,635,1620,11075
2020-12-23T21:00:00Z,11725,167,627,1630,11225
2020-12-23T22:00:00Z,11825,164,622,1625,11375
2020-12-23T23:00:00Z,11950,164,611,1622,11525
2020-12-24T00:00:00Z,11975,162,605,1625,11675
2020-12-24T01:00:00Z,12025,159,596,1618,11850
2020-12-24T02:00:00Z,12125,158,592,1605,12075
2020-12-24T03:00:00Z,12225,158,580,1590,12250
2020-12-24T04:00:00Z,12300,158,577,1578,12475
2020-12-24T05:00:00Z,12400,156,577,1565,12625
2020-12-24T06:00:00Z,12475,161,571,1552,12850
2020-12-24T07:00:00Z,12600,156,562,1542,13100
2020-12-24T08:00:00Z,12725,154,562,1528,13325
2020-12-24T09:00:00Z,12850,147,560,1502,13625
2020-12-24T10:00:00Z,12950,146,554,1478,13900
2020-12-24T11:00:00Z,13175,142,554,1448,14175
2020-12-24T12:00:00Z,13325,141,549,1420,14475
2020-12-24T13:00:00Z,13450,136,547,1398,14775
2020-12-24T14:00:00Z,13650,133,547,1380,15075
2020-12-24T15:00:00Z,13800,137,547,1365,15400
2020-12-24T16:00:00Z,13975,146,552,1375,15700
2020-12-24T17:00:00Z,14300,176,575,1410,15900
2020-12-24T18:00:00Z,14575,218,641,1500,16250
2020-12-24T19:00:00Z,14775,293,749,1652,16575
2020-12-24T20:00:00Z,15050,405,890,1795,16875
2020-12-24T21:00:00Z,15425,469,1137,1958,17233
2020-12-24T22:00:00Z,16100,592,1802,2278,17800
2020-12-24T23:00:00Z,17825,976,2792,2970,18550
2020-12-25T00:00:00Z,19825,1405,3385,3678,19550
2020-12-25T01:00:00Z,21200,1412,3848,4452,20650
2020-12-25T02:00:00Z,22925,1268,4310,5310,21575
2020-12-25T03:00:00Z,25350,1199,4698,6410,22100
2020-12-25T04:00:00Z,28100,1205,5175,7672,22425
2020-12-25T05:00:00Z,31725,1342,5740,8528,22775
2020-12-25T06:00:00Z,34100,1573,6225,9275,23275
2020-12-25T07:00:00Z,35375,1736,6615,9778,24200
2020-12-25T08:00:00Z,36700,1768,6928,10450,25375
2020-12-25T09:00:00Z,38975,1794,7180,10950,26450
2020-12-25T10:00:00Z,42050,1792,7362,11550,27350
2020-12-25T11:00:00Z,44750,1768,7475,12125,28250
2020-12-25T12:00:00Z,47200,1754,7510,12625,29325
2020-12-25T13:00:00Z,49275,1706,7500,13225,30400
2020-12-25T14:00:00Z,51125,1628,7398,13900,31800
2020-12-25T15:00:00Z,52700,1522,7190,14550,33375
2020-12-25T16:00:00Z,54075,1384,6892,15175,34925
2020-12-25T17:00:00Z,55125,1239,6478,15825,36600
2020-12-25T18:00:00Z,56000,1106,5950,16625,38325
2020-12-25T19:00:00Z,56833,990,5372,17325,40100
2020-12-25T20:00:00Z,57425,910,4832,17900,42125
2020-12-25T21:00:00Z,58275,849,4362,18400,44300
2020-12-25T22:00:00Z,59275,802,3998,18600,46425
2020-12-25T23:00:00Z,60200,758,3685,18500,48450
2020-12-26T00:00:00Z,61125,726,3430,18400,50375
2020-12-26T01:00:00Z,62300,699,3210,18175,52250
2020-12-26T02:00:00Z,63500,669,3032,17825,54000
2020-12-26T03:00:00Z,64700,642,2882,17350,55750
2020-12-26T04:00:00Z,65950,619,2760,16600,57400
2020-12-26T05:00:00Z,67550,597,2655,15650,58975
2020-12-26T06:00:00Z,68900,578,2548,14375,60525
2020-12-26T07:00:00Z,70800,557,2435,12800,62100
2020-12-26T08:00:00Z,72050,540,2330,11025,63475
2020-12-26T09:00:00Z,73850,521,2222,9285,64875
2020-12-26T10:00:00Z,75000,505,2110,7775,66050
2020-12-26T11:00:00Z,76450,489,2012,6615,67050
2020-12-26T12:00:00Z,77675,476,1928,5750,67775
2020-12-26T13:00:00Z,78650,463,1845,5140,68275
2020-12-26T14:00:00Z,79750,450,1768,4692,68550
2020-12-26T15:00:00Z,80550,440,1702,4362,68600
2020-12-26T16:00:00Z,80700,431,1650,4102,68525
2020-12-26T17:00:00Z,80950,423,1598,3888,68375
2020-12-26T18:00:00Z,80550,421,1555,3720,68175
2020-12-26T19:00:00Z,80350,416,1508,3562,67975
2020-12-26T20:00:00Z,79850,417,1462,3422,67675
2020-12-26T21:00:00Z,79150,412,1422,3288,67475
2020-12-26T22:00:00Z,78400,402,1398,3178,67225
2020-12-26T23:00:00Z,77700,396,1360,3070,66950
2020-12-27T00:00:00Z,77225,388,1340,2972,66575
2020-12-27T01:00:00Z,76550,383,1318,2878,66175
2020-12-27T02:00:00Z,75900,373,1290,2800,65600
2020-12-27T03:00:00Z,75500,368,1270,2722,64875
2020-12-27T04:00:00Z,75250,364,1252,2650,64000
2020-12-27T05:00:00Z,74700,358,1232,2585,63075
2020-12-27T06:00:00Z,74300,352,1220,2520,62000
2020-12-27T07:00:00Z,73550,344,1190,2462,60825
2020-12-27T08:00:00Z,73000,336,1170,2408,59625
2020-12-27T09:00:00Z,72400,330,1155,2355,58325
2020-12-27T10:00:00Z,71500,323,1135,2302,57025
2020-12-27T11:00:00Z,70750,315,1118,2258,55650
2020-12-27T12:00:00Z,70050,306,1098,2212,54400
2020-12-27T13:00:00Z,68950,297,1080,2168,53075
2020-12-27T14:00:00Z,67800,290,1055,2130,51725
2020-12-27T15:00:00Z,66600,286,1038,2098,50475
2020-12-27T16:00:00Z,65400,281,1018,2058,49175
2020-12-27T17:00:00Z,64100,277,1002,2018,47975
2020-12-27T18:00:00Z,62950,281,985,1985,46825
2020-12-27T19:00:00Z,61600,285,969,1950,45650
2020-12-27T20:00:00Z,60475,287,954,1918,44550
2020-12-27T21:00:00Z,59175,290,945,1890,43525
2020-12-27T22:00:00Z,58025,287,934,1855,42575
2020-12-27T23:00:00Z,56650,285,925,1825,41650
2020-12-28T00:00:00Z,55550,280,910,1802,40775
2020-12-28T01:00:00Z,54200,275,904,1788,39975
2020-12-28T02:00:00Z,53175,269,894,1760,39150
2020-12-28T03:00:00Z,51900,266,877,1742,38400
2020-12-28T04:00:00Z,50875,265,873,1722,37650
2020-12-28T05:00:00Z,49825,262,864,1700,36950
2020-12-28T06:00:00Z,48800,258,858,1680,36325
2020-12-28T07:00:00Z,47800,257,852,1658,35650
2020-12-28T08:00:00Z,46925,250,848,1635,35025
2020-12-28T09:00:00Z,45850,243,840,1620,34475
2020-12-28T10:00:00Z,44925,236,834,1598,33900
2020-12-28T11:00:00Z,44200,231,830,1575,33400
2020-12-28T12:00:00Z,43425,224,820,1565,32875
2020-12-28T13:00:00Z,42650,219,812,1548,32400
2020-12-28T14:00:00Z,41900,214,806,1530,31875
2020-12-28T15:00:00Z,41250,213,800,1522,31400
2020-12-28T16:00:00Z,40550,209,792,1515,30950
2020-12-28T17:00:00Z,39800,210,783,1510,30500
2020-12-28T18:00:00Z,39175,218,777,1505,30125
2020-12-28T19:00:00Z,38575,223,773,1488,29750
2020-12-28T20:00:00Z,37933,227,769,1475,29350
2020-12-28T21:00:00Z,37425,224,762,1460,28950
2020-12-28T22:00:00Z,36850,224,756,1432,28625
2020-12-28T23:00:00Z,36300,224,754,1422,28300
2020-12-29T00:00:00Z,35800,218,747,1420,28000
2020-12-29T01:00:00Z,35250,218,745,1402,27675
2020-12-29T02:00:00Z,34850,216,739,1392,27400
2020-12-29T03:00:00Z,34325,211,734,1380,27075
2020-12-29T04:00:00Z,33925,214,726,1375,26800
2020-12-29T05:00:00Z,33525,214,717,1362,26425
2020-12-29T06:00:00Z,33050,212,717,1348,26175
2020-12-29T07:00:00Z,32625,209,717,1342,25900
2020-12-29T08:00:00Z,32225,204,714,1340,25600
2020-12-29T09:00:00Z,31850,196,705,1332,25325
2020-12-29T10:00:00Z,31425,191,701,1325,25075
2020-12-29T11:00:00Z,31100,188,692,1318,24825
2020-12-29T12:00:00Z,30725,182,689,1310,24525
2020-12-29T13:00:00Z,30525,173,684,1308,24275
2020-12-29T14:00:00Z,30025,170,682,1298,24075
2020-12-29T15:00:00Z,29700,166,675,1290,23675
2020-12-29T16:00:00Z,29425,166,667,1285,23600
2020-12-29T17:00:00Z,29225,168,658,1278,23425
2020-12-29T18:00:00Z,28725,173,653,1270,23225
2020-12-29T19:00:00Z,28550,180,646,1270,23025
2020-12-29T20:00:00Z,28300,182,639,1260,22850
2020-12-29T21:00:00Z,27975,182,634,1252,22650
2020-12-29T22:00:00Z,27525,180,628,1242,22450
2020-12-29T23:00:00Z,27250,177,622,1240,22200
2020-12-30T00:00:00Z,26975,179,618,1232,22075
2020-12-30T01:00:00Z,26725,174,613,1228,21900
2020-12-30T02:00:00Z,26475,171,611,1215,21750
2020-12-30T03:00:00Z,26250,171,604,1210,21550
2020-12-30T04:00:00Z,26100,171,597,1202,21350
2020-12-30T05:00:00Z,25800,171,590,1188,21175
2020-12-30T06:00:00Z,25525,170,586,1180,21000
2020-12-30T07:00:00Z,25325,166,580,1172,20850
2020-12-30T08:00:00Z,25100,165,575,1160,20650
2020-12-30T09:00:00Z,24800,159,570,1155,20550
2020-12-30T10:00:00Z,24600,153,568,1140,20375
2020-12-30T11:00:00Z,24450,145,564,1130,20200
2020-12-30T12:00:00Z,24150,146,561,1125,20025
2020-12-30T13:00:00Z,23950,140,558,1112,19875
2020-12-30T14:00:00Z,23750,137,547,1108,19725
2020-12-30T15:00:00Z,23600,137,547,1095,19550
2020-12-30T16:00:00Z,23375,138,547,1080,19350
2020-12-30T17:00:00Z,23200,138,547,1080,19250
2020-12-30T18:00:00Z,22950,138,540,1065,19075
2020-12-30T19:00:00Z,22775,151,538,1060,18925
2020-12-30T20:00:00Z,22625,159,533,1052,18900
2020-12-30T21:00:00Z,22375,156,533,1042,18775
2020-12-30T22:00:00Z,22225,156,533,1040,18650
2020-12-30T23:00:00Z,22000,156,533,1030,18475
2020-12-31T00:00:00Z,21850,153,533,1022,18400
2020-12-31T01:00:00Z,21725,150,528,1010,18325
2020-12-31T02:00:00Z,21450,153,527,1010,18200
2020-12-31T03:00:00Z,21350,151,527,1002,18075
2020-12-31T04:00:00Z,21200,151,522,999,17975
2020-12-31T05:00:00Z,20975,156,520,992,17900
2020-12-31T06:00:00Z,20925,154,520,987,17775
2020-12-31T07:00:00Z,20750,151,520,980,17675
2020-12-31T08:00:00Z,20575,148,520,978,17550
2020-12-31T09:00:00Z,20425,145,518,973,17450
2020-12-31T10:00:00Z,20200,139,514,966,17375
2020-12-31T11:00:00Z,20100,136,514,964,17225
2020-12-31T12:00:00Z,20025,136,514,962,17050
2020-12-31T13:00:00Z,19850,129,508,959,16975
2020-12-31T14:00:00Z,19725,126,508,957,16850
2020-12-31T15:00:00Z,19625,126,508,960,16725
2020-12-31T16:00:00Z,19525,126,502,957,16575
2020-12-31T17:00:00Z,19300,126,495,957,16375
2020-12-31T18:00:00Z,19225,131,495,957,16325
2020-12-31T19:00:00Z,19100,138,495,957,16225
2020-12-31T20:00:00Z,18967,141,495,957,16150
2020-12-31T21:00:00Z,18800,145,495,955,16025
2020-12-31T22:00:00Z,18675,146,489,952,15900
2020-12-31T23:00:00Z,18600,145,483,950,15800
2021-01-01T00:00:00Z,18525,146,483,948,15725
2021-01-01T01:00:00Z,18275,145,483,943,15625
2021-01-01T02:00:00Z,18200,143,483,940,15500
2021-01-01T03:00:00Z,18100,143,483,936,15375
2021-01-01T04:00:00Z,17950,144,483,936,15250
2021-01-01T05:00:00Z,17775,142,476,931,15075
2021-01-01T06:00:00Z,17650,141,471,927,14925
2021-01-01T07:00:00Z,17600,136,471,924,14775
2021-01-01T08:00:00Z,17475,131,471,915,14675
2021-01-01T09:00:00Z,17350,130,471,913,14600
2021-01-01T10:00:00Z,17200,126,465,908,14525
2021-01-01T11:00:00Z,17100,124,459,904,14500
2021-01-01T12:00:00Z,16975,123,459,901,14450
2021-01-01T13:00:00Z,16900,120,459,901,14400
2021-01-01T14:00:00Z,16825,117,459,896,14375
2021-01-01T15:00:00Z,16600,115,454,889,14300
2021-01-01T16:00:00Z,16575,114,454,884,14275
2021-01-01T17:00:00Z,16475,116,454,880,14200
2021-01-01T18:00:00Z,16375,116,453,875,14125
2021-01-01T19:00:00Z,16300,118,449,873,14050
2021-01-01T20:00:00Z,16225,124,449,876,13975
2021-01-01T21:00:00Z,16125,133,449,885,13925
2021-01-01T22:00:00Z,16100,149,449,910,13975
2021-01-01T23:00:00Z,16200,168,455,984,14075
2021-01-02T00:00:00Z,16350,204,478,1108,14175
2021-01-02T01:00:00Z,16750,282,538,1295,14375
2021-01-02T02:00:00Z,17350,476,643,1532,14675
2021-01-02T03:00:00Z,17950,711,766,1772,15300
2021-01-02T04:00:00Z,18200,850,888,2040,16100
2021-01-02T05:00:00Z,18425,891,1066,2480,16850
2021-01-02T06:00:00Z,18925,911,1270,3138,17475
2021-01-02T07:00:00Z,19500,940,1412,3740,17775
2021-01-02T08:00:00Z,20050,977,1550,4218,17725
2021-01-02T09:00:00Z,20625,977,1680,4618,17475
2021-01-02T10:00:00Z,20925,930,1792,4968,17225
2021-01-02T11:00:00Z,21200,859,1878,5305,16975
2021-01-02T12:00:00Z,21500,771,1910,5605,16825
2021-01-02T13:00:00Z,22000,687,1875,5852,16750
2021-01-02T14:00:00Z,22525,624,1800,6085,16675
2021-01-02T15:00:00Z,23200,578,1700,6450,16600
2021-01-02T16:00:00Z,23775,542,1598,6608,16400
2021-01-02T17:00:00Z,24350,516,1500,6635,16400
2021-01-02T18:00:00Z,24800,498,1392,6585,16333
2021-01-02T19:00:00Z,25050,482,1312,6490,16300
2021-01-02T20:00:00Z,25325,471,1242,6322,16300
2021-01-02T21:00:00Z,25475,458,1178,6108,16400
2021-01-02T22:00:00Z,25600,445,1125,5842,16600
2021-01-02T23:00:00Z,25725,432,1075,5548,16800
2021-01-03T00:00:00Z,25750,420,1035,5262,17025
2021-01-03T01:00:00Z,25800,408,1000,4958,17350
2021-01-03T02:00:00Z,25725,396,976,4680,17575
2021-01-03T03:00:00Z,25650,386,949,4410,17850
2021-01-03T04:00:00Z,25550,379,921,4170,18075
2021-01-03T05:00:00Z,25425,370,900,3962,18400
2021-01-03T06:00:00Z,25425,361,875,3772,18675
2021-01-03T07:00:00Z,25350,354,858,3608,19000
2021-01-03T08:00:00Z,25300,347,840,3458,19250
2021-01-03T09:00:00Z,25150,340,828,3315,19575
2021-01-03T10:00:00Z,25100,330,822,3192,19800
2021-01-03T11:00:00Z,25125,329,814,3088,20025
2021-01-03T12:00:00Z,25125,329,808,2998,20250
2021-01-03T13:00:00Z,25250,332,808,2920,20450
2021-01-03T14:00:00Z,25300,340,808,2845,20625
2021-01-03T15:00:00Z,25375,353,810,2772,20750
2021-01-03T16:00:00Z,25350,363,816,2705,20925
2021-01-03T17:00:00Z,25450,373,824,2642,21175
2021-01-03T18:00:00Z,25650,375,824,2598,21475
2021-01-03T19:00:00Z,25750,375,836,2552,21925
2021-01-03T20:00:00Z,25875,375,840,2530,22450
2021-01-03T21:00:00Z,25875,376,848,2510,23125
2021-01-03T22:00:00Z,26050,381,858,2495,23900
2021-01-03T23:00:00Z,26000,378,871,2478,24700
2021-01-04T00:00:00Z,26050,380,879,2450,25500
2021-01-04T01:00:00Z,26100,379,887,2428,26225
2021-01-04T02:00:00Z,26225,377,889,2405,26875
2021-01-04T03:00:00Z,26450,373,889,2392,27350
2021-01-04T04:00:00Z,26650,364,889,2382,27800
2021-01-04T05:00:00Z,27075,359,889,2372,28150
2021-01-04T06:00:00Z,27475,353,889,2370,28400
2021-01-04T07:00:00Z,28025,346,887,2365,28650
2021-01-04T08:00:00Z,28575,338,879,2352,28825
2021-01-04T09:00:00Z,29225,332,873,2335,28975
2021-01-04T10:00:00Z,29825,321,868,2328,29125
2021-01-04T11:00:00Z,30500,313,856,2320,29250
2021-01-04T12:00:00Z,31100,303,844,2310,29350
2021-01-04T13:00:00Z,31625,296,836,2310,29425
2021-01-04T14:00:00Z,32075,290,824,2310,29500
2021-01-04T15:00:00Z,32425,284,816,2312,29500
2021-01-04T16:00:00Z,32750,280,806,2332,29425
2021-01-04T17:00:00Z,33000,281,790,2360,29350
2021-01-04T18:00:00Z,33250,286,781,2382,29225
2021-01-04T19:00:00Z,33400,284,773,2410,29125
2021-01-04T20:00:00Z,33500,281,764,2422,29067
2021-01-04T21:00:00Z,33575,277,758,2418,29000
2021-01-04T22:00:00Z,33600,276,750,2398,28900
2021-01-04T23:00:00Z,33600,268,745,2372,28800
2021-01-05T00:00:00Z,33600,266,736,2342,28675
2021-01-05T01:00:00Z,33600,264,723,2305,28475
2021-01-05T02:00:00Z,33525,260,717,2260,28350
2021-01-05T03:00:00Z,33525,259,717,2215,28175
2021-01-05T04:00:00Z,33475,260,715,2170,28050
2021-01-05T05:00:00Z,33350,258,710,2125,27925
2021-01-05T06:00:00Z,33350,255,705,2088,27750
2021-01-05T07:00:00Z,33150,252,703,2050,27575
2021-01-05T08:00:00Z,33100,245,700,2012,27450
2021-01-05T09:00:00Z,32925,240,692,1978,27325
2021-01-05T10:00:00Z,32800,234,689,1948,27150
2021-01-05T11:00:00Z,32600,227,687,1920,27025
2021-01-05T12:00:00Z,32475,218,680,1892,26900
2021-01-05T13:00:00Z,32275,215,675,1865,26750
2021-01-05T14:00:00Z,32100,211,675,1840,26550
2021-01-05T15:00:00Z,31950,210,675,1820,26375
2021-01-05T16:00:00Z,31750,213,667,1805,26250
2021-01-05T17:00:00Z,31575,213,667,1788,26075
2021-01-05T18:00:00Z,31400,218,662,1770,25925
2021-01-05T19:00:00Z,31200,223,660,1762,25750
2021-01-05T20:00:00Z,31000,219,658,1742,25650
2021-01-05T21:00:00Z,30775,219,653,1728,25450
2021-01-05T22:00:00Z,30625,216,648,1710,25300
2021-01-05T23:00:00Z,30375,218,646,1692,25125
2021-01-06T00:00:00Z,30200,217,646,1672,24925
2021-01-06T01:00:00Z,29975,213,641,1655,24750
2021-01-06T02:00:00Z,29775,210,639,1645,24550
2021-01-06T03:00:00Z,29625,209,634,1622,24375
2021-01-06T04:00:00Z,29375,209,632,1605,24225
2021-01-06T05:00:00Z,29200,211,632,1590,24075
2021-01-06T06:00:00Z,29050,212,627,1582,23950
2021-01-06T07:00:00Z,28850,208,625,1568,23800
2021-01-06T08:00:00Z,28550,203,618,1550,23650
2021-01-06T09:00:00Z,28475,197,618,1532,23525
2021-01-06T10:00:00Z,28175,190,614,1525,23350
2021-01-06T11:00:00Z,28050,186,604,1515,23225
2021-01-06T12:00:00Z,27850,178,604,1498,23050
2021-01-06T13:00:00Z,27600,174,604,1485,22850
2021-01-06T14:00:00Z,27425,171,600,1478,22725
2021-01-06T15:00:00Z,27275,168,597,1465,22550
2021-01-06T16:00:00Z,27050,168,590,1445,22350
2021-01-06T17:00:00Z,26900,174,586,1440,22225
2021-01-06T18:00:00Z,26725,181,578,1440,22100
2021-01-06T19:00:00Z,26600,184,575,1428,21950
2021-01-06T20:00:00Z,26275,184,572,1412,21825
2021-01-06T21:00:00Z,26175,188,561,1400,21650
2021-01-06T22:00:00Z,25925,186,561,1390,21550
2021-01-06T23:00:00Z,25750,182,559,1375,21375
2021-01-07T00:00:00Z,25600,180,554,1360,21250
2021-01-07T01:00:00Z,25400,182,554,1350,21100
2021-01-07T02:00:00Z,25200,177,547,1345,20975
2021-01-07T03:00:00Z,24975,178,547,1330,20850
2021-01-07T04:00:00Z,24775,177,547,1320,20750
2021-01-07T05:00:00Z,24575,177,540,1312,20625
2021-01-07T06:00:00Z,24500,178,535,1300,20475
2021-01-07T07:00:00Z,24275,176,533,1288,20400
2021-01-07T08:00:00Z,24100,171,533,1280,20300
2021-01-07T09:00:00Z,23950,165,533,1272,20150
2021-01-07T10:00:00Z,23775,161,533,1260,20000
2021-01-07T11:00:00Z,23625,156,527,1250,19875
2021-01-07T12:00:00Z,23500,149,527,1248,19750
2021-01-07T13:00:00Z,23250,144,520,1240,19675
2021-01-07T14:00:00Z,23150,142,520,1225,19550
2021-01-07T15:00:00Z,23125,142,517,1220,19400
2021-01-07T16:00:00Z,22825,143,514,1215,19200
2021-01-07T17:00:00Z,22750,146,512,1200,19150
2021-01-07T18:00:00Z,22700,153,508,1192,19000
2021-01-07T19:00:00Z,22600,159,508,1190,18900
2021-01-07T20:00:00Z,22350,161,508,1185,18775
2021-01-07T21:00:00Z,22275,157,501,1175,18700
2021-01-07T22:00:00Z,22125,160,501,1160,18550
2021-01-07T23:00:00Z,21900,156,498,1160,18475
2021-01-08T00:00:00Z,21725,159,495,1155,18400
2021-01-08T01:00:00Z,21600,156,495,1148,18325
2021-01-08T02:00:00Z,21425,154,495,1140,18250
2021-01-08T03:00:00Z,21250,156,492,1132,18125
2021-01-08T04:00:00Z,21100,156,488,1130,18025
2021-01-08T05:00:00Z,20975,156,483,1125,17925
2021-01-08T06:00:00Z,20850,158,483,1118,17900
2021-01-08T07:00:00Z,20750,159,483,1110,17825
2021-01-08T08:00:00Z,20600,154,483,1105,17750
2021-01-08T09:00:00Z,20475,149,483,1092,17625
2021-01-08T10:00:00Z,20250,143,482,1085,17525
2021-01-08T11:00:00Z,20175,138,477,1080,17425
2021-01-08T12:00:00Z,20050,134,477,1070,17350
2021-01-08T13:00:00Z,19900,130,474,1070,17200
2021-01-08T14:00:00Z,19800,129,471,1062,17067
2021-01-08T15:00:00Z,19725,129,471,1060,16975
2021-01-08T16:00:00Z,19600,131,471,1060,16875
2021-01-08T17:00:00Z,19525,130,471,1052,16750
2021-01-08T18:00:00Z,19400,137,468,1050,16600
2021-01-08T19:00:00Z,19275,148,459,1042,16475
2021-01-08T20:00:00Z,19200,146,459,1040,16400
2021-01-08T21:00:00Z,19100,144,459,1038,16300
2021-01-08T22:00:00Z,19000,146,459,1028,16225
2021-01-08T23:00:00Z,18800,146,459,1020,16100
2021-01-09T00:00:00Z,18750,142,459,1012,16025
2021-01-09T01:00:00Z,18625,141,459,1010,15900
2021-01-09T02:00:00Z,18500,143,459,1010,15850
2021-01-09T03:00:00Z,18400,144,459,1010,15775
2021-01-09T04:00:00Z,18300,146,456,1002,15675
2021-01-09T05:00:00Z,18125,146,454,998,15525
2021-01-09T06:00:00Z,18050,146,454,993,15500
2021-01-09T07:00:00Z,18000,143,454,985,15400
2021-01-09T08:00:00Z,17800,141,450,978,15325
2021-01-09T09:00:00Z,17725,137,449,978,15250
2021-01-09T10:00:00Z,17650,132,449,971,15200
2021-01-09T11:00:00Z,17600,130,449,971,15100
2021-01-09T12:00:00Z,17525,127,448,964,15050
2021-01-09T13:00:00Z,17450,123,443,964,14950
2021-01-09T14:00:00Z,17300,122,443,960,14850
2021-01-09T15:00:00Z,17200,120,442,955,14675
2021-01-09T16:00:00Z,17150,120,438,950,14600
2021-01-09T17:00:00Z,17075,121,438,943,14600
2021-01-09T18:00:00Z,16975,122,438,936,14500
2021-01-09T19:00:00Z,16950,129,436,934,14367
2021-01-09T20:00:00Z,16825,138,433,929,14300
2021-01-09T21:00:00Z,16750,141,430,927,14300
2021-01-09T22:00:00Z,16600,144,428,912,14300
2021-01-09T23:00:00Z,16525,142,428,904,14200
2021-01-10T00:00:00Z,16425,140,424,892,14175
2021-01-10T01:00:00Z,16350,141,423,885,14100
2021-01-10T02:00:00Z,16300,137,422,880,13975
2021-01-10T03:00:00Z,16200,134,418,876,13950
2021-01-10T04:00:00Z,16150,135,418,876,13800
2021-01-10T05:00:00Z,16100,133,418,870,13800
2021-01-10T06:00:00Z,15900,133,418,865,13750
2021-01-10T07:00:00Z,15850,132,418,860,13650
2021-01-10T08:00:00Z,15725,130,417,856,13533
2021-01-10T09:00:00Z,15675,126,413,850,13500
2021-01-10T10:00:00Z,15600,124,413,847,13400
2021-01-10T11:00:00Z,15525,121,412,840,13400
2021-01-10T12:00:00Z,15500,119,408,834,13333
2021-01-10T13:00:00Z,15400,114,408,827,13300
2021-01-10T14:00:00Z,15400,112,408,826,13225
2021-01-10T15:00:00Z,15200,111,406,821,13200
2021-01-10T16:00:00Z,15150,111,403,818,13100
2021-01-10T17:00:00Z,15125,112,403,812,13025
2021-01-10T18:00:00Z,15050,114,403,808,12900
2021-01-10T19:00:00Z,15000,118,400,805,12900
2021-01-10T20:00:00Z,14900,127,397,802,12850
2021-01-10T21:00:00Z,14900,132,396,800,12825
2021-01-10T22:00:00Z,14775,133,392,791,12733
2021-01-10T23:00:00Z,14750,133,392,783,12633
2021-01-11T00:00:00Z,14700,131,391,777,12575
2021-01-11T01:00:00Z,14575,127,387,777,12500
2021-01-11T02:00:00Z,14525,127,387,782,12475
2021-01-11T03:00:00Z,14500,126,387,778,12375
2021-01-11T04:00:00Z,14400,128,387,777,12325
2021-01-11T05:00:00Z,14350,128,384,777,12275
2021-01-11T06:00:00Z,14200,127,381,771,12175
2021-01-11T07:00:00Z,14200,126,381,771,12100
2021-01-11T08:00:00Z,14100,125,381,768,12025
2021-01-11T09:00:00Z,14050,121,380,765,12000
2021-01-11T10:00:00Z,13950,118,376,758,11925
2021-01-11T11:00:00Z,13900,114,376,755,11875
2021-01-11T12:00:00Z,13825,110,376,752,11800
2021-01-11T13:00:00Z,13800,108,375,748,11750
2021-01-11T14:00:00Z,13700,106,371,744,11700
2021-01-11T15:00:00Z,13675,106,371,740,11650
2021-01-11T16:00:00Z,13600,107,367,738,11600
2021-01-11T17:00:00Z,13575,110,366,734,11525
2021-01-11T18:00:00Z,13500,115,364,734,11475
2021-01-11T19:00:00Z,13425,119,361,728,11400
2021-01-11T20:00:00Z,13375,123,361,728,11400
2021-01-11T21:00:00Z,13267,122,361,722,11400
2021-01-11T22:00:00Z,13200,120,361,718,11325
2021-01-11T23:00:00Z,13100,121,361,716,11300
2021-01-12T00:00:00Z,13100,118,361,713,11225
2021-01-12T01:00:00Z,12900,121,361,710,11200
2021-01-12T02:00:00Z,12875,120,361,714,11125
2021-01-12T03:00:00Z,12800,120,361,710,11100
2021-01-12T04:00:00Z,12750,122,361,710,11050
2021-01-12T05:00:00Z,12700,123,361,708,11000
2021-01-12T06:00:00Z,12700,122,361,706,10950
2021-01-12T07:00:00Z,12625,125,361,704,10925
2021-01-12T08:00:00Z,12575,121,361,704,10900
2021-01-12T09:00:00Z,12550,118,361,704,10875
2021-01-12T10:00:00Z,12475,114,356,698,10800
2021-01-12T11:00:00Z,12500,111,355,698,10800
2021-01-12T12:00:00Z,12400,107,355,698,10750
2021-01-12T13:00:00Z,12350,105,355,693,10700
2021-01-12T14:00:00Z,12300,104,355,693,10675
2021-01-12T15:00:00Z,12300,104,355,690,10600
2021-01-12T16:00:00Z,12275,105,355,687,10575
2021-01-12T17:00:00Z,12250,107,355,686,10500
2021-01-12T18:00:00Z,12200,110,350,687,10425
2021-01-12T19:00:00Z,12200,117,350,688,10375
2021-01-12T20:00:00Z,12150,117,350,687,10325
2021-01-12T21:00:00Z,12150,118,350,687,10300
2021-01-12T22:00:00Z,12075,118,346,680,10250
2021-01-12T23:00:00Z,12000,118,345,672,10200
2021-01-13T00:00:00Z,11975,117,345,671,10175
2021-01-13T01:00:00Z,11900,116,345,667,10125
2021-01-13T02:00:00Z,11875,114,345,664,10100
2021-01-13T03:00:00Z,11800,117,345,664,10100
2021-01-13T04:00:00Z,11800,118,345,658,10075
2021-01-13T05:00:00Z,11725,121,345,658,10000
2021-01-13T06:00:00Z,11675,120,345,658,9992
2021-01-13T07:00:00Z,11675,118,345,658,9972
2021-01-13T08:00:00Z,11600,119,345,653,9932
2021-01-13T09:00:00Z,11550,116,345,653,9920
2021-01-13T10:00:00Z,11500,110,345,652,9870
2021-01-13T11:00:00Z,11475,108,345,650,9840
2021-01-13T12:00:00Z,11400,105,345,650,9830
2021-01-13T13:00:00Z,11400,103,345,647,9770
2021-01-13T14:00:00Z,11350,102,345,643,9738
2021-01-13T15:00:00Z,11225,101,345,640,9670
2021-01-13T16:00:00Z,11275,103,344,636,9615
2021-01-13T17:00:00Z,11200,105,340,639,9580
2021-01-13T18:00:00Z,11225,108,340,638,9550
2021-01-13T19:00:00Z,11200,112,334,640,9540
2021-01-13T20:00:00Z,11150,117,334,639,9482
2021-01-13T21:00:00Z,11125,114,334,640,9438
2021-01-13T22:00:00Z,11100,114,334,634,9405
2021-01-13T23:00:00Z,11075,113,334,625,9350
2021-01-14T00:00:00Z,11025,114,334,625,9360
2021-01-14T01:00:00Z,10975,114,334,620,9315
2021-01-14T02:00:00Z,10900,114,333,621,9270
2021-01-14T03:00:00Z,10900,114,329,622,9225
2021-01-14T04:00:00Z,10900,114,329,624,9202
2021-01-14T05:00:00Z,10850,116,325,621,9160
2021-01-14T06:00:00Z,10800,115,324,620,9120
2021-01-14T07:00:00Z,10800,117,324,620,9072
2021-01-14T08:00:00Z,10800,114,324,620,9018
2021-01-14T09:00:00Z,10725,113,324,619,8980
2021-01-14T10:00:00Z,10675,107,324,618,8950
2021-01-14T11:00:00Z,10675,104,324,616,8910
2021-01-14T12:00:00Z,10625,105,324,615,8900
2021-01-14T13:00:00Z,10600,102,324,612,8920
2021-01-14T14:00:00Z,10575,100,324,614,8930
2021-01-14T15:00:00Z,10500,100,324,609,8940
2021-01-14T16:00:00Z,10500,101,324,606,8940
2021-01-14T17:00:00Z,10450,105,324,608,8930
2021-01-14T18:00:00Z,10400,110,324,609,8875
2021-01-14T19:00:00Z,10375,116,324,606,8830
2021-01-14T20:00:00Z,10300,114,319,608,8800
2021-01-14T21:00:00Z,10333,115,319,609,8770
2021-01-14T22:00:00Z,10225,114,319,605,8720
2021-01-14T23:00:00Z,10200,114,319,604,8680
2021-01-15T00:00:00Z,10150,112,316,604,8660
2021-01-15T01:00:00Z,10100,111,314,605,8640
2021-01-15T02:00:00Z,10100,112,314,609,8602
2021-01-15T03:00:00Z,10075,112,314,605,8590
2021-01-15T04:00:00Z,10100,112,314,604,8560
2021-01-15T05:00:00Z,10075,114,314,604,8540
2021-01-15T06:00:00Z,10075,117,314,605,8540
2021-01-15T07:00:00Z,10050,116,310,608,8510
2021-01-15T08:00:00Z,10025,113,310,606,8485
2021-01-15T09:00:00Z,9988,110,310,604,8450
2021-01-15T10:00:00Z,9988,106,310,599,8420
2021-01-15T11:00:00Z,9950,104,310,598,8410
2021-01-15T12:00:00Z,9925,102,310,594,8365
2021-01-15T13:00:00Z,9900,99,310,592,8300
2021-01-15T14:00:00Z,9850,98,310,590,8230
2021-01-15T15:00:00Z,9782,98,310,589,8160
2021-01-15T16:00:00Z,9760,99,310,589,8120
2021-01-15T17:00:00Z,9685,102,310,589,8120
2021-01-15T18:00:00Z,9660,104,309,589,8120
2021-01-15T19:00:00Z,9615,110,305,589,8120
2021-01-15T20:00:00Z,9592,113,305,586,8140
2021-01-15T21:00:00Z,9568,112,305,584,8080
2021-01-15T22:00:00Z,9545,111,305,584,8080
2021-01-15T23:00:00Z,9570,110,305,584,8080
2021-01-16T00:00:00Z,9570,111,305,584,8080
2021-01-16T01:00:00Z,9545,113,305,589,8080
2021-01-16T02:00:00Z,9570,115,305,589,8050
2021-01-16T03:00:00Z,9520,115,305,594,8002
2021-01-16T04:00:00Z,9545,117,305,599,7980
2021-01-16T05:00:00Z,9495,120,305,599,7940
2021-01-16T06:00:00Z,9520,122,305,599,7900
2021-01-16T07:00:00Z,9520,125,305,600,7910
2021-01-16T08:00:00Z,9448,126,310,599,7900
2021-01-16T09:00:00Z,9425,126,310,602,7870
2021-01-16T10:00:00Z,9425,123,310,604,7870
2021-01-16T11:00:00Z,9380,118,310,604,7883
2021-01-16T12:00:00Z,9380,118,312,608,7870
2021-01-16T13:00:00Z,9355,115,314,609,7860
2021-01-16T14:00:00Z,9355,113,314,614,7850
2021-01-16T15:00:00Z,9330,111,314,618,7843
2021-01-16T16:00:00Z,9305,111,314,621,7813
2021-01-16T17:00:00Z,9280,111,314,628,7760
2021-01-16T18:00:00Z,9280,113,314,631,7770
2021-01-16T19:00:00Z,9235,118,314,634,7740
2021-01-16T20:00:00Z,9235,124,314,636,7770
2021-01-16T21:00:00Z,9212,127,314,642,7730
2021-01-16T22:00:00Z,9212,127,314,640,7720
2021-01-16T23:00:00Z,9190,126,314,642,7730
2021-01-17T00:00:00Z,9168,124,314,640,7700
2021-01-17T01:00:00Z,9122,121,314,644,7663
2021-01-17T02:00:00Z,9122,122,312,650,7617
2021-01-17T03:00:00Z,9122,120,310,653,7590
2021-01-17T04:00:00Z,9168,120,310,652,7570
2021-01-17T05:00:00Z,9100,118,310,654,7590
2021-01-17T06:00:00Z,9100,117,305,658,7590
2021-01-17T07:00:00Z,9010,117,305,653,7582
2021-01-17T08:00:00Z,9010,116,305,656,7600
2021-01-17T09:00:00Z,8985,112,305,656,7582
2021-01-17T10:00:00Z,8935,109,305,657,7560
2021-01-17T11:00:00Z,8910,107,305,658,7540
2021-01-17T12:00:00Z,8910,104,305,658,7520
2021-01-17T13:00:00Z,8935,102,301,660,7510
2021-01-17T14:00:00Z,8910,100,300,662,7477
2021-01-17T15:00:00Z,8935,100,300,664,7450
2021-01-17T16:00:00Z,8910,99,300,667,7423
2021-01-17T17:00:00Z,8888,99,298,670,7400
2021-01-17T18:00:00Z,8888,101,295,670,7410
2021-01-17T19:00:00Z,8890,104,295,671,7410
2021-01-17T20:00:00Z,8888,111,295,672,7375
2021-01-17T21:00:00Z,8820,114,291,671,7388
2021-01-17T22:00:00Z,8842,116,291,667,7380
2021-01-17T23:00:00Z,8798,116,291,664,7370
2021-01-18T00:00:00Z,8798,115,291,661,7360
2021-01-18T01:00:00Z,8730,114,291,658,7340
2021-01-18T02:00:00Z,8730,111,286,657,7332
2021-01-18T03:00:00Z,8708,113,286,653,7340
2021-01-18T04:00:00Z,8662,111,286,648,7340
2021-01-18T05:00:00Z,8640,111,286,644,7340
2021-01-18T06:00:00Z,8618,111,286,642,7340
2021-01-18T07:00:00Z,8618,110,286,638,7332
2021-01-18T08:00:00Z,8572,110,281,636,7332
2021-01-18T09:00:00Z,8550,106,281,631,7332
2021-01-18T10:00:00Z,8550,105,281,625,7340
2021-01-18T11:00:00Z,8550,103,281,621,7332
2021-01-18T12:00:00Z,8550,NA,281,616,7340
2021-01-18T13:00:00Z,8550,NA,281,612,7318
2021-01-18T14:00:00Z,8528,95,281,606,7290
2021-01-18T15:00:00Z,8550,NA,277,604,7320
2021-01-18T16:00:00Z,8572,NA,277,596,7272
2021-01-18T17:00:00Z,8482,94,277,599,7190
2021-01-18T18:00:00Z,8572,NA,277,598,7130
2021-01-18T19:00:00Z,8505,NA,272,595,7110
2021-01-18T20:00:00Z,8528,99,272,590,7120
2021-01-18T21:00:00Z,8528,NA,272,588,7110
2021-01-18T22:00:00Z,8550,NA,272,583,7150
2021-01-18T23:00:00Z,8505,110,272,578,7227
2021-01-19T00:00:00Z,8438,NA,272,575,7210
2021-01-19T01:00:00Z,8370,NA,272,570,7230
2021-01-19T02:00:00Z,8392,110,272,566,7185
2021-01-19T03:00:00Z,8370,NA,271,564,7180
2021-01-19T04:00:00Z,8370,NA,268,566,7200
2021-01-19T05:00:00Z,8302,110,268,565,7168
2021-01-19T06:00:00Z,8325,NA,268,562,7160
2021-01-19T07:00:00Z,8280,NA,268,558,7152
2021-01-19T08:00:00Z,8280,110,268,558,7122
2021-01-19T09:00:00Z,8280,NA,268,554,7115
2021-01-19T10:00:00Z,8280,NA,268,550,7108
2021-01-19T11:00:00Z,8280,92,268,548,7130
2021-01-19T12:00:00Z,8280,NA,268,543,7108
2021-01-19T13:00:00Z,8260,NA,268,542,7090
2021-01-19T14:00:00Z,8240,92,268,544,7062
2021-01-19T15:00:00Z,8260,NA,265,544,7038
2021-01-19T16:00:00Z,8240,NA,262,544,7017
2021-01-19T17:00:00Z,8260,98,259,543,6985
2021-01-19T18:00:00Z,8220,NA,259,539,6990
2021-01-19T19:00:00Z,8132,NA,256,543,6960
2021-01-19T20:00:00Z,8155,108,255,536,6920
2021-01-19T21:00:00Z,8198,NA,255,535,6900
2021-01-19T22:00:00Z,8200,NA,255,529,6905
2021-01-19T23:00:00Z,8155,108,255,523,6880
2021-01-20T00:00:00Z,8132,NA,255,519,6850
2021-01-20T01:00:00Z,8065,NA,255,519,6835
2021-01-20T02:00:00Z,8020,108,251,516,6835
2021-01-20T03:00:00Z,8020,NA,251,515,6820
2021-01-20T04:00:00Z,7952,NA,251,519,6820
2021-01-20T05:00:00Z,7930,108,251,519,6820
2021-01-20T06:00:00Z,7975,NA,251,519,6820
2021-01-20T07:00:00Z,7930,NA,248,519,6790
2021-01-20T08:00:00Z,7930,108,247,516,6772
2021-01-20T09:00:00Z,7890,NA,247,515,6750
2021-01-20T10:00:00Z,7828,NA,247,515,6723
2021-01-20T11:00:00Z,7828,90,247,511,6720
2021-01-20T12:00:00Z,7870,NA,247,510,6707
2021-01-20T13:00:00Z,7805,NA,247,508,6673
2021-01-20T14:00:00Z,7868,90,247,506,6642
2021-01-20T15:00:00Z,7762,NA,247,505,6630
2021-01-20T16:00:00Z,7890,NA,247,502,6610
2021-01-20T17:00:00Z,7848,97,244,504,6567
2021-01-20T18:00:00Z,7910,NA,242,506,6502
2021-01-20T19:00:00Z,7848,105,242,509,6490
2021-01-20T20:00:00Z,7698,105,242,511,6477
2021-01-20T21:00:00Z,7790,106,242,509,6485
2021-01-20T22:00:00Z,7720,106,242,504,6472
2021-01-20T23:00:00Z,7740,104,242,498,6500
2021-01-21T00:00:00Z,7720,105,242,496,6470
2021-01-21T01:00:00Z,7680,105,242,494,6455
2021-01-21T02:00:00Z,7590,104,242,491,6440
2021-01-21T03:00:00Z,7530,105,242,489,6440
2021-01-21T04:00:00Z,7488,104,242,487,6432
2021-01-21T05:00:00Z,7465,104,242,486,6440
2021-01-21T06:00:00Z,7488,104,242,483,6432
2021-01-21T07:00:00Z,7442,104,242,482,6418
2021-01-21T08:00:00Z,7442,104,242,481,6410
2021-01-21T09:00:00Z,7550,102,238,479,6410
2021-01-21T10:00:00Z,7550,98,238,478,6370
2021-01-21T11:00:00Z,7550,95,238,477,6355
2021-01-21T12:00:00Z,7550,92,238,478,6320
2021-01-21T13:00:00Z,7510,91,238,474,6292
2021-01-21T14:00:00Z,7382,89,238,476,6270
2021-01-21T15:00:00Z,7232,89,234,476,6248
2021-01-21T16:00:00Z,7130,90,234,473,6220
2021-01-21T17:00:00Z,7170,92,234,473,6192
2021-01-21T18:00:00Z,7210,96,234,473,6192
2021-01-21T19:00:00Z,7210,99,234,473,6185
2021-01-21T20:00:00Z,7272,104,234,473,6180
2021-01-21T21:00:00Z,7190,103,234,472,6143
2021-01-21T22:00:00Z,7170,101,234,468,6130
2021-01-21T23:00:00Z,7150,101,234,463,6122
2021-01-22T00:00:00Z,7150,102,234,456,6085
2021-01-22T01:00:00Z,7150,101,234,456,6060
2021-01-22T02:00:00Z,7130,100,234,460,6070
2021-01-22T03:00:00Z,7110,101,234,459,6070
2021-01-22T04:00:00Z,7090,105,234,460,6078
2021-01-22T05:00:00Z,7070,106,234,460,6080
2021-01-22T06:00:00Z,7030,106,234,460,6057
2021-01-22T07:00:00Z,7010,106,234,462,6015
2021-01-22T08:00:00Z,7010,104,234,461,6000
2021-01-22T09:00:00Z,7010,102,234,460,6000
2021-01-22T10:00:00Z,6930,98,234,458,6000
2021-01-22T11:00:00Z,6930,95,234,456,6000
2021-01-22T12:00:00Z,6930,92,234,455,5992
2021-01-22T13:00:00Z,6930,91,234,455,5985
2021-01-22T14:00:00Z,6805,91,234,455,5960
2021-01-22T15:00:00Z,6828,90,234,452,5940
2021-01-22T16:00:00Z,6805,90,234,452,5900
2021-01-22T17:00:00Z,6762,91,234,455,5885
2021-01-22T18:00:00Z,6782,95,234,460,5830
2021-01-22T19:00:00Z,6782,100,234,466,5820
2021-01-22T20:00:00Z,6828,104,234,470,5850
2021-01-22T21:00:00Z,6740,103,234,473,5843
2021-01-22T22:00:00Z,6720,101,234,470,5800
2021-01-22T23:00:00Z,6700,104,233,460,5800
2021-01-23T00:00:00Z,6720,102,230,454,5800
2021-01-23T01:00:00Z,6680,101,230,451,5792
2021-01-23T02:00:00Z,6640,100,230,451,5780
2021-01-23T03:00:00Z,6600,100,230,446,5770
2021-01-23T04:00:00Z,6582,100,230,446,NA
2021-01-23T05:00:00Z,6640,101,230,446,5770
2021-01-23T06:00:00Z,6660,102,230,446,5770
2021-01-23T07:00:00Z,6620,100,229,445,5740
2021-01-23T08:00:00Z,6600,99,227,446,5720
2021-01-23T09:00:00Z,6620,99,227,446,5727
2021-01-23T10:00:00Z,6620,96,227,446,5740
2021-01-23T11:00:00Z,6600,93,227,446,5705
2021-01-23T12:00:00Z,6600,92,227,446,5695
2021-01-23T13:00:00Z,6470,90,227,446,5670
2021-01-23T14:00:00Z,6488,87,227,446,5655
2021-01-23T15:00:00Z,6372,87,227,445,5638
2021-01-23T16:00:00Z,6468,87,225,442,5605
2021-01-23T17:00:00Z,6430,88,223,442,5570
2021-01-23T18:00:00Z,6525,90,223,442,5562
2021-01-23T19:00:00Z,6410,91,223,443,5560
2021-01-23T20:00:00Z,6510,99,223,445,5560
2021-01-23T21:00:00Z,6508,104,219,443,5540
2021-01-23T22:00:00Z,6477,104,219,440,5540
2021-01-23T23:00:00Z,6490,104,219,437,5525
2021-01-24T00:00:00Z,6470,104,219,437,5510
2021-01-24T01:00:00Z,6450,102,219,434,NA
2021-01-24T02:00:00Z,6410,101,219,433,5525
2021-01-24T03:00:00Z,6390,98,219,430,5480
2021-01-24T04:00:00Z,6350,99,215,429,5500
2021-01-24T05:00:00Z,6330,100,215,425,5462
2021-01-24T06:00:00Z,6290,99,215,426,5497
2021-01-24T07:00:00Z,6290,97,214,429,5480
2021-01-24T08:00:00Z,6290,97,211,429,5460
2021-01-24T09:00:00Z,6290,94,211,429,5462
2021-01-24T10:00:00Z,6192,92,211,431,5460
2021-01-24T11:00:00Z,6120,90,211,431,5450
2021-01-24T12:00:00Z,6080,88,211,431,5448
2021-01-24T13:00:00Z,6138,85,211,431,5430
2021-01-24T14:00:00Z,6230,85,209,429,5432
2021-01-24T15:00:00Z,6210,83,207,430,5410
2021-01-24T16:00:00Z,6175,83,207,426,5410
2021-01-24T17:00:00Z,6175,83,207,423,5400
2021-01-24T18:00:00Z,6140,84,207,420,5410
2021-01-24T19:00:00Z,6158,86,207,418,5380
2021-01-24T20:00:00Z,6140,94,207,413,5395
2021-01-24T21:00:00Z,6140,100,206,408,5388
2021-01-24T22:00:00Z,6140,102,203,404,5388
2021-01-24T23:00:00Z,6140,102,199,400,5380
2021-01-25T00:00:00Z,6120,102,197,398,5370
2021-01-25T01:00:00Z,6080,99,197,NA,5360
2021-01-25T02:00:00Z,6060,98,195,NA,5340
2021-01-25T03:00:00Z,6060,97,193,390,5340
2021-01-25T04:00:00Z,6020,97,193,NA,5340
2021-01-25T05:00:00Z,6060,98,193,NA,5340
2021-01-25T06:00:00Z,6020,100,193,388,5318
2021-01-25T07:00:00Z,5980,99,195,NA,5310
2021-01-25T08:00:00Z,6000,99,198,NA,5310
2021-01-25T09:00:00Z,6000,95,202,388,5280
2021-01-25T10:00:00Z,6000,94,206,NA,5280
2021-01-25T11:00:00Z,5980,90,208,NA,5265
2021-01-25T12:00:00Z,5980,90,211,388,5250
2021-01-25T13:00:00Z,5980,87,211,NA,5250
2021-01-25T14:00:00Z,5962,85,211,NA,5250
2021-01-25T15:00:00Z,5980,84,211,392,5220
2021-01-25T16:00:00Z,5980,86,211,NA,5210
2021-01-25T17:00:00Z,5962,88,211,NA,5195
2021-01-25T18:00:00Z,5858,91,211,396,5180
2021-01-25T19:00:00Z,5788,95,211,NA,5180
2021-01-25T20:00:00Z,5805,100,211,NA,5158
2021-01-25T21:00:00Z,5840,98,211,400,5150
2021-01-25T22:00:00Z,5910,97,211,NA,5150
2021-01-25T23:00:00Z,5910,96,211,NA,5128
2021-01-26T00:00:00Z,5910,98,211,405,5105
2021-01-26T01:00:00Z,5892,97,211,NA,5098
2021-01-26T02:00:00Z,5892,97,211,NA,5098
2021-01-26T03:00:00Z,5892,97,211,409,5090
2021-01-26T04:00:00Z,5910,100,211,NA,5090
2021-01-26T05:00:00Z,5875,104,215,NA,5120
2021-01-26T06:00:00Z,5910,104,215,413,5142
2021-01-26T07:00:00Z,5892,104,219,NA,5150
2021-01-26T08:00:00Z,5840,102,219,NA,5150
2021-01-26T09:00:00Z,5840,101,219,417,5165
2021-01-26T10:00:00Z,5858,98,223,NA,5165
2021-01-26T11:00:00Z,5840,96,225,NA,5172
2021-01-26T12:00:00Z,5840,94,227,421,5158
2021-01-26T13:00:00Z,5840,93,227,NA,5158
2021-01-26T14:00:00Z,5892,92,228,NA,5150
2021-01-26T15:00:00Z,5788,92,230,425,5150
2021-01-26T16:00:00Z,5752,94,232,NA,5150
2021-01-26T17:00:00Z,5735,97,234,NA,5135
2021-01-26T18:00:00Z,5700,100,234,429,5128
2021-01-26T19:00:00Z,5700,105,241,NA,5128
2021-01-26T20:00:00Z,5700,106,242,NA,5142
2021-01-26T21:00:00Z,5700,106,242,433,5120
2021-01-26T22:00:00Z,5700,107,246,NA,5120
2021-01-26T23:00:00Z,5752,107,247,NA,5098
2021-01-27T00:00:00Z,5858,108,250,433,5090
2021-01-27T01:00:00Z,5840,108,251,NA,5082
2021-01-27T02:00:00Z,5892,108,251,NA,5068
2021-01-27T03:00:00Z,5910,109,251,433,5060
2021-01-27T04:00:00Z,5910,111,251,NA,5060
2021-01-27T05:00:00Z,5910,111,251,433,5052
2021-01-27T06:00:00Z,5910,113,251,433,5060
2021-01-27T07:00:00Z,5910,111,251,433,5060
2021-01-27T08:00:00Z,5910,112,251,433,5052
2021-01-27T09:00:00Z,5910,111,251,433,5045
2021-01-27T10:00:00Z,5910,109,251,433,5038
2021-01-27T11:00:00Z,5910,104,251,433,5030
2021-01-27T12:00:00Z,5910,102,251,433,5030
2021-01-27T13:00:00Z,5840,100,251,433,5060
2021-01-27T14:00:00Z,5858,96,251,433,5050
2021-01-27T15:00:00Z,5840,95,255,433,5050
2021-01-27T16:00:00Z,5718,96,255,433,5040
2021-01-27T17:00:00Z,5752,97,255,433,5040
2021-01-27T18:00:00Z,5752,99,255,433,5052
2021-01-27T19:00:00Z,5752,103,255,433,5075
2021-01-27T20:00:00Z,5752,106,252,433,5075
2021-01-27T21:00:00Z,5840,104,251,433,5070
2021-01-27T22:00:00Z,5858,104,251,431,5112
2021-01-27T23:00:00Z,5840,104,248,430,5120
2021-01-28T00:00:00Z,5822,104,247,429,5142
2021-01-28T01:00:00Z,5822,104,243,428,5135
2021-01-28T02:00:00Z,5788,102,242,424,5140
2021-01-28T03:00:00Z,5788,102,242,424,5142
2021-01-28T04:00:00Z,5770,102,239,424,5142
2021-01-28T05:00:00Z,5788,104,238,424,5150
2021-01-28T06:00:00Z,5770,106,238,423,5150
2021-01-28T07:00:00Z,5770,104,234,423,5150
2021-01-28T08:00:00Z,5770,102,234,424,NA
2021-01-28T09:00:00Z,5752,100,234,424,NA
2021-01-28T10:00:00Z,5770,97,231,424,NA
2021-01-28T11:00:00Z,5718,94,230,424,NA
2021-01-28T12:00:00Z,5682,91,230,424,NA
2021-01-28T13:00:00Z,5700,89,230,424,NA
2021-01-28T14:00:00Z,5770,87,227,420,NA
2021-01-28T15:00:00Z,5718,88,227,422,NA
2021-01-28T16:00:00Z,5612,89,224,420,NA
2021-01-28T17:00:00Z,5682,91,223,420,NA
2021-01-28T18:00:00Z,5595,94,223,420,NA
2021-01-28T19:00:00Z,5612,98,223,421,NA
2021-01-28T20:00:00Z,5490,99,219,421,NA
2021-01-28T21:00:00Z,5612,102,219,420,NA
2021-01-28T22:00:00Z,5402,102,219,419,NA
2021-01-28T23:00:00Z,5700,101,217,416,NA
2021-01-29T00:00:00Z,5648,101,215,415,NA
2021-01-29T01:00:00Z,5735,101,215,414,NA
2021-01-29T02:00:00Z,5770,100,215,409,NA
2021-01-29T03:00:00Z,5822,101,213,409,NA
2021-01-29T04:00:00Z,5770,102,211,407,NA
2021-01-29T05:00:00Z,5718,100,211,404,NA
2021-01-29T06:00:00Z,5682,99,211,404,NA
2021-01-29T07:00:00Z,5788,100,208,404,NA
2021-01-29T08:00:00Z,5665,97,207,402,NA
2021-01-29T09:00:00Z,5612,97,207,402,NA
2021-01-29T10:00:00Z,5752,95,207,400,NA
2021-01-29T11:00:00Z,5822,93,202,399,NA
2021-01-29T12:00:00Z,5770,88,198,396,NA
2021-01-29T13:00:00Z,5735,84,196,393,NA
2021-01-29T14:00:00Z,5735,83,193,393,NA
2021-01-29T15:00:00Z,5700,82,193,386,NA
2021-01-29T16:00:00Z,5735,83,193,380,NA
2021-01-29T17:00:00Z,5752,85,192,377,NA
2021-01-29T18:00:00Z,5840,88,190,373,NA
2021-01-29T19:00:00Z,5858,93,191,372,NA
2021-01-29T20:00:00Z,5910,97,194,371,NA
2021-01-29T21:00:00Z,5945,96,196,NA,NA
2021-01-29T22:00:00Z,5965,97,193,NA,NA
2021-01-29T23:00:00Z,5945,97,191,362,NA
2021-01-30T00:00:00Z,5965,95,188,NA,NA
2021-01-30T01:00:00Z,5980,94,184,NA,NA
2021-01-30T02:00:00Z,5980,93,181,354,NA
2021-01-30T03:00:00Z,5980,93,174,NA,NA
2021-01-30T04:00:00Z,5980,94,169,NA,NA
2021-01-30T05:00:00Z,5980,95,169,342,NA
2021-01-30T06:00:00Z,6020,97,164,NA,NA
2021-01-30T07:00:00Z,5980,95,157,NA,NA
2021-01-30T08:00:00Z,5980,94,166,332,NA
2021-01-30T09:00:00Z,6000,91,180,NA,NA
2021-01-30T10:00:00Z,6000,89,181,NA,NA
2021-01-30T11:00:00Z,6020,86,170,324,NA
2021-01-30T12:00:00Z,6040,80,155,NA,NA
2021-01-30T13:00:00Z,6020,76,139,NA,NA
2021-01-30T14:00:00Z,6000,74,122,314,NA
2021-01-30T15:00:00Z,5980,74,102,NA,NA
2021-01-30T16:00:00Z,5962,74,108,NA,NA
2021-01-30T17:00:00Z,5962,73,137,313,NA
2021-01-30T18:00:00Z,5962,74,163,NA,5700
2021-01-30T19:00:00Z,5962,80,192,NA,5740
2021-01-30T20:00:00Z,5980,NA,215,312,5760
2021-01-30T21:00:00Z,5980,NA,219,NA,5778
2021-01-30T22:00:00Z,5980,NA,218,NA,5800
2021-01-30T23:00:00Z,5962,NA,214,313,5815
2021-01-31T00:00:00Z,5945,NA,209,NA,5822
2021-01-31T01:00:00Z,5928,NA,201,NA,5840
2021-01-31T02:00:00Z,5910,NA,200,317,5860
2021-01-31T03:00:00Z,5910,NA,202,NA,5840
2021-01-31T04:00:00Z,5928,93,208,NA,5830
2021-01-31T05:00:00Z,5945,93,212,338,5808
2021-01-31T06:00:00Z,5945,93,216,350,5785
2021-01-31T07:00:00Z,5945,94,219,363,5755
2021-01-31T08:00:00Z,5980,93,219,375,5720
2021-01-31T09:00:00Z,6000,90,219,386,5685
2021-01-31T10:00:00Z,6060,90,219,392,5655
2021-01-31T11:00:00Z,6100,89,219,392,5648
2021-01-31T12:00:00Z,6120,87,219,391,5648
2021-01-31T13:00:00Z,6158,84,217,387,5648
2021-01-31T14:00:00Z,6192,83,233,382,5655
2021-01-31T15:00:00Z,6210,82,344,379,5670
2021-01-31T16:00:00Z,6250,82,356,375,5690
2021-01-31T17:00:00Z,6290,83,364,372,5678
2021-01-31T18:00:00Z,6310,85,330,372,5710
2021-01-31T19:00:00Z,6350,87,293,372,5700
2021-01-31T20:00:00Z,6370,94,262,375,5670
2021-01-31T21:00:00Z,6370,100,234,376,5685
2021-01-31T22:00:00Z,6370,103,228,377,5685
2021-01-31T23:00:00Z,6370,104,220,378,5712
2021-02-01T00:00:00Z,6370,104,209,380,5730
2021-02-01T01:00:00Z,6350,106,204,380,5748
2021-02-01T02:00:00Z,6370,106,201,382,5755
2021-02-01T03:00:00Z,6350,107,204,384,5748
2021-02-01T04:00:00Z,6310,108,203,385,5720
2021-02-01T05:00:00Z,6350,108,197,385,5692
2021-02-01T06:00:00Z,6370,108,190,382,5678
2021-02-01T07:00:00Z,6390,110,193,379,5670
2021-02-01T08:00:00Z,6430,107,195,376,5640
2021-02-01T09:00:00Z,6450,105,201,372,5640
2021-02-01T10:00:00Z,6430,103,206,370,5630
2021-02-01T11:00:00Z,6410,99,211,365,5630
2021-02-01T12:00:00Z,6410,96,211,358,5630
2021-02-01T13:00:00Z,6390,94,211,351,5640
2021-02-01T14:00:00Z,6450,93,212,346,5648
2021-02-01T15:00:00Z,6450,93,217,339,5655
2021-02-01T16:00:00Z,6470,93,226,334,5655
2021-02-01T17:00:00Z,6470,95,230,333,5645
2021-02-01T18:00:00Z,6490,99,231,331,5620
2021-02-01T19:00:00Z,6490,103,234,330,5620
2021-02-01T20:00:00Z,6450,106,241,330,5600
2021-02-01T21:00:00Z,6430,108,247,329,5640
2021-02-01T22:00:00Z,6430,112,247,329,5640
2021-02-01T23:00:00Z,6390,116,243,330,5585
2021-02-02T00:00:00Z,6370,116,236,332,5600
2021-02-02T01:00:00Z,6370,120,231,335,5600
2021-02-02T02:00:00Z,6370,123,230,339,5600
2021-02-02T03:00:00Z,6370,124,230,342,5640
2021-02-02T04:00:00Z,6370,126,230,346,5600
2021-02-02T05:00:00Z,6370,127,228,350,5627
2021-02-02T06:00:00Z,6370,128,227,360,5613
2021-02-02T07:00:00Z,6390,126,227,366,5600
2021-02-02T08:00:00Z,6370,124,226,374,5585
2021-02-02T09:00:00Z,6450,120,223,379,5585
2021-02-02T10:00:00Z,6450,116,223,376,5532
2021-02-02T11:00:00Z,6430,109,223,373,5530
2021-02-02T12:00:00Z,6430,106,221,370,5530
2021-02-02T13:00:00Z,6430,105,219,372,5505
2021-02-02T14:00:00Z,6450,103,219,377,5498
2021-02-02T15:00:00Z,6430,102,219,381,5482
2021-02-02T16:00:00Z,6390,102,219,385,5455
2021-02-02T17:00:00Z,6410,103,219,388,5470
2021-02-02T18:00:00Z,6410,107,219,392,5432
2021-02-02T19:00:00Z,6370,113,219,398,5410
2021-02-02T20:00:00Z,6350,115,219,403,5425
2021-02-02T21:00:00Z,6250,116,217,412,5402
2021-02-02T22:00:00Z,6270,117,215,420,5410
2021-02-02T23:00:00Z,6350,117,215,430,5440
2021-02-03T00:00:00Z,6330,117,215,438,5410
2021-02-03T01:00:00Z,6310,118,215,443,5440
2021-02-03T02:00:00Z,6350,118,213,445,NA
2021-02-03T03:00:00Z,6235,116,211,454,5448
2021-02-03T04:00:00Z,6270,120,211,466,5410
2021-02-03T05:00:00Z,6350,120,211,482,5390
2021-02-03T06:00:00Z,6310,119,211,487,5400
2021-02-03T07:00:00Z,6330,120,211,487,5395
2021-02-03T08:00:00Z,6310,118,211,486,5395
2021-02-03T09:00:00Z,6330,112,211,482,5400
2021-02-03T10:00:00Z,6290,109,211,478,5395
2021-02-03T11:00:00Z,6350,105,211,474,5390
2021-02-03T12:00:00Z,6330,102,211,473,5395
2021-02-03T13:00:00Z,6290,100,211,468,5360
2021-02-03T14:00:00Z,6330,98,209,464,5332
2021-02-03T15:00:00Z,6250,97,207,460,5353
2021-02-03T16:00:00Z,6252,98,207,455,5420
2021-02-03T17:00:00Z,6250,100,207,452,5418
2021-02-03T18:00:00Z,6175,103,207,451,5402
2021-02-03T19:00:00Z,6195,106,207,450,5400
2021-02-03T20:00:00Z,6195,106,207,446,5440
2021-02-03T21:00:00Z,6212,107,207,445,5455
2021-02-03T22:00:00Z,6263,106,207,442,5482
2021-02-03T23:00:00Z,6290,108,207,442,5532
2021-02-04T00:00:00Z,6310,106,207,442,5532
2021-02-04T01:00:00Z,6270,105,207,442,5518
2021-02-04T02:00:00Z,6270,105,206,442,5518
2021-02-04T03:00:00Z,6250,106,206,441,5525
2021-02-04T04:00:00Z,6330,107,206,442,5570
2021-02-04T05:00:00Z,6350,108,204,442,5590
2021-02-04T06:00:00Z,6330,111,204,442,5613
2021-02-04T07:00:00Z,6350,110,207,445,5585
2021-02-04T08:00:00Z,6330,108,205,446,5570
2021-02-04T09:00:00Z,6290,106,204,446,5570
2021-02-04T10:00:00Z,6270,102,204,445,5620
2021-02-04T11:00:00Z,6230,99,207,442,5640
2021-02-04T12:00:00Z,6230,95,207,442,5655
2021-02-04T13:00:00Z,6290,92,207,437,5610
2021-02-04T14:00:00Z,6330,91,207,437,NA
2021-02-04T15:00:00Z,6370,89,204,437,5620
2021-02-04T16:00:00Z,6310,NA,204,435,5635
2021-02-04T17:00:00Z,6330,NA,204,431,5652
2021-02-04T18:00:00Z,6390,NA,204,424,5650
2021-02-04T19:00:00Z,6430,100,204,418,5648
2021-02-04T20:00:00Z,6470,101,204,408,5630
2021-02-04T21:00:00Z,6450,100,204,397,5640
2021-02-04T22:00:00Z,6430,101,204,383,5640
2021-02-04T23:00:00Z,6450,102,204,373,5610
2021-02-05T00:00:00Z,6410,100,203,364,5592
2021-02-05T01:00:00Z,6370,99,200,358,5570
2021-02-05T02:00:00Z,6370,99,200,352,5570
2021-02-05T03:00:00Z,6370,100,197,352,5548
2021-02-05T04:00:00Z,6350,102,197,353,5570
2021-02-05T05:00:00Z,6370,105,197,357,5562
2021-02-05T06:00:00Z,6370,106,197,364,5570
2021-02-05T07:00:00Z,6370,104,197,372,5562
2021-02-05T08:00:00Z,6370,104,197,384,5555
2021-02-05T09:00:00Z,6370,103,197,398,5548
2021-02-05T10:00:00Z,6370,99,199,409,5555
2021-02-05T11:00:00Z,6370,97,200,419,5540
2021-02-05T12:00:00Z,6350,95,203,424,5525
2021-02-05T13:00:00Z,6370,93,206,429,5525
2021-02-05T14:00:00Z,6370,92,209,429,5555
2021-02-05T15:00:00Z,6370,91,211,429,5540
2021-02-05T16:00:00Z,6370,94,211,431,5532
2021-02-05T17:00:00Z,6350,97,214,434,5518
2021-02-05T18:00:00Z,6350,102,215,433,5520
2021-02-05T19:00:00Z,6350,108,219,433,5540
2021-02-05T20:00:00Z,6350,108,221,433,5550
2021-02-05T21:00:00Z,6350,114,227,437,5532
2021-02-05T22:00:00Z,6390,117,231,440,5532
2021-02-05T23:00:00Z,6330,122,237,444,5540
2021-02-06T00:00:00Z,6330,128,241,451,5540
2021-02-06T01:00:00Z,6350,132,250,452,5570
2021-02-06T02:00:00Z,6370,134,251,458,5550
2021-02-06T03:00:00Z,6370,140,251,462,5532
2021-02-06T04:00:00Z,6370,144,251,466,5518
2021-02-06T05:00:00Z,6370,145,253,473,5500
2021-02-06T06:00:00Z,6390,147,255,480,5490
2021-02-06T07:00:00Z,6450,146,257,488,5480
2021-02-06T08:00:00Z,6370,146,259,494,5470
2021-02-06T09:00:00Z,6390,142,259,498,5470
2021-02-06T10:00:00Z,6410,137,263,503,5470
2021-02-06T11:00:00Z,6370,133,268,505,5480
2021-02-06T12:00:00Z,6410,126,274,510,5510
2021-02-06T13:00:00Z,6430,121,280,511,5510
2021-02-06T14:00:00Z,6450,116,286,515,5510
2021-02-06T15:00:00Z,6450,114,288,515,5510
2021-02-06T16:00:00Z,6530,113,293,515,5525
2021-02-06T17:00:00Z,6528,112,295,515,5540
2021-02-06T18:00:00Z,6565,113,295,520,5550
2021-02-06T19:00:00Z,6620,118,295,523,5555
2021-02-06T20:00:00Z,6620,122,295,524,5548
2021-02-06T21:00:00Z,6600,123,295,524,5570
2021-02-06T22:00:00Z,6582,124,291,524,5555
2021-02-06T23:00:00Z,6600,126,287,524,5540
2021-02-07T00:00:00Z,6582,124,286,525,5540
2021-02-07T01:00:00Z,6548,121,285,529,5540
2021-02-07T02:00:00Z,6530,120,281,533,5540
2021-02-07T03:00:00Z,6530,120,279,534,5540
2021-02-07T04:00:00Z,6530,117,277,536,5540
2021-02-07T05:00:00Z,6510,119,273,539,5540
2021-02-07T06:00:00Z,6530,117,272,542,5562
2021-02-07T07:00:00Z,6530,116,268,544,5570
2021-02-07T08:00:00Z,6530,116,268,543,5570
2021-02-07T09:00:00Z,6510,114,268,544,5578
2021-02-07T10:00:00Z,6530,111,268,545,5600
2021-02-07T11:00:00Z,6548,108,268,552,5648
2021-02-07T12:00:00Z,6582,111,268,555,5670
2021-02-07T13:00:00Z,6620,110,268,562,5720
2021-02-07T14:00:00Z,6700,110,271,565,5748
2021-02-07T15:00:00Z,6782,112,276,569,5778
2021-02-07T16:00:00Z,6870,118,277,574,5808
2021-02-07T17:00:00Z,6890,128,281,574,5810
2021-02-07T18:00:00Z,6930,146,284,578,5830
2021-02-07T19:00:00Z,6990,172,286,584,5870
2021-02-07T20:00:00Z,7070,213,293,592,5860
2021-02-07T21:00:00Z,7130,252,299,600,5890
2021-02-07T22:00:00Z,7170,286,311,605,5900
2021-02-07T23:00:00Z,7170,302,318,604,5915
2021-02-08T00:00:00Z,7252,313,329,604,5930
2021-02-08T01:00:00Z,7295,310,340,604,5970
2021-02-08T02:00:00Z,7340,308,345,604,5960
2021-02-08T03:00:00Z,7465,301,350,603,6000
2021-02-08T04:00:00Z,7570,298,350,599,5992
2021-02-08T05:00:00Z,7635,291,350,599,6000
2021-02-08T06:00:00Z,7680,283,354,595,6008
2021-02-08T07:00:00Z,7680,272,351,594,6030
2021-02-08T08:00:00Z,7680,259,350,594,6040
2021-02-08T09:00:00Z,7680,244,350,594,6070
2021-02-08T10:00:00Z,7680,229,350,594,6078
2021-02-08T11:00:00Z,7680,216,350,594,6092
2021-02-08T12:00:00Z,7680,199,350,592,6122
2021-02-08T13:00:00Z,7700,187,350,589,6130
2021-02-08T14:00:00Z,7700,179,350,589,6130
2021-02-08T15:00:00Z,7680,170,346,586,6140
2021-02-08T16:00:00Z,7720,167,345,583,6160
2021-02-08T17:00:00Z,7658,166,345,579,6170
2021-02-08T18:00:00Z,7658,168,338,575,6170
2021-02-08T19:00:00Z,7680,171,332,573,6192
2021-02-08T20:00:00Z,7658,167,329,569,6220
2021-02-08T21:00:00Z,7658,166,326,563,6240
2021-02-08T22:00:00Z,7635,161,322,556,6270
2021-02-08T23:00:00Z,7550,163,316,553,6292
2021-02-09T00:00:00Z,7530,157,312,544,6310
2021-02-09T01:00:00Z,7510,156,309,536,6340
2021-02-09T02:00:00Z,7510,156,305,528,6348
2021-02-09T03:00:00Z,7420,168,305,517,6370
2021-02-09T04:00:00Z,7420,165,301,511,6390
2021-02-09T05:00:00Z,7442,162,295,505,6410
2021-02-09T06:00:00Z,7400,159,295,505,6410
2021-02-09T07:00:00Z,7420,155,295,505,6418
2021-02-09T08:00:00Z,7420,149,295,505,6440
2021-02-09T09:00:00Z,7442,144,293,506,6440
2021-02-09T10:00:00Z,7420,138,291,510,6448
2021-02-09T11:00:00Z,7400,131,291,511,6455
2021-02-09T12:00:00Z,7420,126,294,515,6448
2021-02-09T13:00:00Z,7442,123,295,519,6455
2021-02-09T14:00:00Z,7442,120,296,523,6455
2021-02-09T15:00:00Z,7465,120,300,523,6455
2021-02-09T16:00:00Z,7510,120,300,519,6455
2021-02-09T17:00:00Z,7550,122,296,519,6440
2021-02-09T18:00:00Z,7590,128,295,519,6448
2021-02-09T19:00:00Z,7590,130,295,519,6448
2021-02-09T20:00:00Z,7635,134,295,519,6470
2021-02-09T21:00:00Z,7658,133,294,517,6480
2021-02-09T22:00:00Z,7570,130,291,514,6470
2021-02-09T23:00:00Z,7590,129,291,508,6470
2021-02-10T00:00:00Z,7590,127,291,503,6462
2021-02-10T01:00:00Z,7590,129,291,494,6448
2021-02-10T02:00:00Z,7590,126,291,489,6448
2021-02-10T03:00:00Z,7590,128,291,480,6440
2021-02-10T04:00:00Z,7550,129,291,476,6440
2021-02-10T05:00:00Z,7570,129,291,472,6432
2021-02-10T06:00:00Z,7590,132,291,472,6432
2021-02-10T07:00:00Z,7570,131,291,473,6400
2021-02-10T08:00:00Z,7590,128,291,479,6320
2021-02-10T09:00:00Z,7570,124,291,484,6270
2021-02-10T10:00:00Z,7590,121,291,487,6270
2021-02-10T11:00:00Z,7590,118,291,489,6310
2021-02-10T12:00:00Z,7570,113,291,492,6372
2021-02-10T13:00:00Z,7550,111,291,492,6410
2021-02-10T14:00:00Z,7570,108,293,491,6425
2021-02-10T15:00:00Z,7530,108,295,487,6448
2021-02-10T16:00:00Z,7550,110,295,487,6455
2021-02-10T17:00:00Z,7550,113,295,487,6535
2021-02-10T18:00:00Z,7570,117,300,487,6602
2021-02-10T19:00:00Z,7570,121,300,489,6610
2021-02-10T20:00:00Z,7550,122,300,494,6570
2021-02-10T21:00:00Z,7530,122,300,496,6525
2021-02-10T22:00:00Z,7510,120,300,496,6470
2021-02-10T23:00:00Z,7510,121,300,496,6470
2021-02-11T00:00:00Z,7510,122,300,494,6462
2021-02-11T01:00:00Z,7510,120,300,491,6440
2021-02-11T02:00:00Z,7488,122,300,492,6440
2021-02-11T03:00:00Z,7488,125,300,496,6470
2021-02-11T04:00:00Z,7530,130,302,500,6470
2021-02-11T05:00:00Z,7590,134,305,504,6480
2021-02-11T06:00:00Z,7680,142,309,511,6480
2021-02-11T07:00:00Z,7762,145,312,515,6510
2021-02-11T08:00:00Z,7870,150,319,519,6500
2021-02-11T09:00:00Z,7930,151,330,524,6510
2021-02-11T10:00:00Z,8020,151,337,526,6510
2021-02-11T11:00:00Z,8020,155,348,529,6500
2021-02-11T12:00:00Z,8110,155,355,529,6500
2021-02-11T13:00:00Z,8110,156,360,530,6490
2021-02-11T14:00:00Z,8200,156,365,534,6490
2021-02-11T15:00:00Z,8200,156,366,534,6500
2021-02-11T16:00:00Z,8220,159,366,534,6500
2021-02-11T17:00:00Z,8260,162,370,534,6510
2021-02-11T18:00:00Z,8280,174,374,534,6490
2021-02-11T19:00:00Z,8240,176,377,535,6490
2021-02-11T20:00:00Z,8280,182,384,534,6470
2021-02-11T21:00:00Z,8220,178,388,534,6470
2021-02-11T22:00:00Z,8200,182,393,534,6462
2021-02-11T23:00:00Z,8200,180,397,534,6440
2021-02-12T00:00:00Z,8200,176,403,534,6425
2021-02-12T01:00:00Z,8178,176,403,530,6410
2021-02-12T02:00:00Z,8178,173,408,529,6410
2021-02-12T03:00:00Z,8178,171,408,529,6410
2021-02-12T04:00:00Z,8155,174,408,529,6410
2021-02-12T05:00:00Z,8155,171,408,529,6410
2021-02-12T06:00:00Z,8155,170,408,529,6400
2021-02-12T07:00:00Z,8132,167,403,529,6410
2021-02-12T08:00:00Z,8110,162,402,530,6410
2021-02-12T09:00:00Z,8110,156,397,532,6410
2021-02-12T10:00:00Z,8110,149,397,529,6410
2021-02-12T11:00:00Z,8088,142,397,529,6410
2021-02-12T12:00:00Z,8042,137,397,528,6410
2021-02-12T13:00:00Z,8020,133,392,524,6418
2021-02-12T14:00:00Z,8020,129,390,524,6418
2021-02-12T15:00:00Z,7975,128,387,522,6440
2021-02-12T16:00:00Z,7975,126,386,519,6448
2021-02-12T17:00:00Z,7952,121,381,519,6448
2021-02-12T18:00:00Z,7998,120,381,517,6490
2021-02-12T19:00:00Z,7930,121,377,515,6500
2021-02-12T20:00:00Z,7930,123,376,515,6510
2021-02-12T21:00:00Z,7930,120,375,511,6510
2021-02-12T22:00:00Z,7890,122,371,510,6500
2021-02-12T23:00:00Z,7903,123,367,508,6490
2021-02-13T00:00:00Z,7870,121,366,505,6510
2021-02-13T01:00:00Z,7850,117,361,505,6510
2021-02-13T02:00:00Z,7828,120,361,505,6532
2021-02-13T03:00:00Z,7782,118,361,505,6540
2021-02-13T04:00:00Z,7805,119,355,505,6540
2021-02-13T05:00:00Z,7760,126,355,505,6550
2021-02-13T06:00:00Z,7760,126,355,501,6550
2021-02-13T07:00:00Z,7760,125,355,504,6580
2021-02-13T08:00:00Z,7740,124,354,501,6570
2021-02-13T09:00:00Z,7760,121,350,500,6580
2021-02-13T10:00:00Z,7760,119,350,497,6580
2021-02-13T11:00:00Z,7760,116,346,495,6580
2021-02-13T12:00:00Z,7782,113,345,492,6595
2021-02-13T13:00:00Z,7760,109,345,491,6595
2021-02-13T14:00:00Z,7782,108,345,487,6595
2021-02-13T15:00:00Z,7805,106,345,487,6595
2021-02-13T16:00:00Z,7805,106,345,484,6595
2021-02-13T17:00:00Z,7828,108,345,482,6602
2021-02-13T18:00:00Z,7850,112,345,482,6610
2021-02-13T19:00:00Z,7930,119,345,482,6610
2021-02-13T20:00:00Z,7952,127,345,482,6610
2021-02-13T21:00:00Z,7930,132,345,482,6630
2021-02-13T22:00:00Z,7952,134,345,482,6623
2021-02-13T23:00:00Z,7998,138,346,481,6622
2021-02-14T00:00:00Z,8020,138,350,482,6650
2021-02-14T01:00:00Z,7998,138,350,482,6665
2021-02-14T02:00:00Z,7952,142,350,479,6680
2021-02-14T03:00:00Z,7952,141,350,478,6680
2021-02-14T04:00:00Z,7930,145,350,478,6688
2021-02-14T05:00:00Z,7952,144,350,478,6702
2021-02-14T06:00:00Z,7975,141,350,474,6730
2021-02-14T07:00:00Z,7975,141,350,474,6730
2021-02-14T08:00:00Z,7930,138,350,474,6750
2021-02-14T09:00:00Z,7930,131,350,474,6758
2021-02-14T10:00:00Z,7952,127,350,473,6772
2021-02-14T11:00:00Z,7930,124,350,476,6780
2021-02-14T12:00:00Z,7930,120,350,476,6790
2021-02-14T13:00:00Z,7910,116,350,473,6810
2021-02-14T14:00:00Z,7910,112,346,473,6820
2021-02-14T15:00:00Z,7890,111,345,472,6820
2021-02-14T16:00:00Z,7910,111,345,469,6820
2021-02-14T17:00:00Z,7850,110,345,469,6828
2021-02-14T18:00:00Z,7870,111,342,469,6820
2021-02-14T19:00:00Z,7910,118,340,465,6828
2021-02-14T20:00:00Z,7910,124,340,465,6828
2021-02-14T21:00:00Z,7910,128,340,465,6835
2021-02-14T22:00:00Z,7890,132,340,464,6842
2021-02-14T23:00:00Z,7930,131,340,465,6850
2021-02-15T00:00:00Z,7930,133,340,464,6850
2021-02-15T01:00:00Z,7930,131,341,464,6850
2021-02-15T02:00:00Z,7930,130,345,464,6880
2021-02-15T03:00:00Z,7998,135,345,464,6860
2021-02-15T04:00:00Z,8020,133,345,464,6860
2021-02-15T05:00:00Z,8020,133,345,464,6860
2021-02-15T06:00:00Z,8110,133,345,464,6890
2021-02-15T07:00:00Z,8110,135,345,465,6890
2021-02-15T08:00:00Z,8110,131,345,464,6890
2021-02-15T09:00:00Z,8110,132,349,465,6912
2021-02-15T10:00:00Z,8110,127,350,469,6920
2021-02-15T11:00:00Z,8132,124,350,469,6912
2021-02-15T12:00:00Z,8132,123,354,469,6920
2021-02-15T13:00:00Z,8132,120,355,471,6912
2021-02-15T14:00:00Z,8110,118,356,473,6920
2021-02-15T15:00:00Z,8110,117,361,473,6920
2021-02-15T16:00:00Z,8178,117,361,474,6920
2021-02-15T17:00:00Z,8132,119,361,477,6950
2021-02-15T18:00:00Z,8132,123,361,474,6968
2021-02-15T19:00:00Z,8110,127,361,476,6990
2021-02-15T20:00:00Z,8110,131,361,478,6975
2021-02-15T21:00:00Z,8110,135,361,479,6968
2021-02-15T22:00:00Z,8200,139,355,482,6960
2021-02-15T23:00:00Z,8170,142,355,482,6960
2021-02-16T00:00:00Z,8155,139,355,486,6960
2021-02-16T01:00:00Z,8178,144,355,488,6968
2021-02-16T02:00:00Z,8200,150,355,492,6982
2021-02-16T03:00:00Z,8220,160,360,498,6990
2021-02-16T04:00:00Z,8415,179,370,512,7050
2021-02-16T05:00:00Z,8822,228,406,530,7080
2021-02-16T06:00:00Z,9565,315,484,588,7108
2021-02-16T07:00:00Z,10250,506,593,654,7160
2021-02-16T08:00:00Z,10400,619,676,703,7212
2021-02-16T09:00:00Z,10725,703,747,746,7282
2021-02-16T10:00:00Z,11250,754,818,790,7368
2021-02-16T11:00:00Z,11650,757,886,840,7460
2021-02-16T12:00:00Z,11950,761,928,894,7575
2021-02-16T13:00:00Z,12200,766,965,968,7700
2021-02-16T14:00:00Z,12425,750,991,1058,7838
2021-02-16T15:00:00Z,12500,711,1038,1158,7920
2021-02-16T16:00:00Z,12500,663,1090,1262,7950
2021-02-16T17:00:00Z,12625,624,1138,1365,7990
2021-02-16T18:00:00Z,12675,594,1172,1465,7990
2021-02-16T19:00:00Z,12700,561,1195,1538,7990
2021-02-16T20:00:00Z,12775,534,1200,1602,7985
2021-02-16T21:00:00Z,12800,508,1185,1675,7990
2021-02-16T22:00:00Z,12800,492,1158,1760,8000
2021-02-16T23:00:00Z,12825,478,1115,1885,7980
2021-02-17T00:00:00Z,12750,462,1075,2055,7990
2021-02-17T01:00:00Z,12950,448,1030,2285,8023
2021-02-17T02:00:00Z,12900,441,989,2590,8015
2021-02-17T03:00:00Z,12975,436,956,2908,8040
2021-02-17T04:00:00Z,12875,431,928,3220,8090
2021-02-17T05:00:00Z,12800,428,896,3502,8172
2021-02-17T06:00:00Z,12800,420,866,3735,8250
2021-02-17T07:00:00Z,12875,410,846,3940,8347
2021-02-17T08:00:00Z,12775,394,826,4120,8420
2021-02-17T09:00:00Z,12725,379,808,4275,8460
2021-02-17T10:00:00Z,12650,363,792,4405,8537
2021-02-17T11:00:00Z,12600,350,777,4482,8660
2021-02-17T12:00:00Z,12650,341,764,4520,8767
2021-02-17T13:00:00Z,12625,328,749,4518,8883
2021-02-17T14:00:00Z,12650,320,736,4482,8970
2021-02-17T15:00:00Z,12600,310,719,4402,9075
2021-02-17T16:00:00Z,12675,307,708,4300,9238
2021-02-17T17:00:00Z,12775,306,694,4170,9440
2021-02-17T18:00:00Z,12850,308,686,4018,9625
2021-02-17T19:00:00Z,13200,304,675,3840,9862
2021-02-17T20:00:00Z,13375,297,667,3658,10125
2021-02-17T21:00:00Z,13600,290,660,3475,10375
2021-02-17T22:00:00Z,13800,287,650,3288,10700
2021-02-17T23:00:00Z,13975,280,646,3105,11025
2021-02-18T00:00:00Z,14150,276,636,2940,11350
2021-02-18T01:00:00Z,14450,272,632,2788,11700
2021-02-18T02:00:00Z,14675,270,627,2652,12125
2021-02-18T03:00:00Z,14800,268,618,2530,12500
2021-02-18T04:00:00Z,14975,268,613,2425,12950
2021-02-18T05:00:00Z,15050,264,611,2332,13425
2021-02-18T06:00:00Z,15250,262,606,2258,13975
2021-02-18T07:00:00Z,15350,259,604,2185,14500
2021-02-18T08:00:00Z,15500,252,604,2125,15100
2021-02-18T09:00:00Z,15575,245,600,2072,15575
2021-02-18T10:00:00Z,15675,238,597,2032,16025
2021-02-18T11:00:00Z,15775,236,597,1995,16500
2021-02-18T12:00:00Z,15975,235,597,1968,16850
2021-02-18T13:00:00Z,16200,233,597,1938,17100
2021-02-18T14:00:00Z,16400,235,604,1915,17350
2021-02-18T15:00:00Z,16725,242,606,1892,17450
2021-02-18T16:00:00Z,17075,252,611,1872,17500
2021-02-18T17:00:00Z,17350,252,611,1845,17600
2021-02-18T18:00:00Z,17800,259,618,1810,17600
2021-02-18T19:00:00Z,18150,270,618,1775,17600
2021-02-18T20:00:00Z,18500,268,618,1745,17675
2021-02-18T21:00:00Z,18800,270,618,1715,17700
2021-02-18T22:00:00Z,19125,265,618,1690,17775
2021-02-18T23:00:00Z,19300,267,618,1662,17825
2021-02-19T00:00:00Z,19567,266,618,1645,17900
2021-02-19T01:00:00Z,19750,260,616,1625,17925
2021-02-19T02:00:00Z,19950,255,611,1605,18000
2021-02-19T03:00:00Z,20075,257,611,1588,18100
2021-02-19T04:00:00Z,20150,257,611,1570,18200
2021-02-19T05:00:00Z,20200,254,611,1542,18250
2021-02-19T06:00:00Z,20250,250,606,1522,18375
2021-02-19T07:00:00Z,20350,245,604,1495,18400
2021-02-19T08:00:00Z,20400,241,599,1472,18500
2021-02-19T09:00:00Z,20400,235,597,1448,18550
2021-02-19T10:00:00Z,20400,228,590,1432,18600
2021-02-19T11:00:00Z,20350,221,575,1412,18600
2021-02-19T12:00:00Z,20400,213,575,1395,18600
2021-02-19T13:00:00Z,20400,212,572,1385,18600
2021-02-19T14:00:00Z,20500,207,563,1368,18550
2021-02-19T15:00:00Z,20525,203,559,1352,18475
2021-02-19T16:00:00Z,20550,204,552,1342,18425
2021-02-19T17:00:00Z,20600,206,547,1325,18375
2021-02-19T18:00:00Z,20650,216,542,1320,18275
2021-02-19T19:00:00Z,20650,220,538,1308,18200
2021-02-19T20:00:00Z,20800,220,533,1298,18075
2021-02-19T21:00:00Z,20800,219,533,1285,17950
2021-02-19T22:00:00Z,20800,221,528,1280,17900
2021-02-19T23:00:00Z,20800,221,527,1275,17775
2021-02-20T00:00:00Z,20800,221,527,1268,17675
2021-02-20T01:00:00Z,20675,226,527,1255,17500
2021-02-20T02:00:00Z,20750,224,524,1250,17400
2021-02-20T03:00:00Z,20825,229,520,1242,17300
2021-02-20T04:00:00Z,20525,232,520,1228,17133
2021-02-20T05:00:00Z,20550,227,520,1220,17000
2021-02-20T06:00:00Z,20425,230,520,1210,16867
2021-02-20T07:00:00Z,20300,225,520,1200,16800
2021-02-20T08:00:00Z,20175,219,520,1190,16733
2021-02-20T09:00:00Z,20075,215,520,1185,16500
2021-02-20T10:00:00Z,20000,207,520,1175,16400
2021-02-20T11:00:00Z,19825,200,520,1168,NA
2021-02-20T12:00:00Z,19675,193,520,1160,16200
2021-02-20T13:00:00Z,19550,186,514,1152,16075
2021-02-20T14:00:00Z,19400,181,508,1145,16000
2021-02-20T15:00:00Z,19275,176,506,1135,15767
2021-02-20T16:00:00Z,19225,173,501,1128,15600
2021-02-20T17:00:00Z,19000,176,498,1122,15500
2021-02-20T18:00:00Z,18975,176,495,1112,15467
2021-02-20T19:00:00Z,18750,188,492,1108,15325
2021-02-20T20:00:00Z,18675,191,489,1095,15300
2021-02-20T21:00:00Z,18550,195,484,1082,15250
2021-02-20T22:00:00Z,18425,194,483,1080,15100
2021-02-20T23:00:00Z,18175,192,483,1070,14975
2021-02-21T00:00:00Z,18100,195,480,1065,15000
2021-02-21T01:00:00Z,18000,193,477,1060,14875
2021-02-21T02:00:00Z,17775,190,477,1055,14775
2021-02-21T03:00:00Z,17700,186,474,1040,14625
2021-02-21T04:00:00Z,17600,190,471,1038,14575
2021-02-21T05:00:00Z,17500,189,466,1030,14500
2021-02-21T06:00:00Z,17450,182,465,1020,14400
2021-02-21T07:00:00Z,17175,178,460,1010,14325
2021-02-21T08:00:00Z,17050,172,459,1008,14225
2021-02-21T09:00:00Z,17000,168,459,993,14150
2021-02-21T10:00:00Z,16925,164,459,983,14075
2021-02-21T11:00:00Z,16825,157,454,971,14000
2021-02-21T12:00:00Z,16700,150,449,960,13900
2021-02-21T13:00:00Z,16575,144,449,950,13800
2021-02-21T14:00:00Z,16525,141,446,940,13675
2021-02-21T15:00:00Z,16400,138,443,929,13575
2021-02-21T16:00:00Z,16300,138,443,908,13475
2021-02-21T17:00:00Z,16200,138,439,887,13350
2021-02-21T18:00:00Z,16150,139,434,868,13275
2021-02-21T19:00:00Z,15950,153,433,850,13150
2021-02-21T20:00:00Z,15775,159,428,837,13100
2021-02-21T21:00:00Z,15750,166,426,832,13075
2021-02-21T22:00:00Z,15650,169,423,834,13000
2021-02-21T23:00:00Z,15575,169,423,838,12950
2021-02-22T00:00:00Z,15500,174,423,848,12900
2021-02-22T01:00:00Z,15400,180,426,853,12900
2021-02-22T02:00:00Z,15175,177,428,853,12825
2021-02-22T03:00:00Z,15125,180,433,858,12800
2021-02-22T04:00:00Z,15000,185,436,860,12725
2021-02-22T05:00:00Z,14925,186,440,862,12650
2021-02-22T06:00:00Z,14825,182,449,858,12600
2021-02-22T07:00:00Z,14725,182,455,848,12500
2021-02-22T08:00:00Z,14700,179,459,839,12500
2021-02-22T09:00:00Z,14650,172,462,829,12450
2021-02-22T10:00:00Z,14575,166,468,822,12400
2021-02-22T11:00:00Z,14525,161,472,824,12275
2021-02-22T12:00:00Z,14500,154,477,827,12175
2021-02-22T13:00:00Z,14450,151,477,836,12100
2021-02-22T14:00:00Z,14425,147,483,847,12000
2021-02-22T15:00:00Z,14425,148,483,868,11975
2021-02-22T16:00:00Z,14425,157,483,890,11925
2021-02-22T17:00:00Z,14450,169,483,903,11900
2021-02-22T18:00:00Z,14575,185,484,913,11800
2021-02-22T19:00:00Z,14650,201,495,915,11750
2021-02-22T20:00:00Z,14800,215,500,917,11650
2021-02-22T21:00:00Z,14725,244,510,920,11600
2021-02-22T22:00:00Z,14750,278,526,922,11550
2021-02-22T23:00:00Z,14800,310,542,929,11450
2021-02-23T00:00:00Z,14850,335,556,927,11400
2021-02-23T01:00:00Z,14950,340,566,929,11400
2021-02-23T02:00:00Z,14925,341,575,929,11375
2021-02-23T03:00:00Z,14900,337,578,929,11400
2021-02-23T04:00:00Z,14775,336,582,929,11300
2021-02-23T05:00:00Z,14775,335,582,929,11300
2021-02-23T06:00:00Z,14725,324,588,929,11275
2021-02-23T07:00:00Z,14675,314,590,929,11225
2021-02-23T08:00:00Z,14625,301,604,922,11200
2021-02-23T09:00:00Z,14550,293,608,913,11200
2021-02-23T10:00:00Z,14500,280,618,904,11200
2021-02-23T11:00:00Z,14425,267,623,898,11200
2021-02-23T12:00:00Z,14300,258,625,892,11200
2021-02-23T13:00:00Z,14175,247,625,887,11125
2021-02-23T14:00:00Z,14125,238,625,880,11075
2021-02-23T15:00:00Z,14025,232,620,880,11000
2021-02-23T16:00:00Z,14000,230,611,880,10933
2021-02-23T17:00:00Z,13925,233,604,885,10825
2021-02-23T18:00:00Z,13900,240,604,892,10767
2021-02-23T19:00:00Z,13825,249,604,898,10700
2021-02-23T20:00:00Z,14050,258,613,903,10667
2021-02-23T21:00:00Z,13850,281,641,913,10650
2021-02-23T22:00:00Z,13800,317,671,931,10633
2021-02-23T23:00:00Z,13850,362,689,946,10750
2021-02-24T00:00:00Z,13875,398,706,960,10875
2021-02-24T01:00:00Z,13950,411,728,982,11000
2021-02-24T02:00:00Z,13975,408,762,1010,11100
2021-02-24T03:00:00Z,14050,408,790,1045,11250
2021-02-24T04:00:00Z,14100,421,820,1078,11350
2021-02-24T05:00:00Z,14200,444,852,1128,11400
2021-02-24T06:00:00Z,14300,452,887,1188,11475
2021-02-24T07:00:00Z,14400,444,928,1255,11500
2021-02-24T08:00:00Z,14400,423,952,1308,11575
2021-02-24T09:00:00Z,14425,393,967,1358,11625
2021-02-24T10:00:00Z,14425,370,967,1402,11700
2021-02-24T11:00:00Z,14500,349,962,1440,11700
2021-02-24T12:00:00Z,14525,331,941,1465,11700
2021-02-24T13:00:00Z,14575,316,917,1485,11700
2021-02-24T14:00:00Z,14625,303,887,1500,11700
2021-02-24T15:00:00Z,14600,294,856,1522,11750
2021-02-24T16:00:00Z,14650,290,832,1530,11800
2021-02-24T17:00:00Z,14725,289,810,1540,11833
2021-02-24T18:00:00Z,14700,290,794,1555,11900
2021-02-24T19:00:00Z,14750,290,773,1578,12075
2021-02-24T20:00:00Z,14800,296,762,1605,12300
2021-02-24T21:00:00Z,14850,307,754,1648,12550
2021-02-24T22:00:00Z,14825,324,747,1705,12925
2021-02-24T23:00:00Z,14825,334,747,1772,13250
2021-02-25T00:00:00Z,14800,341,747,1888,13650
2021-02-25T01:00:00Z,14800,344,747,2045,14050
2021-02-25T02:00:00Z,14900,343,747,2232,14350
2021-02-25T03:00:00Z,14925,345,750,2438,14750
2021-02-25T04:00:00Z,15050,350,760,2655,15050
2021-02-25T05:00:00Z,15125,363,762,2828,15300
2021-02-25T06:00:00Z,15325,369,767,2975,15625
2021-02-25T07:00:00Z,15550,368,777,3102,15825
2021-02-25T08:00:00Z,15725,360,785,3222,15950
2021-02-25T09:00:00Z,15975,355,792,3328,16233
2021-02-25T10:00:00Z,16275,341,792,3432,16467
2021-02-25T11:00:00Z,16500,329,792,3545,16700
2021-02-25T12:00:00Z,16900,317,792,3688,16900
2021-02-25T13:00:00Z,17175,307,792,3935,17050
2021-02-25T14:00:00Z,17575,301,788,4382,17325
2021-02-25T15:00:00Z,17950,296,785,4628,17625
2021-02-25T16:00:00Z,18425,292,777,4800,17900
2021-02-25T17:00:00Z,18800,296,771,4920,18200
2021-02-25T18:00:00Z,19150,297,762,4970,18550
2021-02-25T19:00:00Z,19525,295,756,4965,18925
2021-02-25T20:00:00Z,19925,292,747,4920,19475
2021-02-25T21:00:00Z,20325,287,739,4838,19975
2021-02-25T22:00:00Z,20725,284,732,4730,20550
2021-02-25T23:00:00Z,21025,279,721,4605,21200
2021-02-26T00:00:00Z,21425,278,717,4482,21900
2021-02-26T01:00:00Z,21875,276,714,4360,22600
2021-02-26T02:00:00Z,22300,272,705,4260,23300
2021-02-26T03:00:00Z,22775,272,703,4168,23975
2021-02-26T04:00:00Z,23400,270,696,4095,24675
2021-02-26T05:00:00Z,23875,267,692,4035,25325
2021-02-26T06:00:00Z,24475,268,689,3990,25900
2021-02-26T07:00:00Z,25050,265,689,3965,26425
2021-02-26T08:00:00Z,25650,266,682,3975,26950
2021-02-26T09:00:00Z,26350,259,682,4002,27375
2021-02-26T10:00:00Z,26925,250,677,4055,27875
2021-02-26T11:00:00Z,27600,244,675,4120,28350
2021-02-26T12:00:00Z,28300,238,675,4200,28750
2021-02-26T13:00:00Z,28925,233,675,4260,29150
2021-02-26T14:00:00Z,29550,229,669,4292,29525
2021-02-26T15:00:00Z,30225,227,667,4265,29850
2021-02-26T16:00:00Z,30800,227,660,4218,30200
2021-02-26T17:00:00Z,31250,232,660,4120,30500
2021-02-26T18:00:00Z,31725,237,656,3998,30800
2021-02-26T19:00:00Z,32200,239,653,3850,31050
2021-02-26T20:00:00Z,32675,238,650,3690,31325
2021-02-26T21:00:00Z,33200,234,644,3522,31575
2021-02-26T22:00:00Z,33600,229,639,3355,31775
2021-02-26T23:00:00Z,34100,227,639,3195,31950
2021-02-27T00:00:00Z,34625,228,634,3045,32100
2021-02-27T01:00:00Z,34975,224,632,2912,32150
2021-02-27T02:00:00Z,35425,226,632,2800,32250
2021-02-27T03:00:00Z,35875,226,632,2702,32300
2021-02-27T04:00:00Z,36100,229,632,2625,32325
2021-02-27T05:00:00Z,36450,233,632,2558,32350
2021-02-27T06:00:00Z,36725,241,632,2508,32300
2021-02-27T07:00:00Z,36900,244,632,2462,32225
2021-02-27T08:00:00Z,37050,253,642,2432,32125
2021-02-27T09:00:00Z,37250,265,646,2402,31975
2021-02-27T10:00:00Z,37200,278,653,2382,31825
2021-02-27T11:00:00Z,37375,287,660,2372,31700
2021-02-27T12:00:00Z,37450,294,669,2380,31575
2021-02-27T13:00:00Z,37400,301,677,2398,31425
2021-02-27T14:00:00Z,37350,309,689,2435,31200
2021-02-27T15:00:00Z,37325,318,701,2480,31050
2021-02-27T16:00:00Z,37300,330,710,2545,30900
2021-02-27T17:00:00Z,37300,348,723,2618,30700
2021-02-27T18:00:00Z,37050,366,730,2692,30475
2021-02-27T19:00:00Z,36900,373,743,2760,30300
2021-02-27T20:00:00Z,36825,379,747,2820,30075
2021-02-27T21:00:00Z,36625,376,762,2882,29850
2021-02-27T22:00:00Z,36525,371,769,2932,29675
2021-02-27T23:00:00Z,36425,370,775,2972,29450
2021-02-28T00:00:00Z,36200,370,777,3015,29250
2021-02-28T01:00:00Z,35975,367,777,3082,29075
2021-02-28T02:00:00Z,35750,359,777,3132,28900
2021-02-28T03:00:00Z,35600,352,777,3198,28725
2021-02-28T04:00:00Z,35400,342,777,3270,28500
2021-02-28T05:00:00Z,35250,332,777,3350,28350
2021-02-28T06:00:00Z,35125,326,769,3448,28175
2021-02-28T07:00:00Z,34825,317,762,3530,28050
2021-02-28T08:00:00Z,34675,312,754,3598,27875
2021-02-28T09:00:00Z,34475,304,747,3672,27725
2021-02-28T10:00:00Z,34300,296,736,3720,27575
2021-02-28T11:00:00Z,34125,290,732,3768,27475
2021-02-28T12:00:00Z,33925,286,725,3798,27375
2021-02-28T13:00:00Z,33850,281,719,3820,27300
2021-02-28T14:00:00Z,33700,281,717,3830,27225
2021-02-28T15:00:00Z,33550,281,717,3820,27100
2021-02-28T16:00:00Z,33475,288,717,3802,27025
2021-02-28T17:00:00Z,33500,307,725,3782,27025
2021-02-28T18:00:00Z,33600,347,768,3788,27050
2021-02-28T19:00:00Z,34225,449,895,3848,27300
2021-02-28T20:00:00Z,34800,679,1145,3970,27575
2021-02-28T21:00:00Z,35375,931,1438,4152,28200
2021-02-28T22:00:00Z,36200,1064,1758,4430,28900
2021-02-28T23:00:00Z,37100,1073,2205,4880,29375
2021-03-01T00:00:00Z,38200,1082,2558,5468,29725
2021-03-01T01:00:00Z,39200,1104,2748,6105,29875
2021-03-01T02:00:00Z,40025,1131,2870,6720,29900
2021-03-01T03:00:00Z,40625,1117,3020,7310,29925
2021-03-01T04:00:00Z,41025,1057,3110,7920,29925
2021-03-01T05:00:00Z,41525,969,3165,8505,30000
2021-03-01T06:00:00Z,42225,877,3178,9082,30075
2021-03-01T07:00:00Z,42700,794,3130,9632,30250
2021-03-01T08:00:00Z,43125,738,3032,10150,30475
2021-03-01T09:00:00Z,43550,699,2925,10575,30900
2021-03-01T10:00:00Z,43925,665,2812,10975,31450
2021-03-01T11:00:00Z,44225,641,2718,11300,32275
2021-03-01T12:00:00Z,44475,622,2642,11625,33350
2021-03-01T13:00:00Z,44750,612,2580,11650,34800
2021-03-01T14:00:00Z,44925,607,2530,11575,36500
2021-03-01T15:00:00Z,45425,603,2502,11500,38475
2021-03-01T16:00:00Z,46025,598,2475,11300,40825
2021-03-01T17:00:00Z,46775,590,2458,10825,43375
2021-03-01T18:00:00Z,47525,583,2435,10198,46125
2021-03-01T19:00:00Z,48625,573,2402,9572,49075
2021-03-01T20:00:00Z,49800,562,2370,8925,52150
2021-03-01T21:00:00Z,51300,548,2332,8348,55225
2021-03-01T22:00:00Z,52875,536,2278,7832,58375
2021-03-01T23:00:00Z,55050,525,2238,7408,61450
2021-03-02T00:00:00Z,57125,511,2185,7098,64425
2021-03-02T01:00:00Z,59625,498,2132,6835,67275
2021-03-02T02:00:00Z,62100,488,2085,6650,69900
2021-03-02T03:00:00Z,64575,476,2020,6492,72450
2021-03-02T04:00:00Z,66950,472,1965,6360,74925
2021-03-02T05:00:00Z,70050,462,1882,6230,77175
2021-03-02T06:00:00Z,72350,452,1812,6100,79250
2021-03-02T07:00:00Z,74800,442,1745,5958,81200
2021-03-02T08:00:00Z,77200,430,1690,5800,83075
2021-03-02T09:00:00Z,79600,422,1638,5632,84750
2021-03-02T10:00:00Z,81775,412,1592,5442,86275
2021-03-02T11:00:00Z,84150,400,1558,5262,87650
2021-03-02T12:00:00Z,85875,392,1512,5085,88700
2021-03-02T13:00:00Z,87950,383,1465,4892,89650
2021-03-02T14:00:00Z,89425,375,1428,4738,90300
2021-03-02T15:00:00Z,90600,373,1418,4570,90775
2021-03-02T16:00:00Z,92275,370,1392,4415,90925
2021-03-02T17:00:00Z,93050,371,1368,4280,91050
2021-03-02T18:00:00Z,94500,368,1342,4132,90950
2021-03-02T19:00:00Z,95400,368,1325,4012,90675
2021-03-02T20:00:00Z,96125,363,1308,3892,90200
2021-03-02T21:00:00Z,96825,356,1275,3782,89575
2021-03-02T22:00:00Z,96825,352,1262,3682,88850
2021-03-02T23:00:00Z,97000,350,1245,3580,88000
2021-03-03T00:00:00Z,97075,346,1232,3498,87100
2021-03-03T01:00:00Z,96800,342,1220,3410,86075
2021-03-03T02:00:00Z,96525,339,1192,3332,84975
2021-03-03T03:00:00Z,96025,336,1185,3258,83875
2021-03-03T04:00:00Z,95275,337,1170,3190,82700
2021-03-03T05:00:00Z,94775,334,1162,3130,81475
2021-03-03T06:00:00Z,93975,333,1150,3072,80200
2021-03-03T07:00:00Z,92975,330,1140,3020,79025
2021-03-03T08:00:00Z,92050,320,1130,2975,77725
2021-03-03T09:00:00Z,90950,316,1115,2932,76350
2021-03-03T10:00:00Z,90050,309,1102,2888,75050
2021-03-03T11:00:00Z,88750,302,1088,2855,73725
2021-03-03T12:00:00Z,87550,298,1075,2820,72300
2021-03-03T13:00:00Z,86450,293,1065,2782,71050
2021-03-03T14:00:00Z,85400,290,1055,2758,69650
2021-03-03T15:00:00Z,83900,288,1048,2725,68275
2021-03-03T16:00:00Z,82650,289,1035,2688,66900
2021-03-03T17:00:00Z,81450,293,1028,2655,65575
2021-03-03T18:00:00Z,79900,296,1015,2635,64250
2021-03-03T19:00:00Z,78850,296,1008,2605,62925
2021-03-03T20:00:00Z,77625,296,997,2575,61600
2021-03-03T21:00:00Z,76200,293,994,2545,60350
2021-03-03T22:00:00Z,74950,288,990,2522,59150
2021-03-03T23:00:00Z,73550,289,980,2488,57975
