dummy-row,NA,NA,NA,NA,NA,NA,NA,NA,NA
dummy-row,NA,NA,NA,NA,NA,NA,NA,NA,NA
dummy-row,NA,NA,NA,NA,NA,NA,NA,NA,NA
dummy-row,NA,NA,NA,NA,NA,NA,NA,NA,NA
dummy-row,NA,NA,NA,NA,NA,NA,NA,NA,NA
dummy-row,NA,NA,NA,NA,NA,NA,NA,NA,NA
dummy-row,NA,NA,NA,NA,NA,NA,NA,NA,NA
dummy-row,NA,NA,NA,NA,NA,NA,NA,NA,NA
dummy-row,NA,NA,NA,NA,NA,NA,NA,NA,NA
dummy-row,NA,NA,NA,NA,NA,NA,NA,NA,NA
dummy-row,NA,NA,NA,NA,NA,NA,NA,NA,NA
dummy-row,NA,NA,NA,NA,NA,NA,NA,NA,NA
dummy-row,NA,NA,NA,NA,NA,NA,NA,NA,NA
dummy-row,NA,NA,NA,NA,NA,NA,NA,NA,NA
DateTime,FW_POT,WSSC_POT,WA_GF,WA_LF,LW_POT,LW_FW,FW_OC,WSSC_PA,LW_BR
2020-12-12 00:00:00,74.21,95.93,114.58,0,14.25,8.31,58.33,59.77,6.76
2020-12-12 01:00:00,74.21,95.93,114.58,0,14.25,8.31,58.33,59.77,6.76
2020-12-12 02:00:00,74.21,95.93,114.58,0,14.25,8.31,58.33,59.77,6.76
2020-12-12 03:00:00,74.21,95.93,114.58,0,14.25,8.31,58.33,59.77,6.76
2020-12-12 04:00:00,74.21,95.93,114.58,0,14.25,8.31,58.33,59.77,6.76
2020-12-12 05:00:00,74.21,95.93,114.58,0,14.25,8.31,58.33,59.77,6.76
2020-12-12 06:00:00,74.21,95.93,114.58,0,14.25,8.31,58.33,59.77,6.76
2020-12-12 07:00:00,74.21,95.93,114.58,0,14.25,8.31,58.33,59.77,6.76
2020-12-12 08:00:00,74.21,95.93,114.58,0,14.25,8.31,58.33,59.77,6.76
2020-12-12 09:00:00,74.21,95.93,114.58,0,14.25,8.31,58.33,59.77,6.76
2020-12-12 10:00:00,74.21,95.93,114.58,0,14.25,8.31,58.33,59.77,6.76
2020-12-12 11:00:00,74.21,95.93,114.58,0,14.25,8.31,58.33,59.77,6.76
2020-12-12 12:00:00,74.21,95.93,114.58,0,14.25,8.31,58.33,59.77,6.76
2020-12-12 13:00:00,74.21,95.93,114.58,0,14.25,8.31,58.33,59.77,6.76
2020-12-12 14:00:00,74.21,95.93,114.58,0,14.25,8.31,58.33,59.77,6.76
2020-12-12 15:00:00,74.21,95.93,114.58,0,14.25,8.31,58.33,59.77,6.76
2020-12-12 16:00:00,74.21,95.93,114.58,0,14.25,8.31,58.33,59.77,6.76
2020-12-12 17:00:00,74.21,95.93,114.58,0,14.25,8.31,58.33,59.77,6.76
2020-12-12 18:00:00,74.21,95.93,114.58,0,14.25,8.31,58.33,59.77,6.76
2020-12-12 19:00:00,74.21,95.93,114.58,0,14.25,8.31,58.33,59.77,6.76
2020-12-12 20:00:00,74.21,95.93,114.58,0,14.25,8.31,58.33,59.77,6.76
2020-12-12 21:00:00,74.21,95.93,114.58,0,14.25,8.31,58.33,59.77,6.76
2020-12-12 22:00:00,74.21,95.93,114.58,0,14.25,8.31,58.33,59.77,6.76
2020-12-12 23:00:00,74.21,95.93,114.58,0,14.25,8.31,58.33,59.77,6.76
2020-12-13 00:00:00,80.72,103.09,109,0,19.5,0.02,61.05,59.79,NA
2020-12-13 01:00:00,80.72,103.09,109,0,19.5,0.02,61.05,59.79,NA
2020-12-13 02:00:00,80.72,103.09,109,0,19.5,0.02,61.05,59.79,NA
2020-12-13 03:00:00,80.72,103.09,109,0,19.5,0.02,61.05,59.79,NA
2020-12-13 04:00:00,80.72,103.09,109,0,19.5,0.02,61.05,59.79,NA
2020-12-13 05:00:00,80.72,103.09,109,0,19.5,0.02,61.05,59.79,NA
2020-12-13 06:00:00,80.72,103.09,109,0,19.5,0.02,61.05,59.79,NA
2020-12-13 07:00:00,80.72,103.09,109,0,19.5,0.02,61.05,59.79,NA
2020-12-13 08:00:00,80.72,103.09,109,0,19.5,0.02,61.05,59.79,NA
2020-12-13 09:00:00,80.72,103.09,109,0,19.5,0.02,61.05,59.79,NA
2020-12-13 10:00:00,80.72,103.09,109,0,19.5,0.02,61.05,59.79,NA
2020-12-13 11:00:00,80.72,103.09,109,0,19.5,0.02,61.05,59.79,NA
2020-12-13 12:00:00,80.72,103.09,109,0,19.5,0.02,61.05,59.79,NA
2020-12-13 13:00:00,80.72,103.09,109,0,19.5,0.02,61.05,59.79,NA
2020-12-13 14:00:00,80.72,103.09,109,0,19.5,0.02,61.05,59.79,NA
2020-12-13 15:00:00,80.72,103.09,109,0,19.5,0.02,61.05,59.79,NA
2020-12-13 16:00:00,80.72,103.09,109,0,19.5,0.02,61.05,59.79,NA
2020-12-13 17:00:00,80.72,103.09,109,0,19.5,0.02,61.05,59.79,NA
2020-12-13 18:00:00,80.72,103.09,109,0,19.5,0.02,61.05,59.79,NA
2020-12-13 19:00:00,80.72,103.09,109,0,19.5,0.02,61.05,59.79,NA
2020-12-13 20:00:00,80.72,103.09,109,0,19.5,0.02,61.05,59.79,NA
2020-12-13 21:00:00,80.72,103.09,109,0,19.5,0.02,61.05,59.79,NA
2020-12-13 22:00:00,80.72,103.09,109,0,19.5,0.02,61.05,59.79,NA
2020-12-13 23:00:00,80.72,103.09,109,0,19.5,0.02,61.05,59.79,NA
2020-12-14 00:00:00,62.14,95.25,117.92,0,8.29,12.52,57.18,55.8,7.73
2020-12-14 01:00:00,62.14,95.25,117.92,0,8.29,12.52,57.18,55.8,7.73
2020-12-14 02:00:00,62.14,95.25,117.92,0,8.29,12.52,57.18,55.8,7.73
2020-12-14 03:00:00,62.14,95.25,117.92,0,8.29,12.52,57.18,55.8,7.73
2020-12-14 04:00:00,62.14,95.25,117.92,0,8.29,12.52,57.18,55.8,7.73
2020-12-14 05:00:00,62.14,95.25,117.92,0,8.29,12.52,57.18,55.8,7.73
2020-12-14 06:00:00,62.14,95.25,117.92,0,8.29,12.52,57.18,55.8,7.73
2020-12-14 07:00:00,62.14,95.25,117.92,0,8.29,12.52,57.18,55.8,7.73
2020-12-14 08:00:00,62.14,95.25,117.92,0,8.29,12.52,57.18,55.8,7.73
2020-12-14 09:00:00,62.14,95.25,117.92,0,8.29,12.52,57.18,55.8,7.73
2020-12-14 10:00:00,62.14,95.25,117.92,0,8.29,12.52,57.18,55.8,7.73
2020-12-14 11:00:00,62.14,95.25,117.92,0,8.29,12.52,57.18,55.8,7.73
2020-12-14 12:00:00,62.14,95.25,117.92,0,8.29,12.52,57.18,55.8,7.73
2020-12-14 13:00:00,62.14,95.25,117.92,0,8.29,12.52,57.18,55.8,7.73
2020-12-14 14:00:00,62.14,95.25,117.92,0,8.29,12.52,57.18,55.8,7.73
2020-12-14 15:00:00,62.14,95.25,117.92,0,8.29,12.52,57.18,55.8,7.73
2020-12-14 16:00:00,62.14,95.25,117.92,0,8.29,12.52,57.18,55.8,7.73
2020-12-14 17:00:00,62.14,95.25,117.92,0,8.29,12.52,57.18,55.8,7.73
2020-12-14 18:00:00,62.14,95.25,117.92,0,8.29,12.52,57.18,55.8,7.73
2020-12-14 19:00:00,62.14,95.25,117.92,0,8.29,12.52,57.18,55.8,7.73
2020-12-14 20:00:00,62.14,95.25,117.92,0,8.29,12.52,57.18,55.8,7.73
2020-12-14 21:00:00,62.14,95.25,117.92,0,8.29,12.52,57.18,55.8,7.73
2020-12-14 22:00:00,62.14,95.25,117.92,0,8.29,12.52,57.18,55.8,7.73
2020-12-14 23:00:00,62.14,95.25,117.92,0,8.29,12.52,57.18,55.8,7.73
2020-12-15 00:00:00,68.62,98.15,132.46,0,18.93,0.02,55.42,57.29,NA
2020-12-15 01:00:00,68.62,98.15,132.46,0,18.93,0.02,55.42,57.29,NA
2020-12-15 02:00:00,68.62,98.15,132.46,0,18.93,0.02,55.42,57.29,NA
2020-12-15 03:00:00,68.62,98.15,132.46,0,18.93,0.02,55.42,57.29,NA
2020-12-15 04:00:00,68.62,98.15,132.46,0,18.93,0.02,55.42,57.29,NA
2020-12-15 05:00:00,68.62,98.15,132.46,0,18.93,0.02,55.42,57.29,NA
2020-12-15 06:00:00,68.62,98.15,132.46,0,18.93,0.02,55.42,57.29,NA
2020-12-15 07:00:00,68.62,98.15,132.46,0,18.93,0.02,55.42,57.29,NA
2020-12-15 08:00:00,68.62,98.15,132.46,0,18.93,0.02,55.42,57.29,NA
2020-12-15 09:00:00,68.62,98.15,132.46,0,18.93,0.02,55.42,57.29,NA
2020-12-15 10:00:00,68.62,98.15,132.46,0,18.93,0.02,55.42,57.29,NA
2020-12-15 11:00:00,68.62,98.15,132.46,0,18.93,0.02,55.42,57.29,NA
2020-12-15 12:00:00,68.62,98.15,132.46,0,18.93,0.02,55.42,57.29,NA
2020-12-15 13:00:00,68.62,98.15,132.46,0,18.93,0.02,55.42,57.29,NA
2020-12-15 14:00:00,68.62,98.15,132.46,0,18.93,0.02,55.42,57.29,NA
2020-12-15 15:00:00,68.62,98.15,132.46,0,18.93,0.02,55.42,57.29,NA
2020-12-15 16:00:00,68.62,98.15,132.46,0,18.93,0.02,55.42,57.29,NA
2020-12-15 17:00:00,68.62,98.15,132.46,0,18.93,0.02,55.42,57.29,NA
2020-12-15 18:00:00,68.62,98.15,132.46,0,18.93,0.02,55.42,57.29,NA
2020-12-15 19:00:00,68.62,98.15,132.46,0,18.93,0.02,55.42,57.29,NA
2020-12-15 20:00:00,68.62,98.15,132.46,0,18.93,0.02,55.42,57.29,NA
2020-12-15 21:00:00,68.62,98.15,132.46,0,18.93,0.02,55.42,57.29,NA
2020-12-15 22:00:00,68.62,98.15,132.46,0,18.93,0.02,55.42,57.29,NA
2020-12-15 23:00:00,68.62,98.15,132.46,0,18.93,0.02,55.42,57.29,NA
2020-12-16 00:00:00,66.35,87.48,118.08,0,11.48,8.3,55.7,60.76,7.88
2020-12-16 01:00:00,66.35,87.48,118.08,0,11.48,8.3,55.7,60.76,7.88
2020-12-16 02:00:00,66.35,87.48,118.08,0,11.48,8.3,55.7,60.76,7.88
2020-12-16 03:00:00,66.35,87.48,118.08,0,11.48,8.3,55.7,60.76,7.88
2020-12-16 04:00:00,66.35,87.48,118.08,0,11.48,8.3,55.7,60.76,7.88
2020-12-16 05:00:00,66.35,87.48,118.08,0,11.48,8.3,55.7,60.76,7.88
2020-12-16 06:00:00,66.35,87.48,118.08,0,11.48,8.3,55.7,60.76,7.88
2020-12-16 07:00:00,66.35,87.48,118.08,0,11.48,8.3,55.7,60.76,7.88
2020-12-16 08:00:00,66.35,87.48,118.08,0,11.48,8.3,55.7,60.76,7.88
2020-12-16 09:00:00,66.35,87.48,118.08,0,11.48,8.3,55.7,60.76,7.88
2020-12-16 10:00:00,66.35,87.48,118.08,0,11.48,8.3,55.7,60.76,7.88
2020-12-16 11:00:00,66.35,87.48,118.08,0,11.48,8.3,55.7,60.76,7.88
2020-12-16 12:00:00,66.35,87.48,118.08,0,11.48,8.3,55.7,60.76,7.88
2020-12-16 13:00:00,66.35,87.48,118.08,0,11.48,8.3,55.7,60.76,7.88
2020-12-16 14:00:00,66.35,87.48,118.08,0,11.48,8.3,55.7,60.76,7.88
2020-12-16 15:00:00,66.35,87.48,118.08,0,11.48,8.3,55.7,60.76,7.88
2020-12-16 16:00:00,66.35,87.48,118.08,0,11.48,8.3,55.7,60.76,7.88
2020-12-16 17:00:00,66.35,87.48,118.08,0,11.48,8.3,55.7,60.76,7.88
2020-12-16 18:00:00,66.35,87.48,118.08,0,11.48,8.3,55.7,60.76,7.88
2020-12-16 19:00:00,66.35,87.48,118.08,0,11.48,8.3,55.7,60.76,7.88
2020-12-16 20:00:00,66.35,87.48,118.08,0,11.48,8.3,55.7,60.76,7.88
2020-12-16 21:00:00,66.35,87.48,118.08,0,11.48,8.3,55.7,60.76,7.88
2020-12-16 22:00:00,66.35,87.48,118.08,0,11.48,8.3,55.7,60.76,7.88
2020-12-16 23:00:00,66.35,87.48,118.08,0,11.48,8.3,55.7,60.76,7.88
2020-12-17 00:00:00,60.27,88.2,102.08,0,12.22,8.37,56.28,58.44,8.16
2020-12-17 01:00:00,60.27,88.2,102.08,0,12.22,8.37,56.28,58.44,8.16
2020-12-17 02:00:00,60.27,88.2,102.08,0,12.22,8.37,56.28,58.44,8.16
2020-12-17 03:00:00,60.27,88.2,102.08,0,12.22,8.37,56.28,58.44,8.16
2020-12-17 04:00:00,60.27,88.2,102.08,0,12.22,8.37,56.28,58.44,8.16
2020-12-17 05:00:00,60.27,88.2,102.08,0,12.22,8.37,56.28,58.44,8.16
2020-12-17 06:00:00,60.27,88.2,102.08,0,12.22,8.37,56.28,58.44,8.16
2020-12-17 07:00:00,60.27,88.2,102.08,0,12.22,8.37,56.28,58.44,8.16
2020-12-17 08:00:00,60.27,88.2,102.08,0,12.22,8.37,56.28,58.44,8.16
2020-12-17 09:00:00,60.27,88.2,102.08,0,12.22,8.37,56.28,58.44,8.16
2020-12-17 10:00:00,60.27,88.2,102.08,0,12.22,8.37,56.28,58.44,8.16
2020-12-17 11:00:00,60.27,88.2,102.08,0,12.22,8.37,56.28,58.44,8.16
2020-12-17 12:00:00,60.27,88.2,102.08,0,12.22,8.37,56.28,58.44,8.16
2020-12-17 13:00:00,60.27,88.2,102.08,0,12.22,8.37,56.28,58.44,8.16
2020-12-17 14:00:00,60.27,88.2,102.08,0,12.22,8.37,56.28,58.44,8.16
2020-12-17 15:00:00,60.27,88.2,102.08,0,12.22,8.37,56.28,58.44,8.16
2020-12-17 16:00:00,60.27,88.2,102.08,0,12.22,8.37,56.28,58.44,8.16
2020-12-17 17:00:00,60.27,88.2,102.08,0,12.22,8.37,56.28,58.44,8.16
2020-12-17 18:00:00,60.27,88.2,102.08,0,12.22,8.37,56.28,58.44,8.16
2020-12-17 19:00:00,60.27,88.2,102.08,0,12.22,8.37,56.28,58.44,8.16
2020-12-17 20:00:00,60.27,88.2,102.08,0,12.22,8.37,56.28,58.44,8.16
2020-12-17 21:00:00,60.27,88.2,102.08,0,12.22,8.37,56.28,58.44,8.16
2020-12-17 22:00:00,60.27,88.2,102.08,0,12.22,8.37,56.28,58.44,8.16
2020-12-17 23:00:00,60.27,88.2,102.08,0,12.22,8.37,56.28,58.44,8.16
2020-12-18 00:00:00,68.9,90.05,102.5,0,18.92,0.02,62.41,68.19,NA
2020-12-18 01:00:00,68.9,90.05,102.5,0,18.92,0.02,62.41,68.19,NA
2020-12-18 02:00:00,68.9,90.05,102.5,0,18.92,0.02,62.41,68.19,NA
2020-12-18 03:00:00,68.9,90.05,102.5,0,18.92,0.02,62.41,68.19,NA
2020-12-18 04:00:00,68.9,90.05,102.5,0,18.92,0.02,62.41,68.19,NA
2020-12-18 05:00:00,68.9,90.05,102.5,0,18.92,0.02,62.41,68.19,NA
2020-12-18 06:00:00,68.9,90.05,102.5,0,18.92,0.02,62.41,68.19,NA
2020-12-18 07:00:00,68.9,90.05,102.5,0,18.92,0.02,62.41,68.19,NA
2020-12-18 08:00:00,68.9,90.05,102.5,0,18.92,0.02,62.41,68.19,NA
2020-12-18 09:00:00,68.9,90.05,102.5,0,18.92,0.02,62.41,68.19,NA
2020-12-18 10:00:00,68.9,90.05,102.5,0,18.92,0.02,62.41,68.19,NA
2020-12-18 11:00:00,68.9,90.05,102.5,0,18.92,0.02,62.41,68.19,NA
2020-12-18 12:00:00,68.9,90.05,102.5,0,18.92,0.02,62.41,68.19,NA
2020-12-18 13:00:00,68.9,90.05,102.5,0,18.92,0.02,62.41,68.19,NA
2020-12-18 14:00:00,68.9,90.05,102.5,0,18.92,0.02,62.41,68.19,NA
2020-12-18 15:00:00,68.9,90.05,102.5,0,18.92,0.02,62.41,68.19,NA
2020-12-18 16:00:00,68.9,90.05,102.5,0,18.92,0.02,62.41,68.19,NA
2020-12-18 17:00:00,68.9,90.05,102.5,0,18.92,0.02,62.41,68.19,NA
2020-12-18 18:00:00,68.9,90.05,102.5,0,18.92,0.02,62.41,68.19,NA
2020-12-18 19:00:00,68.9,90.05,102.5,0,18.92,0.02,62.41,68.19,NA
2020-12-18 20:00:00,68.9,90.05,102.5,0,18.92,0.02,62.41,68.19,NA
2020-12-18 21:00:00,68.9,90.05,102.5,0,18.92,0.02,62.41,68.19,NA
2020-12-18 22:00:00,68.9,90.05,102.5,0,18.92,0.02,62.41,68.19,NA
2020-12-18 23:00:00,68.9,90.05,102.5,0,18.92,0.02,62.41,68.19,NA
2020-12-19 00:00:00,72.65,89.6,119.58,0,19.04,0.02,60.42,66.78,NA
2020-12-19 01:00:00,72.65,89.6,119.58,0,19.04,0.02,60.42,66.78,NA
2020-12-19 02:00:00,72.65,89.6,119.58,0,19.04,0.02,60.42,66.78,NA
2020-12-19 03:00:00,72.65,89.6,119.58,0,19.04,0.02,60.42,66.78,NA
2020-12-19 04:00:00,72.65,89.6,119.58,0,19.04,0.02,60.42,66.78,NA
2020-12-19 05:00:00,72.65,89.6,119.58,0,19.04,0.02,60.42,66.78,NA
2020-12-19 06:00:00,72.65,89.6,119.58,0,19.04,0.02,60.42,66.78,NA
2020-12-19 07:00:00,72.65,89.6,119.58,0,19.04,0.02,60.42,66.78,NA
2020-12-19 08:00:00,72.65,89.6,119.58,0,19.04,0.02,60.42,66.78,NA
2020-12-19 09:00:00,72.65,89.6,119.58,0,19.04,0.02,60.42,66.78,NA
2020-12-19 10:00:00,72.65,89.6,119.58,0,19.04,0.02,60.42,66.78,NA
2020-12-19 11:00:00,72.65,89.6,119.58,0,19.04,0.02,60.42,66.78,NA
2020-12-19 12:00:00,72.65,89.6,119.58,0,19.04,0.02,60.42,66.78,NA
2020-12-19 13:00:00,72.65,89.6,119.58,0,19.04,0.02,60.42,66.78,NA
2020-12-19 14:00:00,72.65,89.6,119.58,0,19.04,0.02,60.42,66.78,NA
2020-12-19 15:00:00,72.65,89.6,119.58,0,19.04,0.02,60.42,66.78,NA
2020-12-19 16:00:00,72.65,89.6,119.58,0,19.04,0.02,60.42,66.78,NA
2020-12-19 17:00:00,72.65,89.6,119.58,0,19.04,0.02,60.42,66.78,NA
2020-12-19 18:00:00,72.65,89.6,119.58,0,19.04,0.02,60.42,66.78,NA
2020-12-19 19:00:00,72.65,89.6,119.58,0,19.04,0.02,60.42,66.78,NA
2020-12-19 20:00:00,72.65,89.6,119.58,0,19.04,0.02,60.42,66.78,NA
2020-12-19 21:00:00,72.65,89.6,119.58,0,19.04,0.02,60.42,66.78,NA
2020-12-19 22:00:00,72.65,89.6,119.58,0,19.04,0.02,60.42,66.78,NA
2020-12-19 23:00:00,72.65,89.6,119.58,0,19.04,0.02,60.42,66.78,NA
2020-12-20 00:00:00,74.07,90.35,115.38,0,20.11,0.02,60.79,66.82,NA
2020-12-20 01:00:00,74.07,90.35,115.38,0,20.11,0.02,60.79,66.82,NA
2020-12-20 02:00:00,74.07,90.35,115.38,0,20.11,0.02,60.79,66.82,NA
2020-12-20 03:00:00,74.07,90.35,115.38,0,20.11,0.02,60.79,66.82,NA
2020-12-20 04:00:00,74.07,90.35,115.38,0,20.11,0.02,60.79,66.82,NA
2020-12-20 05:00:00,74.07,90.35,115.38,0,20.11,0.02,60.79,66.82,NA
2020-12-20 06:00:00,74.07,90.35,115.38,0,20.11,0.02,60.79,66.82,NA
2020-12-20 07:00:00,74.07,90.35,115.38,0,20.11,0.02,60.79,66.82,NA
2020-12-20 08:00:00,74.07,90.35,115.38,0,20.11,0.02,60.79,66.82,NA
2020-12-20 09:00:00,74.07,90.35,115.38,0,20.11,0.02,60.79,66.82,NA
2020-12-20 10:00:00,74.07,90.35,115.38,0,20.11,0.02,60.79,66.82,NA
2020-12-20 11:00:00,74.07,90.35,115.38,0,20.11,0.02,60.79,66.82,NA
2020-12-20 12:00:00,74.07,90.35,115.38,0,20.11,0.02,60.79,66.82,NA
2020-12-20 13:00:00,74.07,90.35,115.38,0,20.11,0.02,60.79,66.82,NA
2020-12-20 14:00:00,74.07,90.35,115.38,0,20.11,0.02,60.79,66.82,NA
2020-12-20 15:00:00,74.07,90.35,115.38,0,20.11,0.02,60.79,66.82,NA
2020-12-20 16:00:00,74.07,90.35,115.38,0,20.11,0.02,60.79,66.82,NA
2020-12-20 17:00:00,74.07,90.35,115.38,0,20.11,0.02,60.79,66.82,NA
2020-12-20 18:00:00,74.07,90.35,115.38,0,20.11,0.02,60.79,66.82,NA
2020-12-20 19:00:00,74.07,90.35,115.38,0,20.11,0.02,60.79,66.82,NA
2020-12-20 20:00:00,74.07,90.35,115.38,0,20.11,0.02,60.79,66.82,NA
2020-12-20 21:00:00,74.07,90.35,115.38,0,20.11,0.02,60.79,66.82,NA
2020-12-20 22:00:00,74.07,90.35,115.38,0,20.11,0.02,60.79,66.82,NA
2020-12-20 23:00:00,74.07,90.35,115.38,0,20.11,0.02,60.79,66.82,NA
2020-12-21 00:00:00,72.24,90.51,128.25,0,19.37,0.02,60.59,67.54,NA
2020-12-21 01:00:00,72.24,90.51,128.25,0,19.37,0.02,60.59,67.54,NA
2020-12-21 02:00:00,72.24,90.51,128.25,0,19.37,0.02,60.59,67.54,NA
2020-12-21 03:00:00,72.24,90.51,128.25,0,19.37,0.02,60.59,67.54,NA
2020-12-21 04:00:00,72.24,90.51,128.25,0,19.37,0.02,60.59,67.54,NA
2020-12-21 05:00:00,72.24,90.51,128.25,0,19.37,0.02,60.59,67.54,NA
2020-12-21 06:00:00,72.24,90.51,128.25,0,19.37,0.02,60.59,67.54,NA
2020-12-21 07:00:00,72.24,90.51,128.25,0,19.37,0.02,60.59,67.54,NA
2020-12-21 08:00:00,72.24,90.51,128.25,0,19.37,0.02,60.59,67.54,NA
2020-12-21 09:00:00,72.24,90.51,128.25,0,19.37,0.02,60.59,67.54,NA
2020-12-21 10:00:00,72.24,90.51,128.25,0,19.37,0.02,60.59,67.54,NA
2020-12-21 11:00:00,72.24,90.51,128.25,0,19.37,0.02,60.59,67.54,NA
2020-12-21 12:00:00,72.24,90.51,128.25,0,19.37,0.02,60.59,67.54,NA
2020-12-21 13:00:00,72.24,90.51,128.25,0,19.37,0.02,60.59,67.54,NA
2020-12-21 14:00:00,72.24,90.51,128.25,0,19.37,0.02,60.59,67.54,NA
2020-12-21 15:00:00,72.24,90.51,128.25,0,19.37,0.02,60.59,67.54,NA
2020-12-21 16:00:00,72.24,90.51,128.25,0,19.37,0.02,60.59,67.54,NA
2020-12-21 17:00:00,72.24,90.51,128.25,0,19.37,0.02,60.59,67.54,NA
2020-12-21 18:00:00,72.24,90.51,128.25,0,19.37,0.02,60.59,67.54,NA
2020-12-21 19:00:00,72.24,90.51,128.25,0,19.37,0.02,60.59,67.54,NA
2020-12-21 20:00:00,72.24,90.51,128.25,0,19.37,0.02,60.59,67.54,NA
2020-12-21 21:00:00,72.24,90.51,128.25,0,19.37,0.02,60.59,67.54,NA
2020-12-21 22:00:00,72.24,90.51,128.25,0,19.37,0.02,60.59,67.54,NA
2020-12-21 23:00:00,72.24,90.51,128.25,0,19.37,0.02,60.59,67.54,NA
2020-12-22 00:00:00,67.24,90.19,111,0,18.95,0.02,60.67,68.16,NA
2020-12-22 01:00:00,67.24,90.19,111,0,18.95,0.02,60.67,68.16,NA
2020-12-22 02:00:00,67.24,90.19,111,0,18.95,0.02,60.67,68.16,NA
2020-12-22 03:00:00,67.24,90.19,111,0,18.95,0.02,60.67,68.16,NA
2020-12-22 04:00:00,67.24,90.19,111,0,18.95,0.02,60.67,68.16,NA
2020-12-22 05:00:00,67.24,90.19,111,0,18.95,0.02,60.67,68.16,NA
2020-12-22 06:00:00,67.24,90.19,111,0,18.95,0.02,60.67,68.16,NA
2020-12-22 07:00:00,67.24,90.19,111,0,18.95,0.02,60.67,68.16,NA
2020-12-22 08:00:00,67.24,90.19,111,0,18.95,0.02,60.67,68.16,NA
2020-12-22 09:00:00,67.24,90.19,111,0,18.95,0.02,60.67,68.16,NA
2020-12-22 10:00:00,67.24,90.19,111,0,18.95,0.02,60.67,68.16,NA
2020-12-22 11:00:00,67.24,90.19,111,0,18.95,0.02,60.67,68.16,NA
2020-12-22 12:00:00,67.24,90.19,111,0,18.95,0.02,60.67,68.16,NA
2020-12-22 13:00:00,67.24,90.19,111,0,18.95,0.02,60.67,68.16,NA
2020-12-22 14:00:00,67.24,90.19,111,0,18.95,0.02,60.67,68.16,NA
2020-12-22 15:00:00,67.24,90.19,111,0,18.95,0.02,60.67,68.16,NA
2020-12-22 16:00:00,67.24,90.19,111,0,18.95,0.02,60.67,68.16,NA
2020-12-22 17:00:00,67.24,90.19,111,0,18.95,0.02,60.67,68.16,NA
2020-12-22 18:00:00,67.24,90.19,111,0,18.95,0.02,60.67,68.16,NA
2020-12-22 19:00:00,67.24,90.19,111,0,18.95,0.02,60.67,68.16,NA
2020-12-22 20:00:00,67.24,90.19,111,0,18.95,0.02,60.67,68.16,NA
2020-12-22 21:00:00,67.24,90.19,111,0,18.95,0.02,60.67,68.16,NA
2020-12-22 22:00:00,67.24,90.19,111,0,18.95,0.02,60.67,68.16,NA
2020-12-22 23:00:00,67.24,90.19,111,0,18.95,0.02,60.67,68.16,NA
2020-12-23 00:00:00,76.64,85.32,126.92,0,17.62,0.02,60.66,68.26,NA
2020-12-23 01:00:00,76.64,85.32,126.92,0,17.62,0.02,60.66,68.26,NA
2020-12-23 02:00:00,76.64,85.32,126.92,0,17.62,0.02,60.66,68.26,NA
2020-12-23 03:00:00,76.64,85.32,126.92,0,17.62,0.02,60.66,68.26,NA
2020-12-23 04:00:00,76.64,85.32,126.92,0,17.62,0.02,60.66,68.26,NA
2020-12-23 05:00:00,76.64,85.32,126.92,0,17.62,0.02,60.66,68.26,NA
2020-12-23 06:00:00,76.64,85.32,126.92,0,17.62,0.02,60.66,68.26,NA
2020-12-23 07:00:00,76.64,85.32,126.92,0,17.62,0.02,60.66,68.26,NA
2020-12-23 08:00:00,76.64,85.32,126.92,0,17.62,0.02,60.66,68.26,NA
2020-12-23 09:00:00,76.64,85.32,126.92,0,17.62,0.02,60.66,68.26,NA
2020-12-23 10:00:00,76.64,85.32,126.92,0,17.62,0.02,60.66,68.26,NA
2020-12-23 11:00:00,76.64,85.32,126.92,0,17.62,0.02,60.66,68.26,NA
2020-12-23 12:00:00,76.64,85.32,126.92,0,17.62,0.02,60.66,68.26,NA
2020-12-23 13:00:00,76.64,85.32,126.92,0,17.62,0.02,60.66,68.26,NA
2020-12-23 14:00:00,76.64,85.32,126.92,0,17.62,0.02,60.66,68.26,NA
2020-12-23 15:00:00,76.64,85.32,126.92,0,17.62,0.02,60.66,68.26,NA
2020-12-23 16:00:00,76.64,85.32,126.92,0,17.62,0.02,60.66,68.26,NA
2020-12-23 17:00:00,76.64,85.32,126.92,0,17.62,0.02,60.66,68.26,NA
2020-12-23 18:00:00,76.64,85.32,126.92,0,17.62,0.02,60.66,68.26,NA
2020-12-23 19:00:00,76.64,85.32,126.92,0,17.62,0.02,60.66,68.26,NA
2020-12-23 20:00:00,76.64,85.32,126.92,0,17.62,0.02,60.66,68.26,NA
2020-12-23 21:00:00,76.64,85.32,126.92,0,17.62,0.02,60.66,68.26,NA
2020-12-23 22:00:00,76.64,85.32,126.92,0,17.62,0.02,60.66,68.26,NA
2020-12-23 23:00:00,76.64,85.32,126.92,0,17.62,0.02,60.66,68.26,NA
2020-12-24 00:00:00,70.89,88.37,115.04,0,18.91,0.02,60.92,68.14,NA
2020-12-24 01:00:00,70.89,88.37,115.04,0,18.91,0.02,60.92,68.14,NA
2020-12-24 02:00:00,70.89,88.37,115.04,0,18.91,0.02,60.92,68.14,NA
2020-12-24 03:00:00,70.89,88.37,115.04,0,18.91,0.02,60.92,68.14,NA
2020-12-24 04:00:00,70.89,88.37,115.04,0,18.91,0.02,60.92,68.14,NA
2020-12-24 05:00:00,70.89,88.37,115.04,0,18.91,0.02,60.92,68.14,NA
2020-12-24 06:00:00,70.89,88.37,115.04,0,18.91,0.02,60.92,68.14,NA
2020-12-24 07:00:00,70.89,88.37,115.04,0,18.91,0.02,60.92,68.14,NA
2020-12-24 08:00:00,70.89,88.37,115.04,0,18.91,0.02,60.92,68.14,NA
2020-12-24 09:00:00,70.89,88.37,115.04,0,18.91,0.02,60.92,68.14,NA
2020-12-24 10:00:00,70.89,88.37,115.04,0,18.91,0.02,60.92,68.14,NA
2020-12-24 11:00:00,70.89,88.37,115.04,0,18.91,0.02,60.92,68.14,NA
2020-12-24 12:00:00,70.89,88.37,115.04,0,18.91,0.02,60.92,68.14,NA
2020-12-24 13:00:00,70.89,88.37,115.04,0,18.91,0.02,60.92,68.14,NA
2020-12-24 14:00:00,70.89,88.37,115.04,0,18.91,0.02,60.92,68.14,NA
2020-12-24 15:00:00,70.89,88.37,115.04,0,18.91,0.02,60.92,68.14,NA
2020-12-24 16:00:00,70.89,88.37,115.04,0,18.91,0.02,60.92,68.14,NA
2020-12-24 17:00:00,70.89,88.37,115.04,0,18.91,0.02,60.92,68.14,NA
2020-12-24 18:00:00,70.89,88.37,115.04,0,18.91,0.02,60.92,68.14,NA
2020-12-24 19:00:00,70.89,88.37,115.04,0,18.91,0.02,60.92,68.14,NA
2020-12-24 20:00:00,70.89,88.37,115.04,0,18.91,0.02,60.92,68.14,NA
2020-12-24 21:00:00,70.89,88.37,115.04,0,18.91,0.02,60.92,68.14,NA
2020-12-24 22:00:00,70.89,88.37,115.04,0,18.91,0.02,60.92,68.14,NA
2020-12-24 23:00:00,70.89,88.37,115.04,0,18.91,0.02,60.92,68.14,NA
2020-12-25 00:00:00,70.3,81.07,102.13,0,18.67,0.02,60.32,68.38,NA
2020-12-25 01:00:00,70.3,81.07,102.13,0,18.67,0.02,60.32,68.38,NA
2020-12-25 02:00:00,70.3,81.07,102.13,0,18.67,0.02,60.32,68.38,NA
2020-12-25 03:00:00,70.3,81.07,102.13,0,18.67,0.02,60.32,68.38,NA
2020-12-25 04:00:00,70.3,81.07,102.13,0,18.67,0.02,60.32,68.38,NA
2020-12-25 05:00:00,70.3,81.07,102.13,0,18.67,0.02,60.32,68.38,NA
2020-12-25 06:00:00,70.3,81.07,102.13,0,18.67,0.02,60.32,68.38,NA
2020-12-25 07:00:00,70.3,81.07,102.13,0,18.67,0.02,60.32,68.38,NA
2020-12-25 08:00:00,70.3,81.07,102.13,0,18.67,0.02,60.32,68.38,NA
2020-12-25 09:00:00,70.3,81.07,102.13,0,18.67,0.02,60.32,68.38,NA
2020-12-25 10:00:00,70.3,81.07,102.13,0,18.67,0.02,60.32,68.38,NA
2020-12-25 11:00:00,70.3,81.07,102.13,0,18.67,0.02,60.32,68.38,NA
2020-12-25 12:00:00,70.3,81.07,102.13,0,18.67,0.02,60.32,68.38,NA
2020-12-25 13:00:00,70.3,81.07,102.13,0,18.67,0.02,60.32,68.38,NA
2020-12-25 14:00:00,70.3,81.07,102.13,0,18.67,0.02,60.32,68.38,NA
2020-12-25 15:00:00,70.3,81.07,102.13,0,18.67,0.02,60.32,68.38,NA
2020-12-25 16:00:00,70.3,81.07,102.13,0,18.67,0.02,60.32,68.38,NA
2020-12-25 17:00:00,70.3,81.07,102.13,0,18.67,0.02,60.32,68.38,NA
2020-12-25 18:00:00,70.3,81.07,102.13,0,18.67,0.02,60.32,68.38,NA
2020-12-25 19:00:00,70.3,81.07,102.13,0,18.67,0.02,60.32,68.38,NA
2020-12-25 20:00:00,70.3,81.07,102.13,0,18.67,0.02,60.32,68.38,NA
2020-12-25 21:00:00,70.3,81.07,102.13,0,18.67,0.02,60.32,68.38,NA
2020-12-25 22:00:00,70.3,81.07,102.13,0,18.67,0.02,60.32,68.38,NA
2020-12-25 23:00:00,70.3,81.07,102.13,0,18.67,0.02,60.32,68.38,NA
2020-12-26 00:00:00,75.74,86.56,98.58,0,18.82,0.02,56.58,63.96,NA
2020-12-26 01:00:00,75.74,86.56,98.58,0,18.82,0.02,56.58,63.96,NA
2020-12-26 02:00:00,75.74,86.56,98.58,0,18.82,0.02,56.58,63.96,NA
2020-12-26 03:00:00,75.74,86.56,98.58,0,18.82,0.02,56.58,63.96,NA
2020-12-26 04:00:00,75.74,86.56,98.58,0,18.82,0.02,56.58,63.96,NA
2020-12-26 05:00:00,75.74,86.56,98.58,0,18.82,0.02,56.58,63.96,NA
2020-12-26 06:00:00,75.74,86.56,98.58,0,18.82,0.02,56.58,63.96,NA
2020-12-26 07:00:00,75.74,86.56,98.58,0,18.82,0.02,56.58,63.96,NA
2020-12-26 08:00:00,75.74,86.56,98.58,0,18.82,0.02,56.58,63.96,NA
2020-12-26 09:00:00,75.74,86.56,98.58,0,18.82,0.02,56.58,63.96,NA
2020-12-26 10:00:00,75.74,86.56,98.58,0,18.82,0.02,56.58,63.96,NA
2020-12-26 11:00:00,75.74,86.56,98.58,0,18.82,0.02,56.58,63.96,NA
2020-12-26 12:00:00,75.74,86.56,98.58,0,18.82,0.02,56.58,63.96,NA
2020-12-26 13:00:00,75.74,86.56,98.58,0,18.82,0.02,56.58,63.96,NA
2020-12-26 14:00:00,75.74,86.56,98.58,0,18.82,0.02,56.58,63.96,NA
2020-12-26 15:00:00,75.74,86.56,98.58,0,18.82,0.02,56.58,63.96,NA
2020-12-26 16:00:00,75.74,86.56,98.58,0,18.82,0.02,56.58,63.96,NA
2020-12-26 17:00:00,75.74,86.56,98.58,0,18.82,0.02,56.58,63.96,NA
2020-12-26 18:00:00,75.74,86.56,98.58,0,18.82,0.02,56.58,63.96,NA
2020-12-26 19:00:00,75.74,86.56,98.58,0,18.82,0.02,56.58,63.96,NA
2020-12-26 20:00:00,75.74,86.56,98.58,0,18.82,0.02,56.58,63.96,NA
2020-12-26 21:00:00,75.74,86.56,98.58,0,18.82,0.02,56.58,63.96,NA
2020-12-26 22:00:00,75.74,86.56,98.58,0,18.82,0.02,56.58,63.96,NA
2020-12-26 23:00:00,75.74,86.56,98.58,0,18.82,0.02,56.58,63.96,NA
2020-12-27 00:00:00,83.1,90.44,107.79,0,19.9,0.02,59.05,65.72,NA
2020-12-27 01:00:00,83.1,90.44,107.79,0,19.9,0.02,59.05,65.72,NA
2020-12-27 02:00:00,83.1,90.44,107.79,0,19.9,0.02,59.05,65.72,NA
2020-12-27 03:00:00,83.1,90.44,107.79,0,19.9,0.02,59.05,65.72,NA
2020-12-27 04:00:00,83.1,90.44,107.79,0,19.9,0.02,59.05,65.72,NA
2020-12-27 05:00:00,83.1,90.44,107.79,0,19.9,0.02,59.05,65.72,NA
2020-12-27 06:00:00,83.1,90.44,107.79,0,19.9,0.02,59.05,65.72,NA
2020-12-27 07:00:00,83.1,90.44,107.79,0,19.9,0.02,59.05,65.72,NA
2020-12-27 08:00:00,83.1,90.44,107.79,0,19.9,0.02,59.05,65.72,NA
2020-12-27 09:00:00,83.1,90.44,107.79,0,19.9,0.02,59.05,65.72,NA
2020-12-27 10:00:00,83.1,90.44,107.79,0,19.9,0.02,59.05,65.72,NA
2020-12-27 11:00:00,83.1,90.44,107.79,0,19.9,0.02,59.05,65.72,NA
2020-12-27 12:00:00,83.1,90.44,107.79,0,19.9,0.02,59.05,65.72,NA
2020-12-27 13:00:00,83.1,90.44,107.79,0,19.9,0.02,59.05,65.72,NA
2020-12-27 14:00:00,83.1,90.44,107.79,0,19.9,0.02,59.05,65.72,NA
2020-12-27 15:00:00,83.1,90.44,107.79,0,19.9,0.02,59.05,65.72,NA
2020-12-27 16:00:00,83.1,90.44,107.79,0,19.9,0.02,59.05,65.72,NA
2020-12-27 17:00:00,83.1,90.44,107.79,0,19.9,0.02,59.05,65.72,NA
2020-12-27 18:00:00,83.1,90.44,107.79,0,19.9,0.02,59.05,65.72,NA
2020-12-27 19:00:00,83.1,90.44,107.79,0,19.9,0.02,59.05,65.72,NA
2020-12-27 20:00:00,83.1,90.44,107.79,0,19.9,0.02,59.05,65.72,NA
2020-12-27 21:00:00,83.1,90.44,107.79,0,19.9,0.02,59.05,65.72,NA
2020-12-27 22:00:00,83.1,90.44,107.79,0,19.9,0.02,59.05,65.72,NA
2020-12-27 23:00:00,83.1,90.44,107.79,0,19.9,0.02,59.05,65.72,NA
2020-12-28 00:00:00,81.2,88.56,111.71,0,19.1,0.02,60.54,63.61,NA
2020-12-28 01:00:00,81.2,88.56,111.71,0,19.1,0.02,60.54,63.61,NA
2020-12-28 02:00:00,81.2,88.56,111.71,0,19.1,0.02,60.54,63.61,NA
2020-12-28 03:00:00,81.2,88.56,111.71,0,19.1,0.02,60.54,63.61,NA
2020-12-28 04:00:00,81.2,88.56,111.71,0,19.1,0.02,60.54,63.61,NA
2020-12-28 05:00:00,81.2,88.56,111.71,0,19.1,0.02,60.54,63.61,NA
2020-12-28 06:00:00,81.2,88.56,111.71,0,19.1,0.02,60.54,63.61,NA
2020-12-28 07:00:00,81.2,88.56,111.71,0,19.1,0.02,60.54,63.61,NA
2020-12-28 08:00:00,81.2,88.56,111.71,0,19.1,0.02,60.54,63.61,NA
2020-12-28 09:00:00,81.2,88.56,111.71,0,19.1,0.02,60.54,63.61,NA
2020-12-28 10:00:00,81.2,88.56,111.71,0,19.1,0.02,60.54,63.61,NA
2020-12-28 11:00:00,81.2,88.56,111.71,0,19.1,0.02,60.54,63.61,NA
2020-12-28 12:00:00,81.2,88.56,111.71,0,19.1,0.02,60.54,63.61,NA
2020-12-28 13:00:00,81.2,88.56,111.71,0,19.1,0.02,60.54,63.61,NA
2020-12-28 14:00:00,81.2,88.56,111.71,0,19.1,0.02,60.54,63.61,NA
2020-12-28 15:00:00,81.2,88.56,111.71,0,19.1,0.02,60.54,63.61,NA
2020-12-28 16:00:00,81.2,88.56,111.71,0,19.1,0.02,60.54,63.61,NA
2020-12-28 17:00:00,81.2,88.56,111.71,0,19.1,0.02,60.54,63.61,NA
2020-12-28 18:00:00,81.2,88.56,111.71,0,19.1,0.02,60.54,63.61,NA
2020-12-28 19:00:00,81.2,88.56,111.71,0,19.1,0.02,60.54,63.61,NA
2020-12-28 20:00:00,81.2,88.56,111.71,0,19.1,0.02,60.54,63.61,NA
2020-12-28 21:00:00,81.2,88.56,111.71,0,19.1,0.02,60.54,63.61,NA
2020-12-28 22:00:00,81.2,88.56,111.71,0,19.1,0.02,60.54,63.61,NA
2020-12-28 23:00:00,81.2,88.56,111.71,0,19.1,0.02,60.54,63.61,NA
2020-12-29 00:00:00,74.39,93.16,113.54,0,19.8,0.02,57.92,63.76,NA
2020-12-29 01:00:00,74.39,93.16,113.54,0,19.8,0.02,57.92,63.76,NA
2020-12-29 02:00:00,74.39,93.16,113.54,0,19.8,0.02,57.92,63.76,NA
2020-12-29 03:00:00,74.39,93.16,113.54,0,19.8,0.02,57.92,63.76,NA
2020-12-29 04:00:00,74.39,93.16,113.54,0,19.8,0.02,57.92,63.76,NA
2020-12-29 05:00:00,74.39,93.16,113.54,0,19.8,0.02,57.92,63.76,NA
2020-12-29 06:00:00,74.39,93.16,113.54,0,19.8,0.02,57.92,63.76,NA
2020-12-29 07:00:00,74.39,93.16,113.54,0,19.8,0.02,57.92,63.76,NA
2020-12-29 08:00:00,74.39,93.16,113.54,0,19.8,0.02,57.92,63.76,NA
2020-12-29 09:00:00,74.39,93.16,113.54,0,19.8,0.02,57.92,63.76,NA
2020-12-29 10:00:00,74.39,93.16,113.54,0,19.8,0.02,57.92,63.76,NA
2020-12-29 11:00:00,74.39,93.16,113.54,0,19.8,0.02,57.92,63.76,NA
2020-12-29 12:00:00,74.39,93.16,113.54,0,19.8,0.02,57.92,63.76,NA
2020-12-29 13:00:00,74.39,93.16,113.54,0,19.8,0.02,57.92,63.76,NA
2020-12-29 14:00:00,74.39,93.16,113.54,0,19.8,0.02,57.92,63.76,NA
2020-12-29 15:00:00,74.39,93.16,113.54,0,19.8,0.02,57.92,63.76,NA
2020-12-29 16:00:00,74.39,93.16,113.54,0,19.8,0.02,57.92,63.76,NA
2020-12-29 17:00:00,74.39,93.16,113.54,0,19.8,0.02,57.92,63.76,NA
2020-12-29 18:00:00,74.39,93.16,113.54,0,19.8,0.02,57.92,63.76,NA
2020-12-29 19:00:00,74.39,93.16,113.54,0,19.8,0.02,57.92,63.76,NA
2020-12-29 20:00:00,74.39,93.16,113.54,0,19.8,0.02,57.92,63.76,NA
2020-12-29 21:00:00,74.39,93.16,113.54,0,19.8,0.02,57.92,63.76,NA
2020-12-29 22:00:00,74.39,93.16,113.54,0,19.8,0.02,57.92,63.76,NA
2020-12-29 23:00:00,74.39,93.16,113.54,0,19.8,0.02,57.92,63.76,NA
2020-12-30 00:00:00,79,92.92,111.42,0,18.33,0.02,58.03,57.78,NA
2020-12-30 01:00:00,79,92.92,111.42,0,18.33,0.02,58.03,57.78,NA
2020-12-30 02:00:00,79,92.92,111.42,0,18.33,0.02,58.03,57.78,NA
2020-12-30 03:00:00,79,92.92,111.42,0,18.33,0.02,58.03,57.78,NA
2020-12-30 04:00:00,79,92.92,111.42,0,18.33,0.02,58.03,57.78,NA
2020-12-30 05:00:00,79,92.92,111.42,0,18.33,0.02,58.03,57.78,NA
2020-12-30 06:00:00,79,92.92,111.42,0,18.33,0.02,58.03,57.78,NA
2020-12-30 07:00:00,79,92.92,111.42,0,18.33,0.02,58.03,57.78,NA
2020-12-30 08:00:00,79,92.92,111.42,0,18.33,0.02,58.03,57.78,NA
2020-12-30 09:00:00,79,92.92,111.42,0,18.33,0.02,58.03,57.78,NA
2020-12-30 10:00:00,79,92.92,111.42,0,18.33,0.02,58.03,57.78,NA
2020-12-30 11:00:00,79,92.92,111.42,0,18.33,0.02,58.03,57.78,NA
2020-12-30 12:00:00,79,92.92,111.42,0,18.33,0.02,58.03,57.78,NA
2020-12-30 13:00:00,79,92.92,111.42,0,18.33,0.02,58.03,57.78,NA
2020-12-30 14:00:00,79,92.92,111.42,0,18.33,0.02,58.03,57.78,NA
2020-12-30 15:00:00,79,92.92,111.42,0,18.33,0.02,58.03,57.78,NA
2020-12-30 16:00:00,79,92.92,111.42,0,18.33,0.02,58.03,57.78,NA
2020-12-30 17:00:00,79,92.92,111.42,0,18.33,0.02,58.03,57.78,NA
2020-12-30 18:00:00,79,92.92,111.42,0,18.33,0.02,58.03,57.78,NA
2020-12-30 19:00:00,79,92.92,111.42,0,18.33,0.02,58.03,57.78,NA
2020-12-30 20:00:00,79,92.92,111.42,0,18.33,0.02,58.03,57.78,NA
2020-12-30 21:00:00,79,92.92,111.42,0,18.33,0.02,58.03,57.78,NA
2020-12-30 22:00:00,79,92.92,111.42,0,18.33,0.02,58.03,57.78,NA
2020-12-30 23:00:00,79,92.92,111.42,0,18.33,0.02,58.03,57.78,NA
2020-12-31 00:00:00,69.96,92.93,117.21,0,18.43,0.02,58.43,65.36,NA
2020-12-31 01:00:00,69.96,92.93,117.21,0,18.43,0.02,58.43,65.36,NA
2020-12-31 02:00:00,69.96,92.93,117.21,0,18.43,0.02,58.43,65.36,NA
2020-12-31 03:00:00,69.96,92.93,117.21,0,18.43,0.02,58.43,65.36,NA
2020-12-31 04:00:00,69.96,92.93,117.21,0,18.43,0.02,58.43,65.36,NA
2020-12-31 05:00:00,69.96,92.93,117.21,0,18.43,0.02,58.43,65.36,NA
2020-12-31 06:00:00,69.96,92.93,117.21,0,18.43,0.02,58.43,65.36,NA
2020-12-31 07:00:00,69.96,92.93,117.21,0,18.43,0.02,58.43,65.36,NA
2020-12-31 08:00:00,69.96,92.93,117.21,0,18.43,0.02,58.43,65.36,NA
2020-12-31 09:00:00,69.96,92.93,117.21,0,18.43,0.02,58.43,65.36,NA
2020-12-31 10:00:00,69.96,92.93,117.21,0,18.43,0.02,58.43,65.36,NA
2020-12-31 11:00:00,69.96,92.93,117.21,0,18.43,0.02,58.43,65.36,NA
2020-12-31 12:00:00,69.96,92.93,117.21,0,18.43,0.02,58.43,65.36,NA
2020-12-31 13:00:00,69.96,92.93,117.21,0,18.43,0.02,58.43,65.36,NA
2020-12-31 14:00:00,69.96,92.93,117.21,0,18.43,0.02,58.43,65.36,NA
2020-12-31 15:00:00,69.96,92.93,117.21,0,18.43,0.02,58.43,65.36,NA
2020-12-31 16:00:00,69.96,92.93,117.21,0,18.43,0.02,58.43,65.36,NA
2020-12-31 17:00:00,69.96,92.93,117.21,0,18.43,0.02,58.43,65.36,NA
2020-12-31 18:00:00,69.96,92.93,117.21,0,18.43,0.02,58.43,65.36,NA
2020-12-31 19:00:00,69.96,92.93,117.21,0,18.43,0.02,58.43,65.36,NA
2020-12-31 20:00:00,69.96,92.93,117.21,0,18.43,0.02,58.43,65.36,NA
2020-12-31 21:00:00,69.96,92.93,117.21,0,18.43,0.02,58.43,65.36,NA
2020-12-31 22:00:00,69.96,92.93,117.21,0,18.43,0.02,58.43,65.36,NA
2020-12-31 23:00:00,69.96,92.93,117.21,0,18.43,0.02,58.43,65.36,NA
2021-01-01 00:00:00,71.08,92.79,114.29,0,17.55,0.02,57.77,67.42,NA
2021-01-01 01:00:00,71.08,92.79,114.29,0,17.55,0.02,57.77,67.42,NA
2021-01-01 02:00:00,71.08,92.79,114.29,0,17.55,0.02,57.77,67.42,NA
2021-01-01 03:00:00,71.08,92.79,114.29,0,17.55,0.02,57.77,67.42,NA
2021-01-01 04:00:00,71.08,92.79,114.29,0,17.55,0.02,57.77,67.42,NA
2021-01-01 05:00:00,71.08,92.79,114.29,0,17.55,0.02,57.77,67.42,NA
2021-01-01 06:00:00,71.08,92.79,114.29,0,17.55,0.02,57.77,67.42,NA
2021-01-01 07:00:00,71.08,92.79,114.29,0,17.55,0.02,57.77,67.42,NA
2021-01-01 08:00:00,71.08,92.79,114.29,0,17.55,0.02,57.77,67.42,NA
2021-01-01 09:00:00,71.08,92.79,114.29,0,17.55,0.02,57.77,67.42,NA
2021-01-01 10:00:00,71.08,92.79,114.29,0,17.55,0.02,57.77,67.42,NA
2021-01-01 11:00:00,71.08,92.79,114.29,0,17.55,0.02,57.77,67.42,NA
2021-01-01 12:00:00,71.08,92.79,114.29,0,17.55,0.02,57.77,67.42,NA
2021-01-01 13:00:00,71.08,92.79,114.29,0,17.55,0.02,57.77,67.42,NA
2021-01-01 14:00:00,71.08,92.79,114.29,0,17.55,0.02,57.77,67.42,NA
2021-01-01 15:00:00,71.08,92.79,114.29,0,17.55,0.02,57.77,67.42,NA
2021-01-01 16:00:00,71.08,92.79,114.29,0,17.55,0.02,57.77,67.42,NA
2021-01-01 17:00:00,71.08,92.79,114.29,0,17.55,0.02,57.77,67.42,NA
2021-01-01 18:00:00,71.08,92.79,114.29,0,17.55,0.02,57.77,67.42,NA
2021-01-01 19:00:00,71.08,92.79,114.29,0,17.55,0.02,57.77,67.42,NA
2021-01-01 20:00:00,71.08,92.79,114.29,0,17.55,0.02,57.77,67.42,NA
2021-01-01 21:00:00,71.08,92.79,114.29,0,17.55,0.02,57.77,67.42,NA
2021-01-01 22:00:00,71.08,92.79,114.29,0,17.55,0.02,57.77,67.42,NA
2021-01-01 23:00:00,71.08,92.79,114.29,0,17.55,0.02,57.77,67.42,NA
2021-01-02 00:00:00,69.03,91.2,107.63,0,18.2,0.02,58.06,59.29,NA
2021-01-02 01:00:00,69.03,91.2,107.63,0,18.2,0.02,58.06,59.29,NA
2021-01-02 02:00:00,69.03,91.2,107.63,0,18.2,0.02,58.06,59.29,NA
2021-01-02 03:00:00,69.03,91.2,107.63,0,18.2,0.02,58.06,59.29,NA
2021-01-02 04:00:00,69.03,91.2,107.63,0,18.2,0.02,58.06,59.29,NA
2021-01-02 05:00:00,69.03,91.2,107.63,0,18.2,0.02,58.06,59.29,NA
2021-01-02 06:00:00,69.03,91.2,107.63,0,18.2,0.02,58.06,59.29,NA
2021-01-02 07:00:00,69.03,91.2,107.63,0,18.2,0.02,58.06,59.29,NA
2021-01-02 08:00:00,69.03,91.2,107.63,0,18.2,0.02,58.06,59.29,NA
2021-01-02 09:00:00,69.03,91.2,107.63,0,18.2,0.02,58.06,59.29,NA
2021-01-02 10:00:00,69.03,91.2,107.63,0,18.2,0.02,58.06,59.29,NA
2021-01-02 11:00:00,69.03,91.2,107.63,0,18.2,0.02,58.06,59.29,NA
2021-01-02 12:00:00,69.03,91.2,107.63,0,18.2,0.02,58.06,59.29,NA
2021-01-02 13:00:00,69.03,91.2,107.63,0,18.2,0.02,58.06,59.29,NA
2021-01-02 14:00:00,69.03,91.2,107.63,0,18.2,0.02,58.06,59.29,NA
2021-01-02 15:00:00,69.03,91.2,107.63,0,18.2,0.02,58.06,59.29,NA
2021-01-02 16:00:00,69.03,91.2,107.63,0,18.2,0.02,58.06,59.29,NA
2021-01-02 17:00:00,69.03,91.2,107.63,0,18.2,0.02,58.06,59.29,NA
2021-01-02 18:00:00,69.03,91.2,107.63,0,18.2,0.02,58.06,59.29,NA
2021-01-02 19:00:00,69.03,91.2,107.63,0,18.2,0.02,58.06,59.29,NA
2021-01-02 20:00:00,69.03,91.2,107.63,0,18.2,0.02,58.06,59.29,NA
2021-01-02 21:00:00,69.03,91.2,107.63,0,18.2,0.02,58.06,59.29,NA
2021-01-02 22:00:00,69.03,91.2,107.63,0,18.2,0.02,58.06,59.29,NA
2021-01-02 23:00:00,69.03,91.2,107.63,0,18.2,0.02,58.06,59.29,NA
2021-01-03 00:00:00,79.38,91.9,104.54,0,19.38,0.02,58.54,58.88,NA
2021-01-03 01:00:00,79.38,91.9,104.54,0,19.38,0.02,58.54,58.88,NA
2021-01-03 02:00:00,79.38,91.9,104.54,0,19.38,0.02,58.54,58.88,NA
2021-01-03 03:00:00,79.38,91.9,104.54,0,19.38,0.02,58.54,58.88,NA
2021-01-03 04:00:00,79.38,91.9,104.54,0,19.38,0.02,58.54,58.88,NA
2021-01-03 05:00:00,79.38,91.9,104.54,0,19.38,0.02,58.54,58.88,NA
2021-01-03 06:00:00,79.38,91.9,104.54,0,19.38,0.02,58.54,58.88,NA
2021-01-03 07:00:00,79.38,91.9,104.54,0,19.38,0.02,58.54,58.88,NA
2021-01-03 08:00:00,79.38,91.9,104.54,0,19.38,0.02,58.54,58.88,NA
2021-01-03 09:00:00,79.38,91.9,104.54,0,19.38,0.02,58.54,58.88,NA
2021-01-03 10:00:00,79.38,91.9,104.54,0,19.38,0.02,58.54,58.88,NA
2021-01-03 11:00:00,79.38,91.9,104.54,0,19.38,0.02,58.54,58.88,NA
2021-01-03 12:00:00,79.38,91.9,104.54,0,19.38,0.02,58.54,58.88,NA
2021-01-03 13:00:00,79.38,91.9,104.54,0,19.38,0.02,58.54,58.88,NA
2021-01-03 14:00:00,79.38,91.9,104.54,0,19.38,0.02,58.54,58.88,NA
2021-01-03 15:00:00,79.38,91.9,104.54,0,19.38,0.02,58.54,58.88,NA
2021-01-03 16:00:00,79.38,91.9,104.54,0,19.38,0.02,58.54,58.88,NA
2021-01-03 17:00:00,79.38,91.9,104.54,0,19.38,0.02,58.54,58.88,NA
2021-01-03 18:00:00,79.38,91.9,104.54,0,19.38,0.02,58.54,58.88,NA
2021-01-03 19:00:00,79.38,91.9,104.54,0,19.38,0.02,58.54,58.88,NA
2021-01-03 20:00:00,79.38,91.9,104.54,0,19.38,0.02,58.54,58.88,NA
2021-01-03 21:00:00,79.38,91.9,104.54,0,19.38,0.02,58.54,58.88,NA
2021-01-03 22:00:00,79.38,91.9,104.54,0,19.38,0.02,58.54,58.88,NA
2021-01-03 23:00:00,79.38,91.9,104.54,0,19.38,0.02,58.54,58.88,NA
2021-01-04 00:00:00,86.01,92.41,113.96,0,0.02,21.58,58.75,59.12,7.45
2021-01-04 01:00:00,86.01,92.41,113.96,0,0.02,21.58,58.75,59.12,7.45
2021-01-04 02:00:00,86.01,92.41,113.96,0,0.02,21.58,58.75,59.12,7.45
2021-01-04 03:00:00,86.01,92.41,113.96,0,0.02,21.58,58.75,59.12,7.45
2021-01-04 04:00:00,86.01,92.41,113.96,0,0.02,21.58,58.75,59.12,7.45
2021-01-04 05:00:00,86.01,92.41,113.96,0,0.02,21.58,58.75,59.12,7.45
2021-01-04 06:00:00,86.01,92.41,113.96,0,0.02,21.58,58.75,59.12,7.45
2021-01-04 07:00:00,86.01,92.41,113.96,0,0.02,21.58,58.75,59.12,7.45
2021-01-04 08:00:00,86.01,92.41,113.96,0,0.02,21.58,58.75,59.12,7.45
2021-01-04 09:00:00,86.01,92.41,113.96,0,0.02,21.58,58.75,59.12,7.45
2021-01-04 10:00:00,86.01,92.41,113.96,0,0.02,21.58,58.75,59.12,7.45
2021-01-04 11:00:00,86.01,92.41,113.96,0,0.02,21.58,58.75,59.12,7.45
2021-01-04 12:00:00,86.01,92.41,113.96,0,0.02,21.58,58.75,59.12,7.45
2021-01-04 13:00:00,86.01,92.41,113.96,0,0.02,21.58,58.75,59.12,7.45
2021-01-04 14:00:00,86.01,92.41,113.96,0,0.02,21.58,58.75,59.12,7.45
2021-01-04 15:00:00,86.01,92.41,113.96,0,0.02,21.58,58.75,59.12,7.45
2021-01-04 16:00:00,86.01,92.41,113.96,0,0.02,21.58,58.75,59.12,7.45
2021-01-04 17:00:00,86.01,92.41,113.96,0,0.02,21.58,58.75,59.12,7.45
2021-01-04 18:00:00,86.01,92.41,113.96,0,0.02,21.58,58.75,59.12,7.45
2021-01-04 19:00:00,86.01,92.41,113.96,0,0.02,21.58,58.75,59.12,7.45
2021-01-04 20:00:00,86.01,92.41,113.96,0,0.02,21.58,58.75,59.12,7.45
2021-01-04 21:00:00,86.01,92.41,113.96,0,0.02,21.58,58.75,59.12,7.45
2021-01-04 22:00:00,86.01,92.41,113.96,0,0.02,21.58,58.75,59.12,7.45
2021-01-04 23:00:00,86.01,92.41,113.96,0,0.02,21.58,58.75,59.12,7.45
2021-01-05 00:00:00,86.47,93.02,121.08,0,0.02,21.72,59.78,59.02,7.8
2021-01-05 01:00:00,86.47,93.02,121.08,0,0.02,21.72,59.78,59.02,7.8
2021-01-05 02:00:00,86.47,93.02,121.08,0,0.02,21.72,59.78,59.02,7.8
2021-01-05 03:00:00,86.47,93.02,121.08,0,0.02,21.72,59.78,59.02,7.8
2021-01-05 04:00:00,86.47,93.02,121.08,0,0.02,21.72,59.78,59.02,7.8
2021-01-05 05:00:00,86.47,93.02,121.08,0,0.02,21.72,59.78,59.02,7.8
2021-01-05 06:00:00,86.47,93.02,121.08,0,0.02,21.72,59.78,59.02,7.8
2021-01-05 07:00:00,86.47,93.02,121.08,0,0.02,21.72,59.78,59.02,7.8
2021-01-05 08:00:00,86.47,93.02,121.08,0,0.02,21.72,59.78,59.02,7.8
2021-01-05 09:00:00,86.47,93.02,121.08,0,0.02,21.72,59.78,59.02,7.8
2021-01-05 10:00:00,86.47,93.02,121.08,0,0.02,21.72,59.78,59.02,7.8
2021-01-05 11:00:00,86.47,93.02,121.08,0,0.02,21.72,59.78,59.02,7.8
2021-01-05 12:00:00,86.47,93.02,121.08,0,0.02,21.72,59.78,59.02,7.8
2021-01-05 13:00:00,86.47,93.02,121.08,0,0.02,21.72,59.78,59.02,7.8
2021-01-05 14:00:00,86.47,93.02,121.08,0,0.02,21.72,59.78,59.02,7.8
2021-01-05 15:00:00,86.47,93.02,121.08,0,0.02,21.72,59.78,59.02,7.8
2021-01-05 16:00:00,86.47,93.02,121.08,0,0.02,21.72,59.78,59.02,7.8
2021-01-05 17:00:00,86.47,93.02,121.08,0,0.02,21.72,59.78,59.02,7.8
2021-01-05 18:00:00,86.47,93.02,121.08,0,0.02,21.72,59.78,59.02,7.8
2021-01-05 19:00:00,86.47,93.02,121.08,0,0.02,21.72,59.78,59.02,7.8
2021-01-05 20:00:00,86.47,93.02,121.08,0,0.02,21.72,59.78,59.02,7.8
2021-01-05 21:00:00,86.47,93.02,121.08,0,0.02,21.72,59.78,59.02,7.8
2021-01-05 22:00:00,86.47,93.02,121.08,0,0.02,21.72,59.78,59.02,7.8
2021-01-05 23:00:00,86.47,93.02,121.08,0,0.02,21.72,59.78,59.02,7.8
2021-01-06 00:00:00,0,92.85,117.71,0,0.03,20.85,0,62.94,7.34
2021-01-06 01:00:00,0,92.85,117.71,0,0.03,20.85,0,62.94,7.34
2021-01-06 02:00:00,0,92.85,117.71,0,0.03,20.85,0,62.94,7.34
2021-01-06 03:00:00,0,92.85,117.71,0,0.03,20.85,0,62.94,7.34
2021-01-06 04:00:00,0,92.85,117.71,0,0.03,20.85,0,62.94,7.34
2021-01-06 05:00:00,0,92.85,117.71,0,0.03,20.85,0,62.94,7.34
2021-01-06 06:00:00,0,92.85,117.71,0,0.03,20.85,0,62.94,7.34
2021-01-06 07:00:00,0,92.85,117.71,0,0.03,20.85,0,62.94,7.34
2021-01-06 08:00:00,0,92.85,117.71,0,0.03,20.85,0,62.94,7.34
2021-01-06 09:00:00,0,92.85,117.71,0,0.03,20.85,0,62.94,7.34
2021-01-06 10:00:00,0,92.85,117.71,0,0.03,20.85,0,62.94,7.34
2021-01-06 11:00:00,0,92.85,117.71,0,0.03,20.85,0,62.94,7.34
2021-01-06 12:00:00,0,92.85,117.71,0,0.03,20.85,0,62.94,7.34
2021-01-06 13:00:00,0,92.85,117.71,0,0.03,20.85,0,62.94,7.34
2021-01-06 14:00:00,0,92.85,117.71,0,0.03,20.85,0,62.94,7.34
2021-01-06 15:00:00,0,92.85,117.71,0,0.03,20.85,0,62.94,7.34
2021-01-06 16:00:00,0,92.85,117.71,0,0.03,20.85,0,62.94,7.34
2021-01-06 17:00:00,0,92.85,117.71,0,0.03,20.85,0,62.94,7.34
2021-01-06 18:00:00,0,92.85,117.71,0,0.03,20.85,0,62.94,7.34
2021-01-06 19:00:00,0,92.85,117.71,0,0.03,20.85,0,62.94,7.34
2021-01-06 20:00:00,0,92.85,117.71,0,0.03,20.85,0,62.94,7.34
2021-01-06 21:00:00,0,92.85,117.71,0,0.03,20.85,0,62.94,7.34
2021-01-06 22:00:00,0,92.85,117.71,0,0.03,20.85,0,62.94,7.34
2021-01-06 23:00:00,0,92.85,117.71,0,0.03,20.85,0,62.94,7.34
2021-01-07 00:00:00,0,93.36,109.79,0,19.3,0.02,0,58.84,NA
2021-01-07 01:00:00,0,93.36,109.79,0,19.3,0.02,0,58.84,NA
2021-01-07 02:00:00,0,93.36,109.79,0,19.3,0.02,0,58.84,NA
2021-01-07 03:00:00,0,93.36,109.79,0,19.3,0.02,0,58.84,NA
2021-01-07 04:00:00,0,93.36,109.79,0,19.3,0.02,0,58.84,NA
2021-01-07 05:00:00,0,93.36,109.79,0,19.3,0.02,0,58.84,NA
2021-01-07 06:00:00,0,93.36,109.79,0,19.3,0.02,0,58.84,NA
2021-01-07 07:00:00,0,93.36,109.79,0,19.3,0.02,0,58.84,NA
2021-01-07 08:00:00,0,93.36,109.79,0,19.3,0.02,0,58.84,NA
2021-01-07 09:00:00,0,93.36,109.79,0,19.3,0.02,0,58.84,NA
2021-01-07 10:00:00,0,93.36,109.79,0,19.3,0.02,0,58.84,NA
2021-01-07 11:00:00,0,93.36,109.79,0,19.3,0.02,0,58.84,NA
2021-01-07 12:00:00,0,93.36,109.79,0,19.3,0.02,0,58.84,NA
2021-01-07 13:00:00,0,93.36,109.79,0,19.3,0.02,0,58.84,NA
2021-01-07 14:00:00,0,93.36,109.79,0,19.3,0.02,0,58.84,NA
2021-01-07 15:00:00,0,93.36,109.79,0,19.3,0.02,0,58.84,NA
2021-01-07 16:00:00,0,93.36,109.79,0,19.3,0.02,0,58.84,NA
2021-01-07 17:00:00,0,93.36,109.79,0,19.3,0.02,0,58.84,NA
2021-01-07 18:00:00,0,93.36,109.79,0,19.3,0.02,0,58.84,NA
2021-01-07 19:00:00,0,93.36,109.79,0,19.3,0.02,0,58.84,NA
2021-01-07 20:00:00,0,93.36,109.79,0,19.3,0.02,0,58.84,NA
2021-01-07 21:00:00,0,93.36,109.79,0,19.3,0.02,0,58.84,NA
2021-01-07 22:00:00,0,93.36,109.79,0,19.3,0.02,0,58.84,NA
2021-01-07 23:00:00,0,93.36,109.79,0,19.3,0.02,0,58.84,NA
2021-01-08 00:00:00,80.57,93.32,106.96,0,20.83,0.05,64.05,56.32,7.54
2021-01-08 01:00:00,80.57,93.32,106.96,0,20.83,0.05,64.05,56.32,7.54
2021-01-08 02:00:00,80.57,93.32,106.96,0,20.83,0.05,64.05,56.32,7.54
2021-01-08 03:00:00,80.57,93.32,106.96,0,20.83,0.05,64.05,56.32,7.54
2021-01-08 04:00:00,80.57,93.32,106.96,0,20.83,0.05,64.05,56.32,7.54
2021-01-08 05:00:00,80.57,93.32,106.96,0,20.83,0.05,64.05,56.32,7.54
2021-01-08 06:00:00,80.57,93.32,106.96,0,20.83,0.05,64.05,56.32,7.54
2021-01-08 07:00:00,80.57,93.32,106.96,0,20.83,0.05,64.05,56.32,7.54
2021-01-08 08:00:00,80.57,93.32,106.96,0,20.83,0.05,64.05,56.32,7.54
2021-01-08 09:00:00,80.57,93.32,106.96,0,20.83,0.05,64.05,56.32,7.54
2021-01-08 10:00:00,80.57,93.32,106.96,0,20.83,0.05,64.05,56.32,7.54
2021-01-08 11:00:00,80.57,93.32,106.96,0,20.83,0.05,64.05,56.32,7.54
2021-01-08 12:00:00,80.57,93.32,106.96,0,20.83,0.05,64.05,56.32,7.54
2021-01-08 13:00:00,80.57,93.32,106.96,0,20.83,0.05,64.05,56.32,7.54
2021-01-08 14:00:00,80.57,93.32,106.96,0,20.83,0.05,64.05,56.32,7.54
2021-01-08 15:00:00,80.57,93.32,106.96,0,20.83,0.05,64.05,56.32,7.54
2021-01-08 16:00:00,80.57,93.32,106.96,0,20.83,0.05,64.05,56.32,7.54
2021-01-08 17:00:00,80.57,93.32,106.96,0,20.83,0.05,64.05,56.32,7.54
2021-01-08 18:00:00,80.57,93.32,106.96,0,20.83,0.05,64.05,56.32,7.54
2021-01-08 19:00:00,80.57,93.32,106.96,0,20.83,0.05,64.05,56.32,7.54
2021-01-08 20:00:00,80.57,93.32,106.96,0,20.83,0.05,64.05,56.32,7.54
2021-01-08 21:00:00,80.57,93.32,106.96,0,20.83,0.05,64.05,56.32,7.54
2021-01-08 22:00:00,80.57,93.32,106.96,0,20.83,0.05,64.05,56.32,7.54
2021-01-08 23:00:00,80.57,93.32,106.96,0,20.83,0.05,64.05,56.32,7.54
2021-01-09 00:00:00,65.07,93.17,110.71,0,19.13,0.02,66.47,63.76,NA
2021-01-09 01:00:00,65.07,93.17,110.71,0,19.13,0.02,66.47,63.76,NA
2021-01-09 02:00:00,65.07,93.17,110.71,0,19.13,0.02,66.47,63.76,NA
2021-01-09 03:00:00,65.07,93.17,110.71,0,19.13,0.02,66.47,63.76,NA
2021-01-09 04:00:00,65.07,93.17,110.71,0,19.13,0.02,66.47,63.76,NA
2021-01-09 05:00:00,65.07,93.17,110.71,0,19.13,0.02,66.47,63.76,NA
2021-01-09 06:00:00,65.07,93.17,110.71,0,19.13,0.02,66.47,63.76,NA
2021-01-09 07:00:00,65.07,93.17,110.71,0,19.13,0.02,66.47,63.76,NA
2021-01-09 08:00:00,65.07,93.17,110.71,0,19.13,0.02,66.47,63.76,NA
2021-01-09 09:00:00,65.07,93.17,110.71,0,19.13,0.02,66.47,63.76,NA
2021-01-09 10:00:00,65.07,93.17,110.71,0,19.13,0.02,66.47,63.76,NA
2021-01-09 11:00:00,65.07,93.17,110.71,0,19.13,0.02,66.47,63.76,NA
2021-01-09 12:00:00,65.07,93.17,110.71,0,19.13,0.02,66.47,63.76,NA
2021-01-09 13:00:00,65.07,93.17,110.71,0,19.13,0.02,66.47,63.76,NA
2021-01-09 14:00:00,65.07,93.17,110.71,0,19.13,0.02,66.47,63.76,NA
2021-01-09 15:00:00,65.07,93.17,110.71,0,19.13,0.02,66.47,63.76,NA
2021-01-09 16:00:00,65.07,93.17,110.71,0,19.13,0.02,66.47,63.76,NA
2021-01-09 17:00:00,65.07,93.17,110.71,0,19.13,0.02,66.47,63.76,NA
2021-01-09 18:00:00,65.07,93.17,110.71,0,19.13,0.02,66.47,63.76,NA
2021-01-09 19:00:00,65.07,93.17,110.71,0,19.13,0.02,66.47,63.76,NA
2021-01-09 20:00:00,65.07,93.17,110.71,0,19.13,0.02,66.47,63.76,NA
2021-01-09 21:00:00,65.07,93.17,110.71,0,19.13,0.02,66.47,63.76,NA
2021-01-09 22:00:00,65.07,93.17,110.71,0,19.13,0.02,66.47,63.76,NA
2021-01-09 23:00:00,65.07,93.17,110.71,0,19.13,0.02,66.47,63.76,NA
2021-01-10 00:00:00,73.47,93.21,119.38,0,19.99,0.02,72.89,68.55,NA
2021-01-10 01:00:00,73.47,93.21,119.38,0,19.99,0.02,72.89,68.55,NA
2021-01-10 02:00:00,73.47,93.21,119.38,0,19.99,0.02,72.89,68.55,NA
2021-01-10 03:00:00,73.47,93.21,119.38,0,19.99,0.02,72.89,68.55,NA
2021-01-10 04:00:00,73.47,93.21,119.38,0,19.99,0.02,72.89,68.55,NA
2021-01-10 05:00:00,73.47,93.21,119.38,0,19.99,0.02,72.89,68.55,NA
2021-01-10 06:00:00,73.47,93.21,119.38,0,19.99,0.02,72.89,68.55,NA
2021-01-10 07:00:00,73.47,93.21,119.38,0,19.99,0.02,72.89,68.55,NA
2021-01-10 08:00:00,73.47,93.21,119.38,0,19.99,0.02,72.89,68.55,NA
2021-01-10 09:00:00,73.47,93.21,119.38,0,19.99,0.02,72.89,68.55,NA
2021-01-10 10:00:00,73.47,93.21,119.38,0,19.99,0.02,72.89,68.55,NA
2021-01-10 11:00:00,73.47,93.21,119.38,0,19.99,0.02,72.89,68.55,NA
2021-01-10 12:00:00,73.47,93.21,119.38,0,19.99,0.02,72.89,68.55,NA
2021-01-10 13:00:00,73.47,93.21,119.38,0,19.99,0.02,72.89,68.55,NA
2021-01-10 14:00:00,73.47,93.21,119.38,0,19.99,0.02,72.89,68.55,NA
2021-01-10 15:00:00,73.47,93.21,119.38,0,19.99,0.02,72.89,68.55,NA
2021-01-10 16:00:00,73.47,93.21,119.38,0,19.99,0.02,72.89,68.55,NA
2021-01-10 17:00:00,73.47,93.21,119.38,0,19.99,0.02,72.89,68.55,NA
2021-01-10 18:00:00,73.47,93.21,119.38,0,19.99,0.02,72.89,68.55,NA
2021-01-10 19:00:00,73.47,93.21,119.38,0,19.99,0.02,72.89,68.55,NA
2021-01-10 20:00:00,73.47,93.21,119.38,0,19.99,0.02,72.89,68.55,NA
2021-01-10 21:00:00,73.47,93.21,119.38,0,19.99,0.02,72.89,68.55,NA
2021-01-10 22:00:00,73.47,93.21,119.38,0,19.99,0.02,72.89,68.55,NA
2021-01-10 23:00:00,73.47,93.21,119.38,0,19.99,0.02,72.89,68.55,NA
2021-01-11 00:00:00,73.56,97.91,122.17,0,5.52,17.29,69.43,59.12,7.89
2021-01-11 01:00:00,73.56,97.91,122.17,0,5.52,17.29,69.43,59.12,7.89
2021-01-11 02:00:00,73.56,97.91,122.17,0,5.52,17.29,69.43,59.12,7.89
2021-01-11 03:00:00,73.56,97.91,122.17,0,5.52,17.29,69.43,59.12,7.89
2021-01-11 04:00:00,73.56,97.91,122.17,0,5.52,17.29,69.43,59.12,7.89
2021-01-11 05:00:00,73.56,97.91,122.17,0,5.52,17.29,69.43,59.12,7.89
2021-01-11 06:00:00,73.56,97.91,122.17,0,5.52,17.29,69.43,59.12,7.89
2021-01-11 07:00:00,73.56,97.91,122.17,0,5.52,17.29,69.43,59.12,7.89
2021-01-11 08:00:00,73.56,97.91,122.17,0,5.52,17.29,69.43,59.12,7.89
2021-01-11 09:00:00,73.56,97.91,122.17,0,5.52,17.29,69.43,59.12,7.89
2021-01-11 10:00:00,73.56,97.91,122.17,0,5.52,17.29,69.43,59.12,7.89
2021-01-11 11:00:00,73.56,97.91,122.17,0,5.52,17.29,69.43,59.12,7.89
2021-01-11 12:00:00,73.56,97.91,122.17,0,5.52,17.29,69.43,59.12,7.89
2021-01-11 13:00:00,73.56,97.91,122.17,0,5.52,17.29,69.43,59.12,7.89
2021-01-11 14:00:00,73.56,97.91,122.17,0,5.52,17.29,69.43,59.12,7.89
2021-01-11 15:00:00,73.56,97.91,122.17,0,5.52,17.29,69.43,59.12,7.89
2021-01-11 16:00:00,73.56,97.91,122.17,0,5.52,17.29,69.43,59.12,7.89
2021-01-11 17:00:00,73.56,97.91,122.17,0,5.52,17.29,69.43,59.12,7.89
2021-01-11 18:00:00,73.56,97.91,122.17,0,5.52,17.29,69.43,59.12,7.89
2021-01-11 19:00:00,73.56,97.91,122.17,0,5.52,17.29,69.43,59.12,7.89
2021-01-11 20:00:00,73.56,97.91,122.17,0,5.52,17.29,69.43,59.12,7.89
2021-01-11 21:00:00,73.56,97.91,122.17,0,5.52,17.29,69.43,59.12,7.89
2021-01-11 22:00:00,73.56,97.91,122.17,0,5.52,17.29,69.43,59.12,7.89
2021-01-11 23:00:00,73.56,97.91,122.17,0,5.52,17.29,69.43,59.12,7.89
2021-01-12 00:00:00,98.87,99.31,120.5,0,20.04,0.02,59.78,59.12,NA
2021-01-12 01:00:00,98.87,99.31,120.5,0,20.04,0.02,59.78,59.12,NA
2021-01-12 02:00:00,98.87,99.31,120.5,0,20.04,0.02,59.78,59.12,NA
2021-01-12 03:00:00,98.87,99.31,120.5,0,20.04,0.02,59.78,59.12,NA
2021-01-12 04:00:00,98.87,99.31,120.5,0,20.04,0.02,59.78,59.12,NA
2021-01-12 05:00:00,98.87,99.31,120.5,0,20.04,0.02,59.78,59.12,NA
2021-01-12 06:00:00,98.87,99.31,120.5,0,20.04,0.02,59.78,59.12,NA
2021-01-12 07:00:00,98.87,99.31,120.5,0,20.04,0.02,59.78,59.12,NA
2021-01-12 08:00:00,98.87,99.31,120.5,0,20.04,0.02,59.78,59.12,NA
2021-01-12 09:00:00,98.87,99.31,120.5,0,20.04,0.02,59.78,59.12,NA
2021-01-12 10:00:00,98.87,99.31,120.5,0,20.04,0.02,59.78,59.12,NA
2021-01-12 11:00:00,98.87,99.31,120.5,0,20.04,0.02,59.78,59.12,NA
2021-01-12 12:00:00,98.87,99.31,120.5,0,20.04,0.02,59.78,59.12,NA
2021-01-12 13:00:00,98.87,99.31,120.5,0,20.04,0.02,59.78,59.12,NA
2021-01-12 14:00:00,98.87,99.31,120.5,0,20.04,0.02,59.78,59.12,NA
2021-01-12 15:00:00,98.87,99.31,120.5,0,20.04,0.02,59.78,59.12,NA
2021-01-12 16:00:00,98.87,99.31,120.5,0,20.04,0.02,59.78,59.12,NA
2021-01-12 17:00:00,98.87,99.31,120.5,0,20.04,0.02,59.78,59.12,NA
2021-01-12 18:00:00,98.87,99.31,120.5,0,20.04,0.02,59.78,59.12,NA
2021-01-12 19:00:00,98.87,99.31,120.5,0,20.04,0.02,59.78,59.12,NA
2021-01-12 20:00:00,98.87,99.31,120.5,0,20.04,0.02,59.78,59.12,NA
2021-01-12 21:00:00,98.87,99.31,120.5,0,20.04,0.02,59.78,59.12,NA
2021-01-12 22:00:00,98.87,99.31,120.5,0,20.04,0.02,59.78,59.12,NA
2021-01-12 23:00:00,98.87,99.31,120.5,0,20.04,0.02,59.78,59.12,NA
2021-01-13 00:00:00,96,98.78,119.1,0,19.52,0.02,59.78,59.12,NA
2021-01-13 01:00:00,96,98.78,119.1,0,19.52,0.02,59.78,59.12,NA
2021-01-13 02:00:00,96,98.78,119.1,0,19.52,0.02,59.78,59.12,NA
2021-01-13 03:00:00,96,98.78,119.1,0,19.52,0.02,59.78,59.12,NA
2021-01-13 04:00:00,96,98.78,119.1,0,19.52,0.02,59.78,59.12,NA
2021-01-13 05:00:00,96,98.78,119.1,0,19.52,0.02,59.78,59.12,NA
2021-01-13 06:00:00,96,98.78,119.1,0,19.52,0.02,59.78,59.12,NA
2021-01-13 07:00:00,96,98.78,119.1,0,19.52,0.02,59.78,59.12,NA
2021-01-13 08:00:00,96,98.78,119.1,0,19.52,0.02,59.78,59.12,NA
2021-01-13 09:00:00,96,98.78,119.1,0,19.52,0.02,59.78,59.12,NA
2021-01-13 10:00:00,96,98.78,119.1,0,19.52,0.02,59.78,59.12,NA
2021-01-13 11:00:00,96,98.78,119.1,0,19.52,0.02,59.78,59.12,NA
2021-01-13 12:00:00,96,98.78,119.1,0,19.52,0.02,59.78,59.12,NA
2021-01-13 13:00:00,96,98.78,119.1,0,19.52,0.02,59.78,59.12,NA
2021-01-13 14:00:00,96,98.78,119.1,0,19.52,0.02,59.78,59.12,NA
2021-01-13 15:00:00,96,98.78,119.1,0,19.52,0.02,59.78,59.12,NA
2021-01-13 16:00:00,96,98.78,119.1,0,19.52,0.02,59.78,59.12,NA
2021-01-13 17:00:00,96,98.78,119.1,0,19.52,0.02,59.78,59.12,NA
2021-01-13 18:00:00,96,98.78,119.1,0,19.52,0.02,59.78,59.12,NA
2021-01-13 19:00:00,96,98.78,119.1,0,19.52,0.02,59.78,59.12,NA
2021-01-13 20:00:00,96,98.78,119.1,0,19.52,0.02,59.78,59.12,NA
2021-01-13 21:00:00,96,98.78,119.1,0,19.52,0.02,59.78,59.12,NA
2021-01-13 22:00:00,96,98.78,119.1,0,19.52,0.02,59.78,59.12,NA
2021-01-13 23:00:00,96,98.78,119.1,0,19.52,0.02,59.78,59.12,NA
2021-01-14 00:00:00,98.97,100.45,119.03,0,20,0.02,59.78,59.12,NA
2021-01-14 01:00:00,98.97,100.45,119.03,0,20,0.02,59.78,59.12,NA
2021-01-14 02:00:00,98.97,100.45,119.03,0,20,0.02,59.78,59.12,NA
2021-01-14 03:00:00,98.97,100.45,119.03,0,20,0.02,59.78,59.12,NA
2021-01-14 04:00:00,98.97,100.45,119.03,0,20,0.02,59.78,59.12,NA
2021-01-14 05:00:00,98.97,100.45,119.03,0,20,0.02,59.78,59.12,NA
2021-01-14 06:00:00,98.97,100.45,119.03,0,20,0.02,59.78,59.12,NA
2021-01-14 07:00:00,98.97,100.45,119.03,0,20,0.02,59.78,59.12,NA
2021-01-14 08:00:00,98.97,100.45,119.03,0,20,0.02,59.78,59.12,NA
2021-01-14 09:00:00,98.97,100.45,119.03,0,20,0.02,59.78,59.12,NA
2021-01-14 10:00:00,98.97,100.45,119.03,0,20,0.02,59.78,59.12,NA
2021-01-14 11:00:00,98.97,100.45,119.03,0,20,0.02,59.78,59.12,NA
2021-01-14 12:00:00,98.97,100.45,119.03,0,20,0.02,59.78,59.12,NA
2021-01-14 13:00:00,98.97,100.45,119.03,0,20,0.02,59.78,59.12,NA
2021-01-14 14:00:00,98.97,100.45,119.03,0,20,0.02,59.78,59.12,NA
2021-01-14 15:00:00,98.97,100.45,119.03,0,20,0.02,59.78,59.12,NA
2021-01-14 16:00:00,98.97,100.45,119.03,0,20,0.02,59.78,59.12,NA
2021-01-14 17:00:00,98.97,100.45,119.03,0,20,0.02,59.78,59.12,NA
2021-01-14 18:00:00,98.97,100.45,119.03,0,20,0.02,59.78,59.12,NA
2021-01-14 19:00:00,98.97,100.45,119.03,0,20,0.02,59.78,59.12,NA
2021-01-14 20:00:00,98.97,100.45,119.03,0,20,0.02,59.78,59.12,NA
2021-01-14 21:00:00,98.97,100.45,119.03,0,20,0.02,59.78,59.12,NA
2021-01-14 22:00:00,98.97,100.45,119.03,0,20,0.02,59.78,59.12,NA
2021-01-14 23:00:00,98.97,100.45,119.03,0,20,0.02,59.78,59.12,NA
2021-01-15 00:00:00,97.28,98.38,110.92,0,19.64,0.02,59.78,59.12,NA
2021-01-15 01:00:00,97.28,98.38,110.92,0,19.64,0.02,59.78,59.12,NA
2021-01-15 02:00:00,97.28,98.38,110.92,0,19.64,0.02,59.78,59.12,NA
2021-01-15 03:00:00,97.28,98.38,110.92,0,19.64,0.02,59.78,59.12,NA
2021-01-15 04:00:00,97.28,98.38,110.92,0,19.64,0.02,59.78,59.12,NA
2021-01-15 05:00:00,97.28,98.38,110.92,0,19.64,0.02,59.78,59.12,NA
2021-01-15 06:00:00,97.28,98.38,110.92,0,19.64,0.02,59.78,59.12,NA
2021-01-15 07:00:00,97.28,98.38,110.92,0,19.64,0.02,59.78,59.12,NA
2021-01-15 08:00:00,97.28,98.38,110.92,0,19.64,0.02,59.78,59.12,NA
2021-01-15 09:00:00,97.28,98.38,110.92,0,19.64,0.02,59.78,59.12,NA
2021-01-15 10:00:00,97.28,98.38,110.92,0,19.64,0.02,59.78,59.12,NA
2021-01-15 11:00:00,97.28,98.38,110.92,0,19.64,0.02,59.78,59.12,NA
2021-01-15 12:00:00,97.28,98.38,110.92,0,19.64,0.02,59.78,59.12,NA
2021-01-15 13:00:00,97.28,98.38,110.92,0,19.64,0.02,59.78,59.12,NA
2021-01-15 14:00:00,97.28,98.38,110.92,0,19.64,0.02,59.78,59.12,NA
2021-01-15 15:00:00,97.28,98.38,110.92,0,19.64,0.02,59.78,59.12,NA
2021-01-15 16:00:00,97.28,98.38,110.92,0,19.64,0.02,59.78,59.12,NA
2021-01-15 17:00:00,97.28,98.38,110.92,0,19.64,0.02,59.78,59.12,NA
2021-01-15 18:00:00,97.28,98.38,110.92,0,19.64,0.02,59.78,59.12,NA
2021-01-15 19:00:00,97.28,98.38,110.92,0,19.64,0.02,59.78,59.12,NA
2021-01-15 20:00:00,97.28,98.38,110.92,0,19.64,0.02,59.78,59.12,NA
2021-01-15 21:00:00,97.28,98.38,110.92,0,19.64,0.02,59.78,59.12,NA
2021-01-15 22:00:00,97.28,98.38,110.92,0,19.64,0.02,59.78,59.12,NA
2021-01-15 23:00:00,97.28,98.38,110.92,0,19.64,0.02,59.78,59.12,NA
2021-01-16 00:00:00,100.23,104.42,107.54,0,19.57,0.02,59.78,59.12,NA
2021-01-16 01:00:00,100.23,104.42,107.54,0,19.57,0.02,59.78,59.12,NA
2021-01-16 02:00:00,100.23,104.42,107.54,0,19.57,0.02,59.78,59.12,NA
2021-01-16 03:00:00,100.23,104.42,107.54,0,19.57,0.02,59.78,59.12,NA
2021-01-16 04:00:00,100.23,104.42,107.54,0,19.57,0.02,59.78,59.12,NA
2021-01-16 05:00:00,100.23,104.42,107.54,0,19.57,0.02,59.78,59.12,NA
2021-01-16 06:00:00,100.23,104.42,107.54,0,19.57,0.02,59.78,59.12,NA
2021-01-16 07:00:00,100.23,104.42,107.54,0,19.57,0.02,59.78,59.12,NA
2021-01-16 08:00:00,100.23,104.42,107.54,0,19.57,0.02,59.78,59.12,NA
2021-01-16 09:00:00,100.23,104.42,107.54,0,19.57,0.02,59.78,59.12,NA
2021-01-16 10:00:00,100.23,104.42,107.54,0,19.57,0.02,59.78,59.12,NA
2021-01-16 11:00:00,100.23,104.42,107.54,0,19.57,0.02,59.78,59.12,NA
2021-01-16 12:00:00,100.23,104.42,107.54,0,19.57,0.02,59.78,59.12,NA
2021-01-16 13:00:00,100.23,104.42,107.54,0,19.57,0.02,59.78,59.12,NA
2021-01-16 14:00:00,100.23,104.42,107.54,0,19.57,0.02,59.78,59.12,NA
2021-01-16 15:00:00,100.23,104.42,107.54,0,19.57,0.02,59.78,59.12,NA
2021-01-16 16:00:00,100.23,104.42,107.54,0,19.57,0.02,59.78,59.12,NA
2021-01-16 17:00:00,100.23,104.42,107.54,0,19.57,0.02,59.78,59.12,NA
2021-01-16 18:00:00,100.23,104.42,107.54,0,19.57,0.02,59.78,59.12,NA
2021-01-16 19:00:00,100.23,104.42,107.54,0,19.57,0.02,59.78,59.12,NA
2021-01-16 20:00:00,100.23,104.42,107.54,0,19.57,0.02,59.78,59.12,NA
2021-01-16 21:00:00,100.23,104.42,107.54,0,19.57,0.02,59.78,59.12,NA
2021-01-16 22:00:00,100.23,104.42,107.54,0,19.57,0.02,59.78,59.12,NA
2021-01-16 23:00:00,100.23,104.42,107.54,0,19.57,0.02,59.78,59.12,NA
2021-01-17 00:00:00,101.33,104.42,115.63,0,20.46,0.02,59.78,59.12,NA
2021-01-17 01:00:00,101.33,104.42,115.63,0,20.46,0.02,59.78,59.12,NA
2021-01-17 02:00:00,101.33,104.42,115.63,0,20.46,0.02,59.78,59.12,NA
2021-01-17 03:00:00,101.33,104.42,115.63,0,20.46,0.02,59.78,59.12,NA
2021-01-17 04:00:00,101.33,104.42,115.63,0,20.46,0.02,59.78,59.12,NA
2021-01-17 05:00:00,101.33,104.42,115.63,0,20.46,0.02,59.78,59.12,NA
2021-01-17 06:00:00,101.33,104.42,115.63,0,20.46,0.02,59.78,59.12,NA
2021-01-17 07:00:00,101.33,104.42,115.63,0,20.46,0.02,59.78,59.12,NA
2021-01-17 08:00:00,101.33,104.42,115.63,0,20.46,0.02,59.78,59.12,NA
2021-01-17 09:00:00,101.33,104.42,115.63,0,20.46,0.02,59.78,59.12,NA
2021-01-17 10:00:00,101.33,104.42,115.63,0,20.46,0.02,59.78,59.12,NA
2021-01-17 11:00:00,101.33,104.42,115.63,0,20.46,0.02,59.78,59.12,NA
2021-01-17 12:00:00,101.33,104.42,115.63,0,20.46,0.02,59.78,59.12,NA
2021-01-17 13:00:00,101.33,104.42,115.63,0,20.46,0.02,59.78,59.12,NA
2021-01-17 14:00:00,101.33,104.42,115.63,0,20.46,0.02,59.78,59.12,NA
2021-01-17 15:00:00,101.33,104.42,115.63,0,20.46,0.02,59.78,59.12,NA
2021-01-17 16:00:00,101.33,104.42,115.63,0,20.46,0.02,59.78,59.12,NA
2021-01-17 17:00:00,101.33,104.42,115.63,0,20.46,0.02,59.78,59.12,NA
2021-01-17 18:00:00,101.33,104.42,115.63,0,20.46,0.02,59.78,59.12,NA
2021-01-17 19:00:00,101.33,104.42,115.63,0,20.46,0.02,59.78,59.12,NA
2021-01-17 20:00:00,101.33,104.42,115.63,0,20.46,0.02,59.78,59.12,NA
2021-01-17 21:00:00,101.33,104.42,115.63,0,20.46,0.02,59.78,59.12,NA
2021-01-17 22:00:00,101.33,104.42,115.63,0,20.46,0.02,59.78,59.12,NA
2021-01-17 23:00:00,101.33,104.42,115.63,0,20.46,0.02,59.78,59.12,NA
2021-01-18 00:00:00,96.26,100.37,118.36,0,19.65,0.02,59.78,59.12,NA
2021-01-18 01:00:00,96.26,100.37,118.36,0,19.65,0.02,59.78,59.12,NA
2021-01-18 02:00:00,96.26,100.37,118.36,0,19.65,0.02,59.78,59.12,NA
2021-01-18 03:00:00,96.26,100.37,118.36,0,19.65,0.02,59.78,59.12,NA
2021-01-18 04:00:00,96.26,100.37,118.36,0,19.65,0.02,59.78,59.12,NA
2021-01-18 05:00:00,96.26,100.37,118.36,0,19.65,0.02,59.78,59.12,NA
2021-01-18 06:00:00,96.26,100.37,118.36,0,19.65,0.02,59.78,59.12,NA
2021-01-18 07:00:00,96.26,100.37,118.36,0,19.65,0.02,59.78,59.12,NA
2021-01-18 08:00:00,96.26,100.37,118.36,0,19.65,0.02,59.78,59.12,NA
2021-01-18 09:00:00,96.26,100.37,118.36,0,19.65,0.02,59.78,59.12,NA
2021-01-18 10:00:00,96.26,100.37,118.36,0,19.65,0.02,59.78,59.12,NA
2021-01-18 11:00:00,96.26,100.37,118.36,0,19.65,0.02,59.78,59.12,NA
2021-01-18 12:00:00,96.26,100.37,118.36,0,19.65,0.02,59.78,59.12,NA
2021-01-18 13:00:00,96.26,100.37,118.36,0,19.65,0.02,59.78,59.12,NA
2021-01-18 14:00:00,96.26,100.37,118.36,0,19.65,0.02,59.78,59.12,NA
2021-01-18 15:00:00,96.26,100.37,118.36,0,19.65,0.02,59.78,59.12,NA
2021-01-18 16:00:00,96.26,100.37,118.36,0,19.65,0.02,59.78,59.12,NA
2021-01-18 17:00:00,96.26,100.37,118.36,0,19.65,0.02,59.78,59.12,NA
2021-01-18 18:00:00,96.26,100.37,118.36,0,19.65,0.02,59.78,59.12,NA
2021-01-18 19:00:00,96.26,100.37,118.36,0,19.65,0.02,59.78,59.12,NA
2021-01-18 20:00:00,96.26,100.37,118.36,0,19.65,0.02,59.78,59.12,NA
2021-01-18 21:00:00,96.26,100.37,118.36,0,19.65,0.02,59.78,59.12,NA
2021-01-18 22:00:00,96.26,100.37,118.36,0,19.65,0.02,59.78,59.12,NA
2021-01-18 23:00:00,96.26,100.37,118.36,0,19.65,0.02,59.78,59.12,NA
2021-01-19 00:00:00,101.69,102.75,119.42,0,20.56,0.02,59.78,59.12,NA
2021-01-19 01:00:00,101.69,102.75,119.42,0,20.56,0.02,59.78,59.12,NA
2021-01-19 02:00:00,101.69,102.75,119.42,0,20.56,0.02,59.78,59.12,NA
2021-01-19 03:00:00,101.69,102.75,119.42,0,20.56,0.02,59.78,59.12,NA
2021-01-19 04:00:00,101.69,102.75,119.42,0,20.56,0.02,59.78,59.12,NA
2021-01-19 05:00:00,101.69,102.75,119.42,0,20.56,0.02,59.78,59.12,NA
2021-01-19 06:00:00,101.69,102.75,119.42,0,20.56,0.02,59.78,59.12,NA
2021-01-19 07:00:00,101.69,102.75,119.42,0,20.56,0.02,59.78,59.12,NA
2021-01-19 08:00:00,101.69,102.75,119.42,0,20.56,0.02,59.78,59.12,NA
2021-01-19 09:00:00,101.69,102.75,119.42,0,20.56,0.02,59.78,59.12,NA
2021-01-19 10:00:00,101.69,102.75,119.42,0,20.56,0.02,59.78,59.12,NA
2021-01-19 11:00:00,101.69,102.75,119.42,0,20.56,0.02,59.78,59.12,NA
2021-01-19 12:00:00,101.69,102.75,119.42,0,20.56,0.02,59.78,59.12,NA
2021-01-19 13:00:00,101.69,102.75,119.42,0,20.56,0.02,59.78,59.12,NA
2021-01-19 14:00:00,101.69,102.75,119.42,0,20.56,0.02,59.78,59.12,NA
2021-01-19 15:00:00,101.69,102.75,119.42,0,20.56,0.02,59.78,59.12,NA
2021-01-19 16:00:00,101.69,102.75,119.42,0,20.56,0.02,59.78,59.12,NA
2021-01-19 17:00:00,101.69,102.75,119.42,0,20.56,0.02,59.78,59.12,NA
2021-01-19 18:00:00,101.69,102.75,119.42,0,20.56,0.02,59.78,59.12,NA
2021-01-19 19:00:00,101.69,102.75,119.42,0,20.56,0.02,59.78,59.12,NA
2021-01-19 20:00:00,101.69,102.75,119.42,0,20.56,0.02,59.78,59.12,NA
2021-01-19 21:00:00,101.69,102.75,119.42,0,20.56,0.02,59.78,59.12,NA
2021-01-19 22:00:00,101.69,102.75,119.42,0,20.56,0.02,59.78,59.12,NA
2021-01-19 23:00:00,101.69,102.75,119.42,0,20.56,0.02,59.78,59.12,NA
2021-01-20 00:00:00,89.93,96.25,115.12,0,19.4,0.02,59.78,59.12,NA
2021-01-20 01:00:00,89.93,96.25,115.12,0,19.4,0.02,59.78,59.12,NA
2021-01-20 02:00:00,89.93,96.25,115.12,0,19.4,0.02,59.78,59.12,NA
2021-01-20 03:00:00,89.93,96.25,115.12,0,19.4,0.02,59.78,59.12,NA
2021-01-20 04:00:00,89.93,96.25,115.12,0,19.4,0.02,59.78,59.12,NA
2021-01-20 05:00:00,89.93,96.25,115.12,0,19.4,0.02,59.78,59.12,NA
2021-01-20 06:00:00,89.93,96.25,115.12,0,19.4,0.02,59.78,59.12,NA
2021-01-20 07:00:00,89.93,96.25,115.12,0,19.4,0.02,59.78,59.12,NA
2021-01-20 08:00:00,89.93,96.25,115.12,0,19.4,0.02,59.78,59.12,NA
2021-01-20 09:00:00,89.93,96.25,115.12,0,19.4,0.02,59.78,59.12,NA
2021-01-20 10:00:00,89.93,96.25,115.12,0,19.4,0.02,59.78,59.12,NA
2021-01-20 11:00:00,89.93,96.25,115.12,0,19.4,0.02,59.78,59.12,NA
2021-01-20 12:00:00,89.93,96.25,115.12,0,19.4,0.02,59.78,59.12,NA
2021-01-20 13:00:00,89.93,96.25,115.12,0,19.4,0.02,59.78,59.12,NA
2021-01-20 14:00:00,89.93,96.25,115.12,0,19.4,0.02,59.78,59.12,NA
2021-01-20 15:00:00,89.93,96.25,115.12,0,19.4,0.02,59.78,59.12,NA
2021-01-20 16:00:00,89.93,96.25,115.12,0,19.4,0.02,59.78,59.12,NA
2021-01-20 17:00:00,89.93,96.25,115.12,0,19.4,0.02,59.78,59.12,NA
2021-01-20 18:00:00,89.93,96.25,115.12,0,19.4,0.02,59.78,59.12,NA
2021-01-20 19:00:00,89.93,96.25,115.12,0,19.4,0.02,59.78,59.12,NA
2021-01-20 20:00:00,89.93,96.25,115.12,0,19.4,0.02,59.78,59.12,NA
2021-01-20 21:00:00,89.93,96.25,115.12,0,19.4,0.02,59.78,59.12,NA
2021-01-20 22:00:00,89.93,96.25,115.12,0,19.4,0.02,59.78,59.12,NA
2021-01-20 23:00:00,89.93,96.25,115.12,0,19.4,0.02,59.78,59.12,NA
