date,unity,cattail,hawlings,kitzmiller,barnum,barton,bloomington,luke,wills,nbp_cumb,patterson,sbr,town,pawpaw,sideling,cacapon,hancock,conoco,opequon,antietam,shen_mill,por,monoc_jug,bennett,goose,seneca,lfalls,cedar
2021-01-01,93.3,75,67.7,892,945,76.7,179,1240,397,1870,222,1700,115,4150,66.1,685,5060,772,304,330,5000,14500,1080,236,516,224,16900,164
2021-01-02,203,112,149,1570,1140,162,183,1470,714,2600,616,4050,287,7080,142,1280,6250,1330,1290,546,5680,17000,5300,404,1380,612,23400,612
2021-01-03,96.7,46.3,64.6,1300,1240,281,272,1680,993,3330,544,5990,333,11100,218,2370,12800,1260,775,440,8570,22400,2810,190,846,360,25700,370
2021-01-04,84.3,39.8,51.5,1170,1240,286,331,1740,966,3450,474,4620,314,10000,209,1820,12600,1200,590,412,9430,28900,2330,159,797,293,31900,286
2021-01-05,72.4,33.7,40.7,950,1240,206,332,1720,810,3130,409,3550,263,8360,174,1400,10500,1040,462,383,8040,26000,1810,130,666,222,31500,199
2021-01-06,65.2,30.6,37,812,1230,138,332,1690,648,2830,346,2870,219,7040,139,1130,8700,910,389,358,6820,22300,1440,113,584,184,26900,155
2021-01-07,58.2,28.6,33.4,718,1230,102,332,1680,522,2580,290,2350,179,6000,110,940,7360,795,339,335,5840,19200,1210,104,512,157,22800,126
2021-01-08,53.6,27.8,31.5,653,932,82.1,328,1420,440,2360,253,1930,154,5250,90.8,796,6380,714,307,320,5100,16700,1050,97.1,469,142,19500,110
2021-01-09,49.7,27.9,30,593,734,67.6,325,1190,378,1830,221,1670,137,4410,78.2,696,5590,652,286,304,4540,14600,937,91.2,437,133,17100,99.6
2021-01-10,45.7,25.7,28.7,531,733,55.8,323,1170,321,1720,191,1470,119,3880,63.5,617,4780,595,265,289,4130,13000,814,83.8,401,124,15100,88
2021-01-11,43.5,25.3,28.3,416,729,48,228,1070,280,1610,168,1290,103,3540,47.9,542,4320,546,247,277,3800,11600,737,78.7,368,117,13500,80
2021-01-12,42.3,25,27.3,366,624,43.1,177,920,254,1430,150,1150,89.2,3160,48,477,3910,508,236,271,3510,10500,686,75.2,352,114,12300,73.8
2021-01-13,41,24.8,26.9,330,521,39.2,175,802,233,1200,137,1060,88,2820,49.4,431,3520,481,225,265,3280,9600,639,72.2,339,111,11300,69.1
2021-01-14,40.3,25.3,26.5,306,465,36.9,134,708,220,1150,127,988,79.6,2590,42.9,398,3170,463,219,258,3140,8840,611,71,321,110,10500,63.3
2021-01-15,39.6,24.8,26.2,305,426,35.5,109,627,211,986,121,942,75.5,2380,37.4,378,2990,444,212,253,2960,8210,593,69.7,308,109,9760,54.2
2021-01-16,43,27,28.7,295,425,32.4,109,623,217,1000,127,929,81.7,2320,39.2,366,2760,444,213,252,2860,7780,625,74,312,120,9290,68
2021-01-17,38.5,24.5,26.1,279,423,27.6,109,618,195,953,119,900,80,2260,39.7,358,2740,456,205,250,2780,7450,661,66.6,297,109,8880,63.2
2021-01-18,36.6,25,25.5,256,388,24.7,109,583,180,918,112,846,69.4,2140,33.6,346,2610,410,195,240,2720,7280,600,63.4,277,104,8510,56.6
2021-01-19,35.3,24.9,24.9,237,375,22.4,109,563,164,845,105,790,62.5,2000,29.1,316,2450,379,187,232,2590,6990,538,59.6,260,103,8190,49.3
2021-01-20,34.9,22.7,24.4,218,375,18.7,109,563,153,822,99.3,739,57.4,1870,25.8,291,2250,356,182,226,2440,6590,505,57.5,245,101,7780,45.6
2021-01-21,34.3,22.1,24.1,206,325,18.5,92.6,499,128,788,95.7,698,51.8,1780,22.7,272,2120,334,176,222,2320,6230,471,55.6,237,98.6,7290,42.3
2021-01-22,34,22.3,23.9,210,307,18.7,82.7,452,157,712,94.3,666,54.1,1690,23.4,253,2000,324,174,220,2230,5900,457,55.7,233,98.6,6810,42.9
2021-01-23,32.2,21.3,23.2,173,316,17,82.7,462,131,690,90.2,635,50.3,1580,22.7,240,1880,311,167,210,2150,5610,441,52.6,223,96.3,6500,39.3
2021-01-24,31.1,20.7,22.8,130,316,15.3,82.7,460,95.6,625,84,616,40.8,1490,17.3,231,1760,286,160,204,2090,5410,416,49.4,206,93.3,6160,34.8
2021-01-25,32.1,21.5,23.6,133,316,15.5,82.7,462,131,681,85.2,569,47.9,1470,21.1,211,1670,271,159,202,2020,5200,402,51.3,208,94.3,5930,38.2
2021-01-26,34,23,25,175,316,18.5,82.7,464,133,692,89.9,581,48.9,1490,20.2,211,1680,290,165,206,1980,5130,431,56.1,235,102,5820,72.3
2021-01-27,34.3,23,25.5,436,316,23.3,82.7,468,140,710,100,749,49.9,1570,21.2,229,1700,296,174,208,2050,5080,431,56.3,250,104,5830,84.9
2021-01-28,31.7,21.4,23.6,315,316,17.3,82.7,463,125,695,104,1150,49.8,2000,18.4,244,1860,281,166,202,2280,5060,419,50.9,224,97.4,5740,60.2
2021-01-29,29.1,21,22.3,228,315,16.2,81.8,459,101,643,97,1110,30.3,2070,12.9,244,2330,253,155,197,2430,5370,381,44.7,193,92.6,5850,45.1
2021-01-30,29.1,20.5,22.7,191,315,15.9,81.8,459,93.8,612,84.3,981,28.4,1840,14.5,199,2190,218,149,192,2260,5690,326,41.8,176,87,5980,39.6
2021-01-31,30.7,21.5,23.3,244,315,15.7,82.7,465,116,677,91.1,926,57,1880,20.8,195,2040,261,152,195,2170,5700,378,48.6,243,93.9,6220,41.3
2021-02-01,33.7,23.5,25.5,237,314,15.7,82.7,462,119,678,96.6,982,56.7,1920,24.2,203,2070,252,158,203,2210,5630,351,54.1,222,107,6420,50.6
2021-02-02,32.5,22.9,25.8,224,314,15.6,82.3,460,122,681,98.6,947,60.6,1960,29.1,210,2160,237,156,203,2220,5480,401,53.1,219,114,6370,53.4
2021-02-03,31.4,22,24.4,211,314,15.5,82.4,458,118,663,95.2,889,51.3,1870,24.9,215,2160,278,155,199,2200,5440,459,49.7,209,106,6280,66.4
2021-02-04,30.3,21.5,23.7,176,314,15.2,82.7,457,105,635,93,824,37.2,1740,19.7,215,2020,257,156,195,2130,5610,411,47.9,203,99,6350,72.5
2021-02-05,35.5,27.3,30.4,172,314,15,82.7,458,126,687,104,783,50.6,1750,27.8,220,1950,270,164,193,2110,5540,427,61.5,219,110,6360,98.6
2021-02-06,39.1,27.3,32.9,158,314,14.5,82.7,457,119,689,142,870,63.8,1870,38.1,231,2030,291,228,198,2130,5520,515,73.6,280,125,6500,102
2021-02-07,44.8,32.5,41.4,137,313,13.3,82.7,457,116,692,159,936,70.5,2080,47.2,283,2300,323,238,197,2210,5790,576,73.9,295,187,6920,212
2021-02-08,42.3,29.2,38.4,114,296,12.4,73,430,94.5,645,145,900,47.2,2030,37.6,306,2450,309,237,194,2300,6190,569,72,333,191,7620,215
2021-02-09,37,25.5,30.1,142,284,13.3,66.8,405,114,631,138,837,50,1910,45.9,295,2340,287,220,189,2340,6450,508,63.6,294,132,7520,131
2021-02-10,37.6,25.5,29.5,140,284,13.3,66.8,407,110,615,132,805,59.7,1820,39.1,282,2220,284,210,189,2510,6440,489,65.4,296,120,7550,109
2021-02-11,42.1,27.8,33,137,284,13.3,66.8,409,111,636,138,862,56.6,1870,36.6,298,2180,285,217,193,2510,6470,529,74.9,369,164,8110,193
2021-02-12,37.3,24.8,29.4,136,284,13.3,66.8,406,108,618,134,980,54.1,1950,34.1,301,2220,274,243,189,2720,6460,518,66.6,382,133,7970,146
2021-02-13,37,25.2,28.8,135,284,13.3,66.8,406,105,609,132,1080,51.1,2060,30.6,316,2320,264,225,186,2860,6610,487,64,348,124,7860,124
2021-02-14,36.1,24.8,28.7,133,284,13.3,66.8,404,103,600,130,1060,47.6,2060,28.4,326,2420,255,211,184,3030,6810,469,62.5,345,126,7930,181
2021-02-15,39.8,27.4,33.3,132,284,13.2,67,406,107,605,131,1040,50.5,2030,29.4,317,2390,260,206,185,3050,6950,478,68.1,356,135,8160,207
2021-02-16,175,110,186,130,284,13.2,68.3,418,210,801,208,1220,150,2530,120,351,2730,618,371,242,3340,7770,1520,323,962,569,12100,906
2021-02-17,90.2,39.9,59,129,284,13.3,67.8,412,208,842,297,2790,253,4450,251,606,4380,1280,537,306,4420,9950,3700,157,713,320,13400,308
2021-02-18,70.3,35,43.6,130,284,13.2,67.8,414,186,792,275,2910,180,4990,168,942,6330,953,374,286,7370,17000,1850,122,609,254,17600,206
2021-02-19,60.5,32.1,39.1,130,283,13.2,67.8,410,172,752,249,2530,134,4280,127,842,5650,760,318,264,7000,18100,1350,106,555,223,20500,195
2021-02-20,52,29.7,36.1,127,283,13.1,66.8,408,143,707,219,2050,106,3640,92,733,4870,646,282,255,5920,15600,1120,94.3,498,195,19000,223
2021-02-21,45.9,28,33.3,125,283,13.5,66.8,410,129,636,191,1700,76.8,3040,61.4,591,4070,545,248,242,5170,13500,909,84.4,441,163,16200,163
2021-02-22,55,33.7,49,125,283,15.9,67.5,412,159,717,187,1480,100,2890,86.2,516,3600,517,251,243,4730,11900,885,94.7,504,223,14700,235
2021-02-23,79.8,54.4,83.4,133,285,20.7,68.3,427,198,801,322,1950,115,3170,79.3,570,3570,514,325,249,4540,11000,933,134,655,307,14200,294
2021-02-24,101,56.6,76.7,353,290,45.5,69.8,469,336,1170,915,3440,221,6080,126,1040,5350,753,775,268,6040,12500,1680,187,835,342,14700,220
2021-02-25,107,45.6,58.1,1230,302,178,76.4,587,1030,2620,1300,5110,759,10700,607,2250,11700,1780,848,352,7740,19100,4160,196,755,306,19000,161
2021-02-26,84.7,35.3,42.9,871,300,175,142,591,963,2490,996,5280,612,11300,536,2830,15700,1910,584,408,8040,30000,3680,147,658,239,30900,130
2021-02-27,118,52.8,64.8,877,303,147,265,725,816,2200,860,4220,455,9170,376,2170,12600,1650,502,414,7840,30500,2720,202,715,324,36700,245
2021-02-28,234,122,152,5220,1230,1060,605,2480,3090,6650,1960,6760,1130,13000,851,2380,12600,2350,791,571,7900,28200,4570,505,1400,595,35800,452
2021-03-01,179,70.8,125,6060,2400,1400,1170,4280,5630,14100,2920,20800,2460,41200,1770,7830,46600,4970,1700,1070,12400,47600,9290,366,2490,604,50300,916
2021-03-02,120,43.7,62.1,2490,2880,639,1720,5100,3040,9990,1570,15800,1180,32500,822,5010,46200,3300,953,952,19200,87000,4430,216,1410,378,89700,418
2021-03-03,102,37.9,47.2,1580,2860,340,1320,4600,1750,7550,1190,8040,686,19900,432,2820,27200,2300,641,768,15900,65800,2680,173,1040,297,81000,248
2021-03-04,89.8,34.6,41.9,1310,2460,227,948,3750,1200,5910,856,5170,475,14400,280,1990,18500,1820,507,678,11700,43400,2160,147,849,251,54900,184
2021-03-05,79.7,31.4,37.9,1100,1910,156,682,2840,857,4560,704,3830,345,10900,189,1510,13700,1490,417,603,9150,32800,1780,126,702,213,40600,138
2021-03-06,73.3,30.2,35.7,954,1590,116,543,2290,673,3450,614,3060,273,8590,144,1210,10600,1270,366,541,7470,26300,1490,115,610,189,32000,116
2021-03-07,67.8,29.7,34.3,803,1210,93,538,1910,543,3060,539,2550,223,7310,115,1020,8670,1100,334,500,6290,22000,1290,107,533,169,26300,102
2021-03-08,63.3,28.7,32.8,711,998,77.5,534,1630,453,2430,468,2120,188,5980,94.8,879,7380,975,308,467,5430,19100,1140,99.8,481,156,22200,92.5
2021-03-09,59.1,28.4,32.2,681,886,70.2,359,1340,401,2220,403,1800,166,5300,82.7,772,6300,887,290,443,4810,16800,1050,95.7,445,148,19300,84.1
2021-03-10,55.4,28.3,31.3,618,820,75.2,272,1160,379,1820,343,1580,150,4500,72.1,694,5610,820,274,428,4350,14800,982,91,411,141,17000,77.8
2021-03-11,52.2,26.9,30.9,603,716,106,272,1070,395,1810,295,1440,136,4120,63.6,628,4940,770,260,414,3990,13400,920,86.9,383,134,15400,71.8
2021-03-12,50.2,26.8,30.1,734,473,160,273,825,482,1700,253,1380,128,3900,59.1,575,4660,735,250,401,3720,12100,866,84.8,359,131,14000,68.1
2021-03-13,46.8,26.1,29.3,606,399,125,273,723,445,1460,213,1490,115,3690,51.9,525,4360,685,239,383,3490,11300,800,79.7,333,125,12900,63
2021-03-14,45,26.5,28.8,511,400,96.1,273,715,376,1340,181,1460,104,3500,45.2,480,4100,633,229,366,3290,10500,736,76.8,306,122,12200,58.7
2021-03-15,43.3,24.7,27.9,449,400,78.1,271,709,322,1250,153,1300,95.2,3210,40,437,3840,588,219,352,3110,9870,688,71.3,279,136,11300,52.8
2021-03-16,43.5,24.4,28.7,421,399,67.4,271,706,292,1200,137,1170,88.9,2940,36.7,403,3520,561,212,340,2950,9310,651,70.9,268,144,10700,49.3
2021-03-17,43.6,24.7,28.2,407,409,58.8,271,710,268,1170,125,1100,86.5,2790,35.9,383,3300,545,209,338,2810,8730,646,70.9,268,140,10200,50.3
2021-03-18,72,40.4,39.3,553,420,65.5,271,739,376,1310,129,1070,110,2820,53.8,397,3310,673,229,375,2870,8740,857,109,320,228,10100,65.6
2021-03-19,63,32.6,37.3,726,420,83.4,268,741,648,1710,158,1160,328,3690,190,453,3950,1120,263,463,2880,9230,1800,97.2,372,200,10900,82.1
2021-03-20,47.3,26.3,30.4,548,420,68.1,175,646,584,1530,141,1370,250,3730,167,516,4660,873,233,379,2850,10400,1240,77.4,284,153,11900,58.6
2021-03-21,43.3,25.2,28.9,397,420,64.3,120,579,537,1310,125,1310,208,3480,139,459,4410,742,215,349,2830,10800,869,71.4,257,144,12100,49.4
2021-03-22,41.5,24.6,28.3,366,420,61.4,120,577,473,1240,113,1220,185,3180,121,403,3950,684,206,339,2730,10100,769,69.8,245,157,11700,45.4
2021-03-23,40.5,24.9,27.6,346,420,57.4,120,575,419,1180,106,1140,168,2980,106,382,3670,646,199,334,2610,9320,746,68.9,237,185,11000,43.5
2021-03-24,80.9,50,118,341,420,55.7,121,576,388,1140,103,1080,156,2840,96.9,369,3460,654,200,336,2560,8880,831,118,262,271,11300,60.2
2021-03-25,74,37.2,61.8,325,393,51.6,121,554,354,1110,100,1050,149,2760,89.7,367,3340,684,198,357,2510,8690,1330,111,273,221,10900,75.5
2021-03-26,58.9,30.1,42.8,324,353,48.3,121,508,327,1040,98.1,1010,138,2650,81.7,369,3230,625,194,336,2450,8380,1080,91.3,254,169,10600,61.2
2021-03-27,48.5,26.5,34.8,298,348,42,111,486,283,960,91.1,982,121,2440,69.2,360,3050,576,187,317,2410,8070,886,80.1,232,150,9870,48
2021-03-28,57.1,32.9,46.1,323,349,42.5,107,485,285,958,90.6,987,120,2410,69.2,353,2910,596,188,331,2390,7750,841,85.1,230,167,9790,87.1
2021-03-29,58.5,31.7,41.7,464,349,41.9,105,479,285,963,87.6,952,170,2510,115,351,3030,989,204,394,2360,7790,1400,88.4,259,178,9610,121
2021-03-30,46.3,26.4,33.7,343,349,36.9,93.4,466,244,885,80.1,1050,137,2410,96.3,368,3020,836,185,349,2290,8400,1150,75.9,222,144,9860,71.9
2021-03-31,63.9,38.6,48.9,452,350,40.8,89.2,469,264,913,95.2,1060,144,2460,103,377,3020,771,191,358,2420,8390,951,85.4,220,233,10400,73.8
2021-04-01,123,62,85.7,703,351,56.9,89.5,473,381,1120,172,1380,319,3690,166,594,3690,1020,384,430,2800,9210,1340,197,664,434,12500,293
2021-04-02,82.5,36.2,46.7,562,328,58.4,89.5,448,370,1080,176,1680,292,4180,174,1290,5820,1080,380,428,3330,11900,1650,121,529,253,13200,159
2021-04-03,68.9,30.5,38.4,488,318,60.8,89.5,432,383,1030,153,1560,232,3730,157,1200,5570,925,278,387,3580,14800,1200,104,407,229,15600,103
2021-04-04,62.9,28.7,35.2,446,318,60.8,89.5,431,381,1010,138,1430,203,3410,138,973,4850,834,242,375,3470,13600,1020,97,366,213,15900,86.7
2021-04-05,57.7,27.2,32.9,400,317,57.1,89.6,431,357,983,124,1320,178,3150,119,827,4360,763,220,364,3230,12100,929,90.3,328,166,14300,75.3
2021-04-06,53.4,26.3,31.4,378,317,52.5,90.6,430,329,950,114,1220,158,2920,102,720,3960,709,205,353,3070,11000,849,85.4,301,131,12900,64.9
2021-04-07,48.9,25.7,30.4,350,317,47.6,90.9,430,299,912,105,1130,142,2720,88.2,637,3650,655,199,347,2900,10100,785,80.3,279,126,11900,58.5
2021-04-08,45.5,25.9,29.2,329,317,43.5,90.9,429,272,877,97.1,1050,128,2520,76.7,569,3370,608,191,337,2730,9280,742,77,262,122,11000,53.1
2021-04-09,54.3,27.6,34.4,375,288,41.9,90.9,410,278,908,105,1120,134,2550,73.7,534,3200,604,239,359,2690,9010,814,90.5,379,176,11100,140
2021-04-10,50.2,26.4,32,527,274,39.6,91.1,389,256,877,128,1660,128,2970,68.8,553,3330,588,270,358,2760,8810,822,81.9,371,142,10900,129
2021-04-11,65.2,35.6,40.2,1530,295,181,102,563,1240,2700,703,4930,701,7380,624,1010,5850,1830,1260,417,3170,9480,1710,98.5,453,165,10900,135
2021-04-12,82.4,31.1,34,974,345,230,126,569,1240,2760,642,10200,782,16300,704,4010,21000,2540,1020,482,9000,27500,2930,128,480,201,18900,98.5
2021-04-13,74.2,28.7,35.4,900,433,170,185,684,962,2220,525,5630,529,11000,420,2360,15900,1930,542,434,11100,40700,1790,167,417,276,44800,85.3
2021-04-14,64.2,27.4,32.5,829,472,121,228,759,739,1970,472,3780,377,7950,277,1620,10900,1490,412,397,8050,29600,1320,116,378,212,37900,75.9
2021-04-15,66.2,28.7,35.6,869,622,99.7,225,873,616,1780,414,3160,310,6590,212,1320,8520,1290,395,394,6600,23100,1190,117,484,234,28700,139
2021-04-16,56.8,25.2,30.5,758,885,82.5,224,1160,523,1940,342,3080,254,6280,165,1230,7610,1110,356,379,6130,20100,1050,104,403,191,23600,95.1
2021-04-17,51.8,24.1,29,691,1340,68.7,167,1540,442,2000,288,2730,213,5780,132,1040,7140,977,315,365,5520,18300,917,95.4,357,180,20600,71
2021-04-18,48.3,23.9,28.1,643,1180,57.8,135,1460,378,2370,245,2390,182,5650,109,918,6560,875,290,351,4800,16600,826,88.7,327,146,18700,61.8
2021-04-19,45.5,23.1,27,535,461,50.4,134,632,330,1380,208,2040,160,4730,92,820,6200,794,270,338,4280,15000,761,83.3,306,105,16600,57.6
2021-04-20,43.9,22.7,26.5,398,461,44.2,133,627,292,1130,178,1740,142,3680,79.1,735,4810,732,254,326,3850,13800,708,78.3,281,101,15400,50.4
2021-04-21,42.1,22,25.6,360,424,40.3,132,589,262,1080,156,1510,129,3330,69.1,655,4230,673,242,314,3500,11600,654,74.1,261,113,13800,43.8
2021-04-22,40.5,21,24.9,340,382,36.6,130,540,237,986,137,1350,114,2980,58.8,581,3800,614,227,301,3200,10300,603,69.9,242,127,11900,37.1
2021-04-23,39.5,20.7,24.5,310,363,33.5,118,501,215,900,121,1220,100,2700,49.8,523,3430,571,219,287,2920,9340,564,67.2,227,121,10900,33.2
2021-04-24,38.7,21,24.5,296,364,31.1,113,499,202,858,111,1110,92.2,2470,44.4,476,3140,539,215,280,2760,8570,539,65.1,219,94.8,10000,32.3
2021-04-25,55.2,28.4,37.8,658,365,44.3,113,519,275,1040,195,1390,120,2730,57.5,489,3070,571,281,312,2800,8380,630,90.2,345,187,10400,123
2021-04-26,41.3,22.3,27.7,475,425,35.6,113,554,216,959,225,2020,119,3690,59.6,854,3980,542,284,295,2950,8480,651,72.1,299,109,9970,75
2021-04-27,38.1,21.2,25.6,394,452,32.3,104,581,193,959,202,1680,91.4,3380,44.5,881,4480,480,239,271,2910,9150,556,65.4,237,98.1,9800,50.6
2021-04-28,36.4,20.7,24.3,362,452,30.5,86.8,564,182,923,182,1470,83,3060,39.4,780,3990,447,223,270,2720,9600,501,62.2,218,110,10500,40.2
2021-04-29,35.7,20.8,23.8,446,452,40.1,81.3,560,214,936,167,1360,83.1,2870,38.5,725,3690,461,208,268,2530,8730,499,62.2,204,120,10200,34.9
2021-04-30,38.4,21,23.4,645,453,50.6,81.9,567,238,978,155,1280,85.3,2820,39,669,3500,468,205,273,2390,8060,517,69.8,198,119,9500,32
2021-05-01,33.6,18.8,21.7,631,653,48.7,82.2,769,235,1050,144,1260,78,2750,35.3,611,3380,426,192,255,2260,7630,475,55.1,183,111,8790,27.8
2021-05-02,32.3,18.8,21.5,506,626,47.9,82.2,746,228,1130,127,1180,69,2820,30.2,565,3340,394,188,247,2150,7310,422,52.8,171,112,8390,22.9
2021-05-03,31.5,19.1,21.6,556,395,75.8,114,547,302,1110,150,1130,69.9,2730,30.4,512,3300,386,228,284,2070,7110,582,52.2,166,99.4,8020,22.7
2021-05-04,34.4,21.1,22.3,1420,1140,196,236,1390,463,1620,396,1320,117,3470,54.2,745,3680,524,444,397,2030,8360,2570,55.6,178,89.7,9040,97.5
2021-05-05,37.2,22.6,30.8,970,1560,208,500,2180,632,2990,310,1940,199,5220,103,905,5230,706,291,350,2240,8840,1150,56.7,249,146,11100,184
2021-05-06,31.8,19.3,23.8,761,1550,172,602,2270,737,3310,253,2050,324,6610,213,905,7530,1040,270,356,3870,12800,1060,52.2,234,102,11300,73.8
2021-05-07,32.9,19.4,23.1,636,1280,140,466,1880,670,3170,214,1710,230,5920,154,793,7090,693,219,303,3130,15500,817,49.1,183,95,15600,45
2021-05-08,39.9,22,26.4,658,575,119,325,966,574,2100,187,1510,217,4950,141,692,6360,628,200,308,2710,13600,831,54.3,184,120,15400,55.3
2021-05-09,35,20.2,23.9,585,459,102,325,813,491,1590,163,1400,187,3880,116,624,5080,599,186,313,2400,12200,1010,52.8,171,116,13800,35
2021-05-10,32.3,19.4,23.3,674,458,131,325,820,612,1760,148,1260,191,3730,109,552,4440,561,178,293,2280,10300,808,49.3,158,106,12400,28.8
2021-05-11,29.2,18.5,21.1,550,454,126,325,803,544,1620,129,1150,162,3470,93.1,485,4290,502,168,284,2080,9060,680,45.1,146,102,10600,24.2
2021-05-12,27.6,17.1,20.2,472,453,109,325,797,509,1550,112,1040,137,3190,79.5,429,3870,446,161,271,1950,8480,588,42.4,135,99.4,9650,20.7
2021-05-13,27,16.6,38.7,405,453,89.3,269,743,437,1450,97.4,938,120,2920,67.6,377,3550,412,154,256,1840,7740,533,41.2,128,98,8940,18.4
2021-05-14,26.3,16.6,18.9,366,453,73.4,161,635,372,1250,86.3,860,107,2630,57.6,338,3240,384,149,249,1720,7170,498,40.4,124,91.9,8230,16.4
2021-05-15,25.8,16.4,18.3,334,714,61.5,132,873,319,1220,77.1,799,95.1,2340,49.4,308,2910,358,147,249,1650,6720,469,39.6,118,81.6,7650,15
2021-05-16,27.8,19.9,20.6,311,684,53,131,835,280,1290,71.6,759,86,2420,42.7,286,2700,338,145,244,1580,6250,436,38.8,114,77.4,7110,14.1
2021-05-17,28.7,20.5,21.1,293,373,46.3,129,518,248,1110,67.7,732,82.2,2310,39.1,272,2710,323,143,241,1540,5840,433,38.8,112,82.6,6640,13.9
2021-05-18,25.5,17.6,18.5,263,312,41.2,107,443,218,879,62.6,703,72.3,1930,33,260,2520,307,140,234,1510,5810,414,37.3,111,76.3,6240,13.2
2021-05-19,24,16.6,17.6,241,280,36.8,71.6,365,193,720,57.5,659,63.8,1760,27.1,249,2160,290,137,228,1470,5560,392,35.5,106,80.7,6070,12.2
2021-05-20,23.1,15.6,16.9,221,280,32.8,61.6,350,172,649,53.1,614,57,1580,22.7,228,1920,271,131,220,1390,5030,369,34.1,101,85.2,5850,11.3
2021-05-21,22.3,15.2,16.2,201,280,28.4,61.6,348,154,616,47.8,575,51.1,1460,19.1,209,1740,252,128,209,1350,4720,343,32.6,94.6,93,5310,10.3
2021-05-22,21.8,14.9,15.7,194,280,25.4,61.6,346,140,594,43.6,535,46.3,1360,16.1,194,1610,238,127,201,1310,4390,323,31.4,87.3,76.1,4960,9.74
2021-05-23,21,14.3,15.5,184,280,23.7,61.6,344,130,578,40.7,505,42.8,1290,13.9,181,1510,230,121,198,1260,4130,311,30.3,86.6,68.8,4620,9.65
2021-05-24,22.5,15.6,17.2,206,281,26.1,61.8,350,161,604,39.5,486,46.4,1260,15.2,180,1500,231,125,205,1240,4060,322,35,87.6,80,4430,8.81
2021-05-25,24.6,16.2,18.3,273,281,27,61.6,348,242,727,41.1,479,94.3,1430,25.8,177,1520,315,135,224,1200,4070,339,42.7,104,95.9,4650,8.81
2021-05-26,22.3,15.8,19.9,211,282,22,61.5,345,160,620,40,479,64.2,1360,24.7,166,1640,285,127,213,1230,4160,362,41,103,76.8,4560,9.27
2021-05-27,25.6,18.5,17.7,180,282,20.4,61.5,343,138,581,36.7,459,48.7,1240,17.7,162,1490,257,181,214,1260,4360,493,50.3,101,85.1,4950,23.7
2021-05-28,24,17.9,34.6,317,284,47.4,63.5,370,195,642,38.6,438,42.2,1170,14.6,179,1400,258,146,207,1280,4220,427,34.4,91.2,91.8,5110,14.9
2021-05-29,64,56.5,63.4,786,535,128,63.9,639,561,1300,83.2,503,136,1740,49.8,186,1470,370,254,256,1470,4620,794,73.7,121,270,5880,28.3
2021-05-30,32.9,23.3,24.2,439,538,95,63.7,621,476,1280,88,653,126,2290,59.3,205,2280,386,257,245,1740,4750,913,48.1,154,148,6030,24.7
2021-05-31,27.4,19.2,19.9,343,300,72,64.5,374,383,1080,73.2,639,85.6,2110,38.4,332,2570,308,169,220,1770,5390,612,40.4,115,93.7,6010,18.2
2021-06-01,23.7,18,17.8,284,299,56.3,63.5,369,303,792,60,571,66.9,1670,27.1,287,2360,262,146,201,1640,5780,466,35.4,96.6,83.8,6190,13.7
2021-06-02,22.4,16.6,16.8,265,308,46.5,63.9,384,253,729,57.3,508,62.1,1500,21.4,232,1890,238,139,192,1430,5310,400,33.8,85.1,80.8,6140,9.5
2021-06-03,45.4,39.3,79.5,303,305,43.2,64.5,387,245,854,72.2,479,90.5,1780,31.2,200,2010,238,135,188,1410,4810,389,80.7,82.4,139,5580,9
2021-06-04,49.7,26.9,46.6,236,302,38.7,64.1,374,226,762,60.2,451,87.9,1590,28.9,181,2000,243,153,189,1320,4830,477,92.7,143,178,5700,13.4
2021-06-05,24.9,17.8,21.2,212,301,31,413,698,175,795,51.7,438,64.8,1400,22.5,181,1740,220,134,186,1190,4680,457,45.7,101,87.2,5450,9.86
2021-06-06,21.4,15.8,16.3,202,301,26.6,64.3,370,148,824,44.7,412,51.1,1560,16.2,197,1570,195,123,176,1140,4270,366,37.4,80.5,75.1,5070,7.85
2021-06-07,19.6,15,14.2,196,300,24.2,60.8,364,129,594,39.7,386,44.4,1180,12.2,175,1710,179,116,171,1100,3910,315,33.5,68.9,69.9,4460,6.79
2021-06-08,18.8,14.6,13.1,277,301,21.7,60.8,365,138,602,66.8,367,40,1120,9.91,156,1330,177,117,169,1060,3810,304,31.3,62,67.3,4120,6.36
2021-06-09,18.3,14.2,12.6,238,300,19.6,60.3,362,135,592,64.8,413,38.4,1170,9.17,338,1390,190,124,179,1050,3490,294,30.1,63.2,68.5,4000,6.78
2021-06-10,18.6,37.8,13.9,505,305,19.1,61,371,130,596,62.8,487,57.5,1320,18.6,208,1480,215,135,206,1100,3550,347,63.1,82,68.2,3810,6.71
2021-06-11,30.5,38.5,26.1,1020,944,25.2,61.4,992,148,1510,185,1310,241,2510,23.4,684,1840,534,240,312,2060,8600,1740,99.1,471,205,5810,163
2021-06-12,28.1,24.9,22,523,888,20.7,62.2,1030,139,1760,211,1330,172,3790,33,1630,5220,726,393,335,4040,9920,2470,77.5,646,226,14200,117
2021-06-13,23.6,19.4,17.4,687,538,30.6,61.8,712,130,1270,224,1290,131,3170,35.7,901,4760,491,294,307,3600,12900,1160,57,263,163,13500,46.4
2021-06-14,34,22.7,26.1,753,768,29.6,61.9,859,142,1180,275,1790,160,3540,41.8,643,3970,403,373,272,2880,11500,795,52.7,212,126,14300,29.1
2021-06-15,49.5,29,112,736,989,33.2,63.3,1120,116,1580,216,1790,115,3580,35.1,761,4300,328,230,238,2770,9700,629,66.2,256,245,13500,22.2
2021-06-16,23.5,17.1,23.5,530,725,23.2,62.5,879,103,1410,180,2050,84,3820,26.5,563,4450,280,192,220,3100,9580,513,43.7,163,114,10700,16.1
2021-06-17,20.2,15.3,17.7,440,423,17.2,61.9,543,90.2,882,149,1500,63.7,3220,19.1,446,4270,246,166,199,2790,9050,432,37,120,102,10000,12.1
2021-06-18,18.6,14.4,15.4,385,407,14.2,61.6,517,81.4,734,125,1040,52.1,2320,13.9,335,3140,224,152,193,2520,8370,382,33.9,99.6,97.1,9210,9.13
2021-06-19,18.1,14.1,14.4,331,406,13.6,61.6,514,76.4,707,107,783,45.4,1960,10.9,271,2470,210,145,188,2130,6970,350,32.8,88.9,93.1,8430,7.9
2021-06-20,18.1,13.9,14.5,303,413,12.8,61.3,517,74.8,692,96,665,41.7,1750,9.15,227,2110,203,141,185,1890,5870,333,32.3,94.3,88.2,7030,7.59
2021-06-21,19.9,16.9,16.4,255,416,14.3,61.7,526,72.4,700,139,624,40.7,1730,8.49,220,1910,223,152,190,1710,5270,355,32.7,94.4,71.6,6060,7.26
2021-06-22,31.9,24.6,22.1,453,417,18.5,61.7,530,83.1,742,117,561,42.2,1720,9.96,230,2000,300,236,260,1630,5180,519,54.8,173,103,6100,7.23
2021-06-23,23.8,17.6,17.6,337,415,15,61.3,519,83,719,108,555,45.7,1710,10.8,244,1940,340,236,275,1460,5290,591,40.3,165,81.7,6060,9.61
2021-06-24,19.1,14.8,14.2,224,383,11.3,61.3,484,65.5,670,83.4,490,37.3,1540,10.3,229,1870,276,188,219,1380,5000,497,31,114,66.9,5850,6.8
2021-06-25,17.5,14,13.1,191,325,9.76,61.3,423,60,603,65,438,30.1,1370,7.79,207,1670,228,173,196,1280,4660,366,28.5,88.5,63.2,5300,5.7
2021-06-26,16.6,13.4,12.9,170,305,8.96,61.3,394,55.1,532,54,378,26.4,1210,5.63,172,1490,206,159,184,1240,4280,316,28,76.5,62.1,4840,5.22
2021-06-27,16.2,13.1,12.4,156,326,8.32,80.9,419,52.3,519,46.9,341,24.3,1090,4.48,147,1310,193,148,181,1140,3930,296,26.6,71.1,60.8,4370,5.2
2021-06-28,15.1,12.2,11.5,157,346,7.67,126,516,56.3,604,43.3,317,22.5,1040,3.69,136,1200,183,160,178,1090,3570,277,24.8,67.2,58.9,3940,4.98
2021-06-29,14.1,11.6,10.9,153,247,7.28,82.2,354,56.7,576,44.7,338,30.5,1170,3.07,124,1160,173,153,171,1000,3350,256,23.1,60.8,56.3,3500,4.56
2021-06-30,13.3,11.3,10.4,122,247,6.97,62.4,327,47.9,448,37.1,397,24.4,1050,2.92,116,1260,162,141,167,999,3130,242,22.9,55.4,55.6,3290,4.73
2021-07-01,37.1,29.4,12.4,112,247,10.5,62.4,331,54,453,54.9,487,22,1110,3.28,124,1180,180,148,192,1040,3310,324,54.1,81.3,81.1,3510,5.96
2021-07-02,38.2,25.7,18.5,571,265,10.4,62.3,345,82.2,495,59.2,477,21.6,1090,6.54,125,1250,212,159,204,1030,3470,432,68.8,127,143,4610,25.7
2021-07-03,20.9,17.2,12.5,255,281,8.16,61.3,362,64.9,492,58.5,514,22.5,1230,4.98,132,1210,204,144,180,1100,3470,341,33.9,112,90.1,4080,9.05
2021-07-04,20,24.9,12.3,179,282,7.16,404,692,54.1,585,47.5,471,19.6,1140,3.63,133,1330,179,133,171,1030,3400,298,30.5,70,85,3830,5.85
2021-07-05,16.1,15.4,10.8,169,283,7.51,55.6,373,49.9,685,41.1,397,17.7,1380,2.78,154,1260,165,129,166,986,3260,292,26.9,54.2,79.5,3550,5.08
2021-07-06,14.6,14.1,10.2,189,283,6.81,55.5,371,45.7,470,35.3,333,16.5,1010,2.45,135,1470,150,126,158,959,3200,265,24.3,46.3,74.1,3330,4.54
2021-07-07,13.4,14.6,9.77,218,284,6.22,55.8,375,43.1,456,30.3,296,15.2,913,2.18,118,1090,139,126,154,902,3150,235,22.8,43.2,68.4,3160,4.54
2021-07-08,13.7,15.3,10.7,248,285,6.79,55.9,380,51.1,473,28.5,276,17.1,893,1.89,109,1010,139,121,152,855,3060,222,26.2,41.5,68.8,3440,4.3
2021-07-09,15.3,14.5,12.3,271,284,6.43,55.7,373,54.8,493,30.1,314,24.2,918,1.73,103,986,186,137,161,855,2810,244,28.5,73.9,96,3730,22.2
2021-07-10,13.7,12.7,10.4,209,283,5.98,55.5,367,46.5,459,26.9,332,22.2,975,1.95,104,1000,178,122,164,830,2710,301,26.5,100,88.6,3540,24
2021-07-11,12.3,12,9.38,178,284,5.9,55.6,367,47.4,467,24.8,302,18.5,913,3.86,97.8,1070,158,119,154,786,2700,365,23.5,59.4,72.6,3040,8.12
2021-07-12,11.9,11.9,38.8,196,285,7.06,55.2,367,65.9,493,22.8,271,90.2,996,160,104,1360,208,146,168,819,2700,296,23,45.4,108,2890,6.02
2021-07-13,12.7,12,27,171,286,5.78,55.7,373,74.8,645,29.8,275,72,1060,62.4,99,1260,223,372,172,793,2830,1500,25.7,39.6,130,2830,4.97
2021-07-14,10.6,10.9,12.6,149,286,5.84,55.2,370,55.1,507,29.4,291,43.2,1080,31.4,100,1220,184,182,152,827,3410,707,19.4,33.3,71.6,3570,4.37
2021-07-15,9.87,10.3,10.2,121,287,4.94,54.6,367,47,470,26.9,233,29.1,899,18.1,104,1160,162,150,145,794,3120,378,18.1,36.9,68.6,3920,15.9
2021-07-16,9.32,10,8.96,103,272,4.46,54.2,351,41.5,452,23.2,219,22.6,834,11.6,118,1010,147,141,145,772,2900,293,17.1,48.5,63.2,3190,7.12
2021-07-17,33.8,19.8,14.5,94.9,265,4.11,53.7,340,38,423,22.1,197,20.7,794,9.04,115,960,148,143,151,863,2880,298,19,34.9,106,3180,4.85
2021-07-18,58.2,31.6,22.5,90.6,263,5.27,53.7,336,38.2,416,24.5,187,45.2,782,8.13,129,960,731,318,219,921,2750,452,53,33.4,192,3340,6.06
2021-07-19,17.5,14,11.1,85.9,262,4.76,53.4,334,43.8,413,21.1,182,49.9,780,21.5,125,913,474,178,190,790,3140,487,23.8,29.1,71.4,2950,5.33
2021-07-20,14.5,12.8,9.52,77.6,262,4.16,52.8,333,38,403,19.2,175,31.4,738,13.1,140,930,292,150,153,730,3320,342,20.4,27.5,67.9,3210,4.36
2021-07-21,13.8,12.9,8.66,66.1,262,4.11,52.9,333,34.1,394,17.4,169,23.7,699,9.08,111,865,227,141,145,702,2820,273,18.6,24.3,60.7,3240,4.25
2021-07-22,12.6,12.5,8.47,65.1,262,4.22,52.8,331,31.6,390,16.2,161,19.4,676,6.61,95.7,800,194,131,152,745,2660,248,17,25.2,60.6,2740,4.16
2021-07-23,11.1,10.8,7.56,62.4,261,3.45,52.7,331,29.8,381,14.7,152,16.6,652,5.25,85,760,181,124,142,666,2410,252,16,20.6,53.3,2480,3.97
2021-07-24,10.5,10,7.3,63.7,262,3.17,52.8,330,28.6,380,13.3,144,14.6,628,4.02,78.9,732,166,117,136,609,2200,227,15.5,18.3,51,2420,3.97
2021-07-25,9.99,9.8,6.91,62.2,262,3.13,52.8,330,27.9,380,12.5,140,13.6,616,3.29,74.5,706,157,115,134,612,2080,200,15.4,17.1,48.5,2200,3.85
2021-07-26,20,11.8,7.22,57.3,246,3.17,52.8,318,27.4,373,12.2,137,12.9,607,3.34,72.3,704,154,111,135,583,2010,424,14.9,17.1,47.8,1990,3.75
2021-07-27,28.8,13.1,9.59,52.5,239,2.9,52.8,305,26.7,352,11.7,133,12.2,598,6.55,70,686,141,112,143,568,1910,369,31.5,16.5,50.7,1910,3.81
2021-07-28,13,9.91,6.88,50.7,249,2.75,52.8,317,25.4,350,11.2,128,11.6,553,5.9,67.7,671,129,107,132,564,1850,230,16.2,22.2,47.1,2130,3.98
2021-07-29,12.7,10.1,7.74,54.4,251,3.87,52.8,320,25.1,371,11,126,11.8,568,4.38,66.3,636,122,109,127,585,1780,212,24.9,21.4,82.2,1970,6.27
2021-07-30,11.7,9.67,7.24,88.7,244,3.7,52.8,311,25.2,374,11.4,121,11.3,581,3.41,66.2,635,131,108,137,609,1870,212,18.1,17.5,70.8,1920,26.4
2021-07-31,10.2,8.92,6.14,109,244,2.99,52.8,309,24.9,363,10.7,119,10.8,561,2.64,65.3,637,123,102,134,604,1780,242,15.2,20.1,69.2,1780,7
2021-08-01,10.7,9.56,8.15,64,243,2.65,52.8,309,25.4,357,9.74,146,9.9,552,2.02,65.1,622,112,101,129,674,1800,193,15.4,22.7,68.7,1850,10.8
2021-08-02,14.1,11.4,10.7,52,243,2.46,52.8,308,24.5,353,9.43,161,9.69,590,1.59,65.3,619,112,97.5,128,603,1820,180,19.1,22.4,80.7,1930,6.54
2021-08-03,10.2,9.6,8.03,53.8,243,2.33,44,301,23.7,351,9.2,137,9.12,581,1.33,62.8,640,105,98,122,549,1680,176,15.4,17.2,59.4,1860,4.63
2021-08-04,9.51,9.24,6.92,60.8,228,3.19,40.9,283,23,341,8.99,123,8.29,554,1.11,60.5,637,101,97,119,526,1630,162,14.3,13.9,53.1,1660,4.25
2021-08-05,8.76,8.63,6.26,58,220,3.18,57.3,291,23.2,324,9.21,117,7.89,530,1,60.4,618,97.8,92.7,116,508,1630,154,13.1,11.8,45.9,1540,3.97
2021-08-06,8.07,8.14,5.69,47.3,230,2.71,57.3,298,25.4,329,10.4,117,7.98,522,0.89,60.1,592,93.4,94.9,115,517,1610,145,12.5,10.3,44.8,1440,3.97
2021-08-07,7.78,7.93,5.4,42.6,236,2.65,57.2,303,24.6,338,9.39,110,9.8,525,1.94,59.1,575,90.6,89.8,113,504,1590,137,11.9,8.87,45.4,1420,3.97
2021-08-08,8.08,7.99,5.32,41.3,239,2.5,56.4,303,24.8,347,9.28,112,9.4,528,1.75,58.4,582,86.6,86.6,111,487,1540,133,12.1,8.83,43.9,1470,3.97
2021-08-09,7.99,8.01,5.12,40.2,248,2.67,56.4,315,23.5,349,9.88,120,9.89,549,1.29,59.6,587,90.1,85.2,112,501,1480,129,11.4,8.48,45.3,1470,3.71
2021-08-10,7.51,7.79,6.32,38.3,236,2.31,56.4,307,22.1,353,7.88,121,8.2,556,1,58.2,602,78.9,90.1,116,626,1540,127,33.5,9.14,104,1410,4.47
2021-08-11,11.9,8.37,7.57,44,231,2.47,56.4,297,21.2,334,7.34,110,8.44,546,0.94,64.2,622,88.8,92,123,644,1710,135,50.2,21.7,129,1950,7.19
2021-08-12,9.13,7.9,7.45,53.8,242,2.26,56.4,307,21,331,7.33,105,8.33,515,0.85,68.4,641,125,94.6,133,666,1750,146,24.1,20.8,89.2,1810,7.27
2021-08-13,27.9,19.1,5.69,53.4,240,1.93,56.4,305,21.9,346,6.69,98.4,6.68,513,0.75,63.3,592,112,90.9,129,664,1870,158,16.7,15.7,149,1920,166
2021-08-14,16.6,12.8,8.44,63.3,244,2.07,56.4,305,22.6,355,6.7,101,7.72,538,0.8,76.9,599,128,92.9,129,659,1810,165,21.3,12.1,153,2410,63.3
2021-08-15,16.4,9.39,5.67,86.3,232,2.17,56.4,299,24,358,7.19,104,6.49,531,0.86,66.6,635,110,102,126,722,1900,154,35.6,38.9,95.8,2240,12.8
2021-08-16,11.6,9.18,5.06,67.5,224,3.06,56.7,291,30.1,362,8.88,143,7.08,542,0.76,76.6,625,106,93.6,117,791,1940,193,35.6,129,93.7,2360,66.3
2021-08-17,33.1,12.4,12.9,268,224,6.65,56.4,291,39.4,423,18.5,187,227,882,1.74,90.6,889,153,96.1,130,781,2160,321,141,115,164,3310,91.8
2021-08-18,51.3,33.3,16.1,272,229,31.4,59,326,346,860,40.3,226,57.6,920,5.15,90.2,1090,197,106,147,763,2910,433,59.8,137,213,3710,86.6
2021-08-19,20.9,14.3,9.26,253,224,17.3,56.4,294,198,723,42.6,273,42.3,1540,40.8,106,1280,893,123,224,800,3070,1140,39.4,72.5,129,3930,44.7
2021-08-20,18.6,13.4,15.1,213,226,8.25,56.4,301,96.5,455,39.7,326,40.6,1080,25.6,98.8,1650,428,106,216,865,4050,1260,52.1,48.8,124,5950,389
2021-08-21,16.2,15.4,11.1,242,245,7.78,56.1,321,66.4,426,36.2,303,26.6,956,13.3,91.2,1200,301,98.6,172,929,4460,776,32.3,40.6,91.1,5560,82.3
2021-08-22,14.2,13,8.68,156,255,8.68,55.5,329,56.7,437,27.1,259,21.5,904,10.1,112,1070,231,89.7,153,941,3790,447,26,35.3,78.9,5000,33.5
2021-08-23,13.3,11.3,7.49,112,244,5.59,55.8,313,52,417,21.8,234,19.9,848,7.75,139,1050,202,86.9,140,1120,3300,341,24.2,27.6,77.6,3910,20.4
2021-08-24,11.2,10.2,6.25,88,236,5.02,55.5,300,43.5,381,18.2,216,17.7,765,6.22,128,984,189,87.6,138,1180,3200,295,20.7,22.1,68.9,3400,14.8
2021-08-25,9.91,13.1,5.76,78.3,235,4,55.5,299,38.9,364,15.6,199,14.6,708,4.71,110,882,164,84.6,134,945,2920,254,27.6,20.7,71,3130,11.9
2021-08-26,23.7,25.5,5.31,69.8,234,3.84,55.5,298,37.4,373,13.9,171,184,853,4.72,92.4,911,151,84.6,133,859,2610,339,26.3,44.2,75.4,3800,15.6
2021-08-27,11.9,11.8,5.57,73.3,233,4.38,55.5,297,43.1,375,16.9,174,178,847,4.73,80.8,1030,147,79.6,133,763,2360,239,19.7,30.2,102,3400,12.5
2021-08-28,10.9,10.5,6.94,79,565,4.09,55.5,633,95.7,459,14.6,198,79.7,766,6.41,76.4,952,235,134,127,778,2370,402,32.6,21.6,97,3020,139
2021-08-29,9.79,9.79,5.8,86.5,244,10.2,55.5,306,95.3,735,34.1,413,137,1230,14.9,86.3,883,348,186,184,850,2560,438,35.3,32,77.4,2570,229
2021-08-30,9.78,14.9,5.72,58.3,239,6.3,55.5,305,97.6,465,48.4,496,62.4,1260,9.94,107,1390,227,98.6,141,1120,2950,326,22,45.4,68,2760,63.4
2021-08-31,9.82,20.6,5.4,60.6,223,4.98,55.6,288,80.5,414,36.8,337,53.7,1080,7.84,239,1420,204,90,157,2100,3930,377,20.3,37.1,64.3,3010,107
2021-09-01,67.8,46.6,91.8,2540,275,956,117,899,7050,10100,1040,958,1740,6120,1610,325,4060,2100,812,633,1970,7150,5840,428,474,224,9130,946
2021-09-02,53,28.9,27.4,1210,240,216,120,496,3400,6430,866,5830,5030,23700,1560,2380,29700,7150,1130,1350,7260,32100,27700,142,1120,224,30800,322
2021-09-03,19.1,14.6,12.4,551,236,77.9,109,402,1070,1920,485,2990,672,8310,280,1520,13800,2340,307,467,9400,53300,5330,51.9,238,101,74300,103
2021-09-04,15.6,12.7,8.73,380,235,49.9,98,367,564,1160,354,1450,346,4540,127,748,6890,1300,194,334,5070,23100,1420,38.9,125,76.9,33900,59.8
2021-09-05,14.3,12.3,7.17,298,234,36.6,98,359,376,882,267,928,226,3070,79.6,462,4420,990,164,289,3410,14400,1020,34.2,89,72.2,18700,40.6
2021-09-06,14.9,12.2,6.93,242,233,30.6,97.8,352,281,755,198,703,176,2380,60.8,322,3230,845,151,269,2600,10100,869,33.9,80.9,70.3,12800,29.7
2021-09-07,12.1,10.9,5.88,190,232,25.8,96.7,347,205,646,141,564,129,1940,42.1,252,2560,668,136,245,2140,7850,707,28.3,68.5,70.6,9700,23.9
2021-09-08,11,10.1,5.32,163,234,20.6,96.7,346,162,586,103,470,100,1620,30.2,203,2050,561,128,228,1840,6520,630,26.3,50.7,64.3,7730,17.5
2021-09-09,110,40.9,11.7,183,234,16.6,96.7,343,140,557,81.2,429,87.1,1430,24.9,177,1750,531,143,279,2680,6540,3940,146,803,317,8560,16.4
2021-09-10,26.4,15.3,7.55,158,234,13.6,96.7,340,116,523,62.3,610,73.2,1370,24.4,160,1560,548,170,262,4250,8210,2490,49.8,371,126,12200,14.9
2021-09-11,18.8,12.5,6.15,131,228,11.2,96,334,98.2,494,45.8,683,59.6,1600,18.9,158,1550,452,134,233,2780,6540,1240,36.1,190,101,9850,14.3
2021-09-12,16.3,11.4,5.95,112,223,9.86,95.4,330,86,471,36.1,514,51.6,1350,14.3,188,1700,397,118,209,2000,5170,898,32.1,124,94.5,7100,12.9
2021-09-13,14.4,10.9,6.03,106,222,8.95,95.4,328,76.3,453,29.7,420,45.6,1170,11.4,155,1450,360,111,199,1660,4780,732,29,95.6,82.6,5650,11.8
2021-09-14,13.3,10.5,5.83,100,221,8.36,95.4,326,70.7,443,26.1,357,41,1070,9.62,134,1280,329,108,193,1440,4350,628,27.5,79,69,5090,11.2
2021-09-15,12.5,9.98,6.11,95.4,220,7.99,95.4,325,66.1,437,23.8,312,41.8,1020,8.82,120,1180,313,105,232,1250,3910,619,28.8,69.5,56.5,4520,11.2
2021-09-16,95.2,61.4,18.6,99.5,220,7.77,84.6,316,61.2,427,22.4,287,36.9,966,7.92,115,1130,334,238,724,1240,4170,1280,375,95,156,4650,10.2
2021-09-17,140,46.7,19,101,222,7.03,79.1,310,60.4,414,21.8,273,33.3,933,7.15,127,1080,344,176,349,1360,4300,2650,362,126,223,7020,24.1
2021-09-18,41,17.4,10.7,89.2,484,6.12,77.9,576,57.4,444,21,258,31.7,894,6.8,110,1030,296,133,281,1200,3760,1390,78.3,97.1,102,7050,13.9
2021-09-19,34.3,14.7,8.94,86.8,481,5.59,77.9,575,52.3,644,20,249,29.5,1090,6.01,108,992,268,119,255,1080,3410,1100,55.7,73.6,86.6,5030,11.1
2021-09-20,24.9,13.2,7.09,82.6,226,5.21,77.9,311,48.9,605,18.8,263,26.9,1090,5.36,106,1180,246,110,240,1020,3260,800,45.4,62.8,80.7,4300,10.1
2021-09-21,21.7,12.7,6.29,73.3,227,5.48,78,315,49.9,400,18.8,270,25.5,897,4.85,102,1170,235,108,228,1050,3180,662,40.1,56.4,75.2,3910,10.8
2021-09-22,52.2,19.4,9.6,274,234,57.1,71,369,289,688,34.7,268,30.9,947,6.56,105,1030,244,111,232,1040,3320,644,45.6,57.9,90.5,3760,15.5
2021-09-23,694,454,255,925,234,225,83.9,421,1450,2600,344,6510,581,6820,749,498,3160,1490,1640,1400,3420,9070,12400,1330,1660,1320,13100,340
2021-09-24,88.2,35.4,34.2,360,230,91.6,82.7,345,650,1280,254,6550,316,10900,364,1640,14600,1910,1040,1060,6550,24600,14900,180,749,475,38500,114
2021-09-25,51.8,22.3,16.7,255,230,53.8,408,639,399,980,185,3220,170,5540,153,879,8240,1040,394,580,8320,29200,2490,109,362,244,37500,57.9
2021-09-26,38.9,19.1,11.4,225,231,37.4,74.6,324,286,906,140,1920,120,3870,92,551,5250,799,282,479,5130,18300,1750,85.3,255,174,24700,36.2
2021-09-27,32.3,17.2,9.2,196,228,27.5,74.4,319,215,626,103,1300,89.1,2670,61.7,381,3820,646,232,427,3680,12700,1340,70.7,195,113,16400,21.2
2021-09-28,28.3,16.3,8.38,342,229,22.8,74.6,324,185,577,77.7,988,72.5,2120,45.8,295,2830,554,205,386,2940,9730,1110,63,161,73.4,12300,16.3
2021-09-29,26.4,15.7,7.79,335,228,19.4,77.4,323,169,575,68.8,830,65.9,1860,37.7,235,2310,500,188,358,2390,7670,964,58.1,144,69.8,9800,14.2
2021-09-30,24.2,14.8,7.44,233,249,14.8,76.7,337,133,522,57.8,722,55.6,1660,29.4,194,1990,442,172,337,2040,6500,831,51.7,123,65.6,8130,11.8
2021-10-01,22.9,14.4,7.23,193,258,12.7,76.7,350,113,517,47,606,47.8,1460,23,171,1750,395,164,313,1760,5720,739,47,108,64.1,6900,10.1
2021-10-02,22.1,14.1,7.36,178,257,11.2,76.7,350,101,504,39.4,523,42.8,1330,18.8,155,1560,362,158,298,1570,5080,666,45.5,98.1,71,6100,9.14
2021-10-03,21.4,14,7.54,176,256,10.5,76.8,349,92.9,492,34.7,466,39.6,1220,16.1,140,1430,337,150,287,1440,4610,625,43.5,91.3,72.7,5500,8.68
2021-10-04,21.7,16.4,7.47,186,256,11.6,76.8,353,96,500,33.2,426,38.3,1160,14.8,131,1340,366,145,276,1350,4360,591,41.7,86.3,71.4,5000,8.2
2021-10-05,22.2,21.6,8.52,189,258,10.5,76.7,350,90.4,491,33.4,404,37.5,1140,13.7,141,1280,345,143,287,1350,4200,701,41.3,82.9,67.6,4730,9.56
2021-10-06,21,15.2,7.46,168,257,9.09,76.7,349,81.5,475,31.4,380,35.5,1090,14.2,245,1300,315,143,278,1380,4190,646,40.5,82.4,64.5,4620,8.39
2021-10-07,20.8,14.7,7.56,161,258,8.91,76.7,350,80,473,29.6,372,32.7,1050,12.6,229,1330,296,139,261,1260,3900,569,40,112,61.2,4650,10.8
2021-10-08,19.9,14.1,7.34,155,257,8.96,76.7,350,79.7,473,28.2,352,31.6,1030,11.2,178,1230,277,135,255,1350,3890,533,38.8,105,60.4,4320,10.8
2021-10-09,18.9,14.5,7.28,149,257,9.17,76.7,351,74.6,466,27.2,346,30.4,998,10.3,149,1170,262,132,247,2380,4620,505,37,88,58.2,4250,8.41
2021-10-10,18.9,14.2,7.42,156,257,9.75,76.7,350,72.5,467,26.7,383,29.1,1010,9.97,136,1130,252,130,240,2150,4620,483,36.1,82.5,58.2,4970,7.7
2021-10-11,19.3,13.8,7.49,133,255,8.75,66.6,340,71,467,26.4,374,28.4,1020,9.66,129,1140,250,128,245,1990,4560,479,37.4,84.4,58.4,4840,7.88
2021-10-12,18.9,13.8,7.68,122,254,8.24,61,332,68.4,447,26.2,356,28.1,998,9.45,125,1140,250,128,246,1790,4250,469,35.7,84,57.4,4760,7.95
2021-10-13,18.8,13.6,7.41,119,254,7.95,61,332,65.6,436,25.3,333,27.4,959,9.16,122,1110,237,125,241,1660,4030,453,35.7,79.4,57.3,4470,7.68
2021-10-14,18.2,13.4,7.69,120,254,7.43,61,330,61,426,24.4,308,26.3,921,8.67,117,1060,226,122,238,1520,3800,436,34.2,74,58,4260,10.2
2021-10-15,17.3,13.3,7.78,123,254,7.04,61,329,58.1,420,23.9,290,24.8,888,8.1,113,1020,218,119,227,1430,3420,415,33.3,68.9,56,4010,7.65
2021-10-16,17.8,14.5,9.96,125,254,7.73,61.1,330,59.3,437,23.9,279,25.5,876,8.4,111,995,212,119,223,1350,3450,401,36.3,66.7,61.4,3730,7.51
2021-10-17,20.1,15,9.65,158,253,8.57,61,328,60.1,428,22.8,280,27.2,881,10.4,109,982,222,122,238,1270,3350,406,38.7,77.2,73.3,3870,14.5
2021-10-18,17.1,13.3,7.88,125,253,7.79,61,328,58.2,418,21.8,261,28.8,837,9.23,106,968,217,115,221,1190,3220,403,31.8,78.4,57.6,3570,8.36
2021-10-19,16.6,12.9,7.83,113,253,6.81,61,327,53.1,410,20.4,246,25.8,809,10.8,104,926,204,113,220,1150,3200,365,30,63.8,52.9,3420,7.05
2021-10-20,16.3,12.7,7.83,113,252,6.33,61,326,50.4,405,19.2,237,23.4,785,9.08,105,901,191,112,218,1100,3030,353,28.8,57.6,51.6,3320,6.61
2021-10-21,15.9,12.6,7.99,114,252,6.39,61.1,328,49.2,405,18.5,229,22.2,772,7.82,102,878,183,110,211,1040,2900,338,28.9,54.8,51.2,3160,6.91
2021-10-22,15.4,12,8.25,127,251,7.06,61,329,49.3,411,18.6,225,22.2,774,7.25,100,870,178,109,193,1020,2830,329,28.7,52.6,50.5,3040,6.82
2021-10-23,15.8,12,8.3,139,250,7.61,61,328,48.7,406,18.4,218,21.5,765,6.68,97.3,863,174,107,208,975,2730,323,28.7,52.1,50.2,2930,6.97
2021-10-24,16.1,12.3,8.48,131,251,8.1,61,327,49.3,405,18.1,210,21.1,753,6.46,96.3,848,181,102,215,940,2660,322,28.7,51.1,50.4,2880,6.97
2021-10-25,20.7,19.7,26.9,116,251,7.54,61,328,50.6,405,18.7,212,21.2,747,6.13,94.9,837,178,103,200,923,2710,383,33.4,55.1,72.3,3440,34.3
2021-10-26,51.8,51.9,55,113,251,8.01,61,328,50.8,410,21,215,23.4,766,5.76,94.9,828,175,105,208,978,2810,800,83.8,145,305,5530,211
2021-10-27,21.7,17.8,12.8,189,250,7.93,60.8,325,48.9,406,22.9,210,22.2,746,5.51,94.4,838,170,102,230,962,2730,732,38.6,116,101,3890,29.2
2021-10-28,19.1,15.4,9.15,162,249,8.01,60.3,324,48.5,402,22.6,211,20.9,738,6.07,91.6,823,176,102,213,904,2510,525,33.6,76.6,78.7,3500,14.3
2021-10-29,199,195,174,1490,274,127,66.1,518,229,767,49.9,266,28.1,824,15.7,128,954,223,126,253,1070,3520,813,162,917,332,4610,569
2021-10-30,94.7,62,65.9,1240,313,135,96,520,423,1480,142,1220,130,2370,107,414,1410,800,360,514,2250,5000,5520,118,1290,363,8780,453
2021-10-31,38.3,28,20.2,1280,341,105,111,566,295,1110,153,2950,76.5,4330,69.3,1070,4400,643,205,340,3090,6960,2020,62.5,435,154,11500,164
2021-11-01,30,23,13.3,846,341,80.9,110,537,231,951,141,2610,53.1,4390,47.9,971,5560,459,156,265,6110,11900,1270,49.8,276,104,10000,85.3
2021-11-02,28,21.7,10.6,641,340,61.2,110,523,188,838,115,1680,42.5,3280,35.1,675,4530,377,139,257,5580,13900,972,50.3,216,92.8,14200,57.5
2021-11-03,27.7,20.7,9.87,537,339,48.1,110,514,160,773,93.2,1210,36.2,2580,28,482,3470,328,129,243,4080,10900,867,48.5,212,89.3,13300,51.2
2021-11-04,25.1,19.4,8.94,454,339,38.9,109,509,141,727,75.4,963,32.6,2160,23,369,2810,295,122,228,3270,8490,748,42.8,179,80.7,10600,35.8
2021-11-05,23.9,18.7,8.57,402,338,32.6,109,505,126,698,60.7,807,30.8,1910,19.9,304,2390,274,117,217,2710,7150,670,41,159,74.9,8670,26.1
2021-11-06,23.2,18.3,8.66,333,339,27.5,109,501,113,672,50.7,701,29.3,1720,17.8,258,2100,257,113,215,2240,6110,615,39.8,144,72.3,7410,21.6
2021-11-07,22.7,18.1,8.7,316,338,24.3,109,499,104,653,44.8,624,27.8,1580,15.9,219,1880,244,110,209,1950,5460,575,39.5,137,70.6,6420,21
2021-11-08,22.2,17.8,8.35,304,338,21.4,109,496,97.3,642,40.3,562,26.8,1480,14.5,192,1730,235,108,206,1770,4960,545,38.1,133,69.2,5730,18.2
2021-11-09,21.7,17.1,8.21,286,337,19.1,109,495,91.1,630,36.9,514,26.1,1400,13.5,176,1620,228,108,204,1640,4650,519,37.2,125,68.2,5290,15.7
2021-11-10,21.7,17.3,8.14,268,337,17.9,109,494,85.8,620,34.5,475,25.2,1330,12.7,164,1540,222,105,215,1550,4360,499,36.6,118,71.9,4990,14.6
2021-11-11,20.9,17.7,8.04,251,336,16.1,91,475,81,612,32.3,440,24.4,1270,11.9,154,1460,212,102,202,1460,4140,479,35.6,113,69.9,4670,13.6
2021-11-12,33.5,29.8,19.9,263,337,20.2,81.7,468,142,682,39.8,453,49.6,1340,28.1,179,1560,1230,377,266,1470,4230,625,57.6,144,130,4870,41.6
2021-11-13,26.9,21.5,13.3,252,336,19.5,81.5,460,140,689,39.2,478,160,1580,109,594,1990,1770,462,346,2590,6910,1550,47.2,270,99.9,5260,38.2
2021-11-14,24.1,19.2,10.2,234,336,16.6,81.5,457,109,629,35.9,480,89.9,1450,66.7,702,2390,999,241,255,3210,9200,908,41.1,179,81.7,9370,23.4
2021-11-15,23.2,18,9.23,234,336,16.5,81.5,456,102,610,32.8,486,68.5,1380,50.5,489,1990,757,188,239,3550,8950,734,39.1,150,75.7,9810,18.1
2021-11-16,22,17.4,8.63,227,335,15.3,81.5,454,97,596,30.4,466,57.5,1340,40.6,387,1810,620,162,242,3080,7550,638,36.7,132,70.9,9000,16.1
2021-11-17,21.6,17.1,8.39,239,334,14.7,81.5,454,90.9,588,28.6,439,49.6,1290,33,327,1690,538,150,232,2620,6570,580,35.8,123,69,7700,13.9
2021-11-18,21.4,17.1,8.45,237,332,14.3,81.5,451,88,580,27.6,415,44.9,1240,28.6,285,1590,482,141,220,2330,5940,548,36.1,123,68.7,6750,13.7
2021-11-19,21.7,17.5,8.64,234,330,13.7,81.5,447,84.3,570,26.9,393,41.5,1190,25.6,248,1500,437,131,216,2120,5460,532,36.9,122,70.7,6160,12.7
2021-11-20,20.7,16.4,8.38,210,329,12.6,81.5,445,80.2,562,25.6,378,37.9,1150,22.5,220,1420,403,122,210,1920,5020,506,34.2,110,66.8,5650,12.2
2021-11-21,21.2,16.5,8.55,199,330,12.3,81.5,445,78,556,24.5,363,35.4,1130,19.9,198,1370,369,121,206,1770,4670,476,34.2,105,66.1,5250,10.7
2021-11-22,22,17.2,8.93,208,328,13.3,69.6,433,80.7,559,24.1,347,35,1110,18.6,183,1330,361,121,202,1640,4460,469,37,106,70.2,4940,11.3
2021-11-23,20.8,16.8,10.8,197,328,12.8,61,420,80.1,539,24.3,333,34.4,1090,18,172,1290,344,119,218,1580,4340,467,34.1,106,68.1,4710,12.1
2021-11-24,20.3,16.2,9.72,180,310,11.7,61,403,75.3,530,23.1,323,32.4,1050,16.9,164,1260,318,116,214,1510,4150,447,32.4,100,65.3,4550,11.2
2021-11-25,20.3,16.2,9.64,179,298,11.8,61,385,72.6,500,22.9,315,30.7,1030,15.5,156,1230,301,112,197,1450,3950,425,32.7,96.4,66.1,4410,9.89
2021-11-26,20.5,16.3,10.1,195,297,12.8,61,386,74.4,500,23.1,306,29.8,993,14.4,149,1180,287,108,195,1380,3770,416,33.4,96,65.7,4260,10.3
2021-11-27,19.7,15.9,9.56,194,284,12.3,61,374,76.6,499,22.6,295,28.5,983,13.6,143,1130,270,103,192,1320,3650,402,30.4,94.7,64.4,4030,11
2021-11-28,19.8,16.1,9.56,180,273,11.4,61,357,72.7,475,22.4,290,27.6,964,12.9,137,1120,263,102,193,1290,3540,390,31.4,91,63.2,3940,10.1
2021-11-29,19.1,16.4,9.54,185,273,11.3,60.2,357,70.7,466,21.9,285,27.1,935,12.5,133,1100,254,104,182,1260,3490,385,31.2,88.4,63.6,3780,9.27
2021-11-30,18.9,15.8,9.43,174,273,10.8,60.1,357,68.8,467,21.5,278,26.4,924,12,129,1070,247,102,207,1220,3450,374,30.1,85.5,61.7,3700,11.8
2021-12-01,19.1,15.4,9.35,170,273,10.3,60.1,357,66.5,459,21.3,273,25.6,902,11.6,126,1050,239,99.6,200,1200,3340,369,30.4,82,61.8,3660,11.4
2021-12-02,19.1,15.6,9.53,169,273,10.8,60.1,358,67.8,462,21.5,267,25.4,894,11.3,124,1030,235,99.4,193,1170,3260,365,30,81.6,62.2,3560,11.3
2021-12-03,19,15.3,9.5,184,272,12,60.1,357,69.8,462,21.4,259,24.9,887,10.8,120,1020,228,98.8,185,1140,3190,387,29.8,81.6,63.6,3500,9.8
2021-12-04,18.5,15.1,9.44,163,271,11.2,60.1,356,67.4,460,21.3,253,24.2,877,10.5,117,1010,222,96.6,183,1120,3090,390,28.7,80.4,62.6,3430,9.15
2021-12-05,18.1,15.1,9.4,143,271,10.3,60.1,356,63.5,452,20.8,251,23.3,862,9.97,114,994,213,96,174,1060,2990,375,28.7,76.9,62.8,3370,9.15
2021-12-06,18.5,15.4,9.54,150,271,10.3,60.1,356,61.3,451,20.9,248,22.5,857,9.49,111,975,207,93.8,162,1040,3000,365,29.7,75.5,62.5,3190,9.15
2021-12-07,17.6,15,10.1,205,270,10.3,60.1,354,60.8,448,20.9,243,21.7,845,8.99,107,961,203,91.1,180,1040,2970,364,28.3,75.8,63.2,3210,9.22
2021-12-08,17.7,15.2,10,189,270,10.1,60.1,353,60.2,445,20.5,236,21.3,836,8.59,105,947,202,90.9,181,1030,2880,360,28,75.1,61.1,3190,9.64
2021-12-09,17.7,14.7,9.96,185,270,9.79,59.2,351,59.5,444,19.7,235,20.7,828,8.21,102,934,198,89.8,183,991,2840,355,27.7,73.6,61.7,3110,8.92
2021-12-10,18,14.7,9.74,174,270,10.1,59.3,353,58.6,444,19.5,237,20.7,831,7.98,101,929,191,89.2,172,977,2790,349,27.5,73.5,61.4,3030,8.68
2021-12-11,18.1,15.1,10.2,189,270,11.2,60.1,355,61.1,453,20.1,234,20.8,834,8.01,102,934,189,88.7,170,978,2730,348,28.5,75,63.1,3010,8.86
2021-12-12,18.8,15.8,11.3,192,270,11.4,59.5,354,62.4,452,19.8,232,20.7,829,7.89,101,931,186,87.5,159,926,2690,352,28.4,77.1,70.4,3030,9.35
2021-12-13,17.7,15,11,175,262,9.91,54.3,345,60.8,448,19.2,230,20.5,824,7.72,99.2,926,183,86.7,157,927,2710,347,27,74.6,63.7,2900,9.58
2021-12-14,17.5,14.6,10.9,158,246,9.32,50.8,322,56.6,427,18.6,233,19.8,817,7.36,97,919,178,86.5,170,952,2720,332,26.1,69.8,62.2,2930,9.15
2021-12-15,17.4,14.6,10.8,129,246,9.2,50.8,322,54.6,409,18.5,237,19.2,798,7.14,96.4,915,174,85.8,178,933,2670,315,26,68.3,61.1,2910,9.15
2021-12-16,17.4,14.7,11,116,246,9.19,50.7,323,54.2,405,18.7,232,18.7,795,7.05,94.9,894,172,85.7,176,908,2620,298,27.1,68.3,61.3,2840,9.25
2021-12-17,17.1,14.6,10.9,110,245,9.62,51.1,324,54.2,405,19.3,226,18.5,779,6.83,94.9,889,171,85,165,920,2620,294,26.9,70.9,62.4,2780,9.69
2021-12-18,16.9,14.6,11.1,118,246,12.2,51.1,325,61.3,415,20.5,228,19.2,784,7.04,95,881,172,83.8,169,892,2560,301,26.7,69.9,62.7,2800,9.69
2021-12-19,17,14.5,11.3,240,246,19.7,50.7,323,73.4,430,21.5,228,19.9,794,7.23,97.2,883,176,83,165,865,2550,316,25.9,71.1,63.2,2700,9.5
2021-12-20,16.6,14.1,11.1,221,246,19.3,50.3,321,72.8,428,21.5,228,21.7,804,7.51,95.8,892,176,80.7,164,861,2520,306,25,69.3,59.7,2670,9.62
2021-12-21,16.8,14.2,11.3,189,245,19.4,50.3,321,65.4,420,21,228,21.5,798,8.17,93.9,897,169,80.2,162,869,2640,289,24.5,68.3,58.8,2690,9.61
2021-12-22,16.9,14.3,11.8,178,245,20.5,50.3,321,63.6,414,21,227,19.8,785,8.18,92.7,887,165,80.6,161,866,2560,283,24,68.3,60,2770,9.31
2021-12-23,16.3,13.9,11,150,245,19.3,50.3,320,61.9,407,20.8,223,21,779,7.29,90.7,873,159,79,159,847,2510,281,23,68.3,58.9,2640,8.74
2021-12-24,16.6,13.9,10.8,131,244,20,50.3,321,63.2,409,20.9,219,18.8,775,7.43,90.6,868,159,78.3,158,842,2470,277,23.5,65.9,59.4,2600,8.9
2021-12-25,17.2,14.7,11.6,145,246,44.6,52.1,333,70.7,424,21.5,219,19.2,783,7.09,90.3,867,157,79.3,154,845,2470,271,24.8,65.7,60.8,2610,8.75
2021-12-26,22.6,17.1,15.7,486,246,179,52,354,97.7,539,24.9,222,20.4,835,7.69,97,893,165,82.5,155,858,2480,282,35.8,74.3,103,2720,9.15
2021-12-27,18.6,15.1,12.5,330,246,118,61.8,347,113,550,24.3,223,20.3,950,8.42,98.3,945,172,84.1,159,843,2490,289,27.5,76.9,76.7,2690,9.37
2021-12-28,18.4,15.6,11.8,636,247,106,67.8,344,278,675,24.9,236,22.1,959,9.43,98.9,1050,183,80.4,169,823,2620,300,26.3,73,70.1,2660,8.86
2021-12-29,18.3,15.3,11.7,1080,335,120,94.2,483,445,872,28.5,255,32.1,1200,11.5,99.2,1080,188,81.1,168,816,2620,310,26.5,69.8,68.3,2780,8.83
2021-12-30,22.5,18.7,14.2,1070,390,165,150,630,543,1250,36.6,271,39.6,1590,16.4,104,1370,209,86.1,170,846,2790,350,36.1,75.3,81.7,2870,9.82
2021-12-31,21.3,17.1,13.7,770,390,156,264,749,496,1300,46.3,350,57.4,1870,25.7,108,1780,230,99.3,172,846,2970,373,33.1,89.3,81.8,3090,13
,,,,,,,,,,,,,,,,,,,,,,,,,,,,
,,,,,,,,,,,,,,,,,,,,,,,,,,,,