date,kitzmiller,barnum,barton,bloomington,luke,por,monoc_jug,goose,seneca,lfalls
2022-07-13T04:00:00Z,1125,224,4.96,53,293,1115,95,26,102,801.2600000000001
2022-07-13T05:00:00Z,1100,226.25,5.185,53,290,1105,96,26,102,810.2600000000001
2022-07-13T06:00:00Z,1020.75,225.5,5.925,53,293,1089,96,26,88,846.2600000000001
2022-07-13T07:00:00Z,915.75,225.5,6.27,53,291,1080,96,26,75,904.2600000000001
2022-07-13T08:00:00Z,820,224,6.45,53,289.25,1072,97,26,63,924.2600000000001
2022-07-13T09:00:00Z,734.75,225.5,6.45,53,291.25,1063,97,26,54,935.2600000000001
2022-07-13T10:00:00Z,662.5,225.5,6.27,53,289.5,1056,100,26,48,924.2600000000001
2022-07-13T11:00:00Z,596,224.75,6.27,53,291.6666667,1049,106,26,41,904.2600000000001
2022-07-13T12:00:00Z,536,224.75,6.1825,53,290.25,1049,115,26,38,899.2600000000001
2022-07-13T13:00:00Z,484.5,225.5,5.92,53,290.6666667,1049,123,27,35,899.2600000000001
2022-07-13T14:00:00Z,440.5,225.5,5.92,53,289.5,1047,128,27,34,885.2600000000001
2022-07-13T15:00:00Z,401.5,224.75,5.92,53,293,1049,132,27,33,890.2600000000001
2022-07-13T16:00:00Z,372.75,225.5,5.92,53,293,1049,136,27,33,880.2600000000001
2022-07-13T17:00:00Z,346.75,225.75,5.59,53,293,1054,151,27,34,866.2600000000001
2022-07-13T18:00:00Z,322.5,229,5.59,53,289,1070,201,27,34,861.2600000000001
2022-07-13T19:00:00Z,303.75,227,5.5075,53,291,1082,277,27,33,855.2600000000001
2022-07-13T20:00:00Z,285,224.75,5.26,53,289,1093,332,27,32,844.2600000000001
2022-07-13T21:00:00Z,270,224,5.26,53,286,1107,352,27,31,844.2600000000001
2022-07-13T22:00:00Z,254.25,224,5.11,53,286,1119,351,28,31,829.2600000000001
2022-07-13T23:00:00Z,243,224.75,4.96,53,289,1123,340,28,32,820.2600000000001
2022-07-14T00:00:00Z,232.25,224.75,4.96,53,289,1128,325,28,31,805.2600000000001
2022-07-14T01:00:00Z,221,224.75,4.735,53,286,1135,309,28,30,791.2600000000001
2022-07-14T02:00:00Z,212.5,224.75,4.66,53,288,1135,294,28,31,772.2600000000001
2022-07-14T03:00:00Z,203,225.5,4.66,53,286,1135,279,28,31,767.2600000000001
2022-07-14T04:00:00Z,194.5,224.75,4.66,53,289,1135,266,28,31,758.2600000000001
2022-07-14T05:00:00Z,186.25,225.5,4.66,53,289,1140,254,28,32,945.2600000000001
2022-07-14T06:00:00Z,179.25,224,4.66,53,290.6666667,1147,242,28,32,995.2600000000001
2022-07-14T07:00:00Z,172.5,226.25,4.45,53,290.6666667,1154,232,28,31,949.2600000000001
2022-07-14T08:00:00Z,166.25,224.75,4.38,53,286,1161,221,28,30,870.2600000000001
2022-07-14T09:00:00Z,160,224.75,4.38,53,287.5,1175,211,28,30,810.2600000000001
2022-07-14T10:00:00Z,155,225.5,4.38,53,293,1189,203,28,29,786.2600000000001
2022-07-14T11:00:00Z,151,224,4.38,53,289.3333333,1204,195,29,27,767.2600000000001
2022-07-14T12:00:00Z,149.5,224,4.38,53,288.3333333,1213,188,30,26,758.2600000000001
2022-07-14T13:00:00Z,146.75,225.5,4.38,53,293,1223,182,29,25,743.2600000000001
2022-07-14T14:00:00Z,144.5,226.25,4.31,53,291,1229,175,28,24,724.2600000000001
2022-07-14T15:00:00Z,141.25,224.75,4.1,53,293,1241,171,28,24,724.2600000000001
2022-07-14T16:00:00Z,138,225.5,4.1,53,291.6666667,1241,166,28,23,715.2600000000001
2022-07-14T17:00:00Z,134.25,227.25,4.1,53,286,1234,162,28,25,724.2600000000001
2022-07-14T18:00:00Z,130.5,229,4.1,53,290.3333333,1229,157,28,26,729.2600000000001
2022-07-14T19:00:00Z,127.5,226.25,4.1,53,289,1227,153,27,26,743.2600000000001
2022-07-14T20:00:00Z,124.5,226.25,4.1,53,287.5,1220,150,26,26,762.2600000000001
2022-07-14T21:00:00Z,120,224,3.905,53,290,1218,146,26,25,791.2600000000001
2022-07-14T22:00:00Z,118,226.25,3.84,53,289,1206,143,26,26,810.2600000000001
2022-07-14T23:00:00Z,115.5,224,3.84,53,289,1199,139,25,24,829.2600000000001
2022-07-15T00:00:00Z,112.5,225.5,3.72,53,289,1187,136,25,25,839.2600000000001
2022-07-15T01:00:00Z,110.5,224,3.6,53,289,1180,133,25,24,861.2600000000001
2022-07-15T02:00:00Z,108.5,224.75,3.6,53,288.25,1170,130,25,24,861.2600000000001
2022-07-15T03:00:00Z,106.5,224.75,3.6,53,290,1159,127,24,25,880.2600000000001
2022-07-15T04:00:00Z,104.5,224.75,3.6,53,289,1142,125,24,25,885.2600000000001
2022-07-15T05:00:00Z,103,224.75,3.6,53,290,1133,123,23,25,899.2600000000001
2022-07-15T06:00:00Z,102.5,224.75,3.6,53,290,1124,121,23,25,890.2600000000001
2022-07-15T07:00:00Z,101,224.75,3.6,53,291,1115,119,23,26,899.2600000000001
2022-07-15T08:00:00Z,100.1,224.75,3.6,53,289,1107,116,23,25,899.2600000000001
2022-07-15T09:00:00Z,99.2,224,3.6,53,290,1100,115,23,24,899.2600000000001
2022-07-15T10:00:00Z,97.775,226.25,3.6,53,292,1091,114,23,22,890.2600000000001
2022-07-15T11:00:00Z,96.85,224.75,3.6,53,291,1086,112,22,21,880.2600000000001
2022-07-15T12:00:00Z,95.5,224.75,3.6,53,289,1084,111,22,20,869.2600000000001
2022-07-15T13:00:00Z,94.55,224.75,3.6,53,290,1077,109,22,19,858.2600000000001
2022-07-15T14:00:00Z,93.15,225.5,3.6,53,289,1075,108,22,19,843.2600000000001
2022-07-15T15:00:00Z,91.8,224.75,3.6,53,291,1075,107,22,21,843.2600000000001
2022-07-15T16:00:00Z,90.45,224,3.6,53,291.6666667,1075,105,21,20,829.2600000000001
2022-07-15T17:00:00Z,89.1,225.75,3.36,53,290,1075,105,21,25,824.2600000000001
2022-07-15T18:00:00Z,88.2,228,3.36,53,289,1075,103,21,23,820.2600000000001
2022-07-15T19:00:00Z,86.925,226.25,3.36,53,290,1075,103,21,24,820.2600000000001
2022-07-15T20:00:00Z,86.05,224.75,3.36,53,290.3333333,1075,101,21,24,815.2600000000001
2022-07-15T21:00:00Z,84.7,224,3.13,53,289,1063,100,21,24,815.2600000000001
2022-07-15T22:00:00Z,83.85,224,3.13,53,289,1054,100,21,22,801.2600000000001
2022-07-15T23:00:00Z,83,224,3.13,53,289,1047,99,21,23,796.2600000000001
2022-07-16T00:00:00Z,81.3,224.75,3.13,53,290,1035,98,21,22,781.2600000000001
2022-07-16T01:00:00Z,81.3,224.75,3.13,53,291,1023,97,21,22,767.2600000000001
2022-07-16T02:00:00Z,79.7,224.75,2.9725,53,292,1010,96,21,21,753.2600000000001
2022-07-16T03:00:00Z,79.7,224.75,2.92,53,290,1000,94,22,22,748.2600000000001
2022-07-16T04:00:00Z,78,224.75,2.92,53,291.6666667,989,94,22,23,743.2600000000001
2022-07-16T05:00:00Z,78,225.5,2.92,53,292,979,93,22,23,724.2600000000001
2022-07-16T06:00:00Z,76.8,226.25,2.92,53,291,968,92,22,23,715.2600000000001
2022-07-16T07:00:00Z,76.4,225.5,2.92,53,292,964,91,21,23,705.2600000000001
2022-07-16T08:00:00Z,75.6,224,2.92,53,292,954,90,21,22,691.2600000000001
2022-07-16T09:00:00Z,74.8,224.75,2.92,53,293,945,90,21,21,682.2600000000001
2022-07-16T10:00:00Z,74.8,225.5,3.0775,53,291,938,89,21,21,670.2600000000001
2022-07-16T11:00:00Z,74.8,226.25,3.13,53,293,935,88,21,20,656.2600000000001
2022-07-16T12:00:00Z,74.4,224,3.13,53,293,932,87,21,19,651.2600000000001
2022-07-16T13:00:00Z,73.2,224.75,3.13,53,293,932,86,21,18,646.2600000000001
2022-07-16T14:00:00Z,73.2,225.5,3.13,53,292,927,85,20,17,642.2600000000001
2022-07-16T15:00:00Z,73.2,224,3.13,53,293,922,84,20,17,637.2600000000001
2022-07-16T16:00:00Z,72.4,224.75,3.13,53,292,922,84,20,18,632.2600000000001
2022-07-16T17:00:00Z,71.6,225.75,3.13,53,291.6666667,922,84,20,18,622.2600000000001
2022-07-16T18:00:00Z,71.6,228,3.13,53,292,925,84,20,20,618.2600000000001
2022-07-16T19:00:00Z,71.6,226.25,3.13,53,293,932,83,20,22,613.2600000000001
2022-07-16T20:00:00Z,70.475,224.75,3.13,53,292,932,84,20,23,609.2600000000001
2022-07-16T21:00:00Z,70.1,225.5,3.13,53,293,933,86,20,23,597.2600000000001
2022-07-16T22:00:00Z,70.1,224.75,3.13,53,291.6666667,938,89,19,22,601.2600000000001
2022-07-16T23:00:00Z,68.9,224,3.13,53,293,937,90,19,23,673.2600000000001
2022-07-17T00:00:00Z,68.5,224,3.13,53,293,937,90,19,22,715.2600000000001
2022-07-17T01:00:00Z,68.6,224,3.0775,53,291,935,89,19,22,781.2600000000001
2022-07-17T02:00:00Z,68.6,228,2.92,53.225,292.6666667,937,88,19,23,719.2600000000001
2022-07-17T03:00:00Z,68.6,226.25,2.92,53,296.75,938,88,19,23,650.2600000000001
2022-07-17T04:00:00Z,68.6,224.75,2.92,53,295.25,938,86,19,22,618.2600000000001
2022-07-17T05:00:00Z,68.6,225.5,2.92,53,296,927,86,19,22,597.2600000000001
2022-07-17T06:00:00Z,68.6,224.75,2.92,53,292,911,86,19,23,592.2600000000001
2022-07-17T07:00:00Z,68.6,226.25,2.92,53,291.6666667,902,87,20,21,570.2600000000001
2022-07-17T08:00:00Z,68.6,224,2.92,53,291.6666667,900,88,21,22,557.2600000000001
2022-07-17T09:00:00Z,69.35,224.75,2.92,53,293,900,89,22,22,543.2600000000001
2022-07-17T10:00:00Z,70.1,224.75,2.92,53,289,906,89,24,21,531.2600000000001
2022-07-17T11:00:00Z,70.1,224.75,2.92,53,290,906,89,26,20,527.2600000000001
2022-07-17T12:00:00Z,70.1,224,2.92,53,294.5,906,89,28,19,522.2600000000001
2022-07-17T13:00:00Z,70.1,224,3.0775,53,292,906,89,28,18,527.2600000000001
2022-07-17T14:00:00Z,70.1,225.5,3.13,53,290,906,88,28,17,508.2600000000001
2022-07-17T15:00:00Z,70.1,225.5,3.13,53,293,903,88,29,17,508.2600000000001
2022-07-17T16:00:00Z,70.1,224.75,3.13,53,291.6666667,900,88,30,17,508.2600000000001
2022-07-17T17:00:00Z,70.1,225.75,3.13,53,292,889,89,32,18,492.2600000000001
2022-07-17T18:00:00Z,70.1,227,3.13,53,290,887,93,34,19,492.2600000000001
2022-07-17T19:00:00Z,70.1,226.25,3.245,53,292,884,99,38,20,487.2600000000001
2022-07-17T20:00:00Z,70.1,227.5,3.36,53,296.75,881,107,43,23,483.2600000000001
2022-07-17T21:00:00Z,71.3,228.75,3.36,53,296,878,115,46,24,492.2600000000001
2022-07-17T22:00:00Z,71.7,224.75,3.36,53,295,875,120,46,23,483.2600000000001
2022-07-17T23:00:00Z,72.45,224,3.36,53,298.25,868,123,46,24,492.2600000000001
2022-07-18T00:00:00Z,73.2,226.25,3.36,53,299,868,124,45,23,487.2600000000001
2022-07-18T01:00:00Z,74.4,227,3.66,54.175,301.25,868,126,44,23,492.2600000000001
2022-07-18T02:00:00Z,78.1,227,3.97,53,305,878,127,44,22,492.2600000000001
2022-07-18T03:00:00Z,82.25,227,4.45,53,303,878,128,44,23,483.2600000000001
2022-07-18T04:00:00Z,87.45,226.25,4.96,53,304,879,130,42,23,473.2600000000001
2022-07-18T05:00:00Z,95.125,227,5.5075,53,302,881,133,41,22,478.2600000000001
2022-07-18T06:00:00Z,135,224.75,6.0075,53,301.25,881,136,41,24,473.2600000000001
2022-07-18T07:00:00Z,173,227,6.54,53,298.25,878,135,40,23,473.2600000000001
2022-07-18T08:00:00Z,183.5,224.75,7.01,53,299,878,132,39,22,478.2600000000001
2022-07-18T09:00:00Z,182,225.5,7.72,53,297.5,878,129,38,22,473.2600000000001
2022-07-18T10:00:00Z,202.5,225.5,8.91,53,297.5,878,126,38,20,473.2600000000001
2022-07-18T11:00:00Z,243.5,226.25,9.985,53,296,878,122,38,19,473.2600000000001
2022-07-18T12:00:00Z,335,224.75,10.975,53,296,868,119,38,19,473.2600000000001
2022-07-18T13:00:00Z,354,226.25,17.475,53,298.25,868,117,38,18,473.2600000000001
2022-07-18T14:00:00Z,347.75,226.25,18.5,53,299.75,865,116,38,18,473.2600000000001
2022-07-18T15:00:00Z,335.75,225.5,17.925,53,296.75,862,115,38,17,469.2600000000001
2022-07-18T16:00:00Z,323,226.25,17.4,53,295.25,857,115,38,18,461.2600000000001
2022-07-18T17:00:00Z,309.75,228,17.225,53,295,857,115,37,19,457.2600000000001
2022-07-18T18:00:00Z,298.25,229,16.7,53,298.25,859,114,36,21,449.2600000000001
2022-07-18T19:00:00Z,288.25,227,17.05,53,299,866,113,36,22,453.2600000000001
2022-07-18T20:00:00Z,278.25,226.25,16.7,53,295.25,931,123,37,22,453.2600000000001
2022-07-18T21:00:00Z,267.75,226.25,16,53,292.75,979,137,47,25,466.2600000000001
2022-07-18T22:00:00Z,262.5,226.25,15.65,53,294.5,1005,207,58,28,487.2600000000001
2022-07-18T23:00:00Z,255,224.75,15,53,293.5,1030,268,79,32,552.2600000000001
2022-07-19T00:00:00Z,249,224.75,14.35,53,289.25,1103,251,99,38,601.2600000000001
2022-07-19T01:00:00Z,242.25,224,13.7,53,288.25,1235,210,114,93,597.2600000000001
2022-07-19T02:00:00Z,240,224,13.4,53,289,1365,179,113,131,592.2600000000001
2022-07-19T03:00:00Z,240,224.75,12.8,53,287.5,1440,160,106,153,601.2600000000001
2022-07-19T04:00:00Z,240,224.75,12.5,53,287,1473,149,98,150,613.2600000000001
2022-07-19T05:00:00Z,242.25,224,12.2,53,286,1478,143,95,135,609.2600000000001
2022-07-19T06:00:00Z,242.25,224,11.7,53,288,1466,139,106,119,613.2600000000001
2022-07-19T07:00:00Z,240,225.5,11.4,53,287.5,1445,134,118,102,618.2600000000001
2022-07-19T08:00:00Z,237.75,225.5,11.1,53,290,1418,130,121,88,627.2600000000001
2022-07-19T09:00:00Z,234.25,224.75,10.725,53,290.3333333,1392,127,119,79,637.2600000000001
2022-07-19T10:00:00Z,229,224.75,10.6,53,288.3333333,1368,124,116,69,659.2600000000001
2022-07-19T11:00:00Z,223.75,226.25,10.1,53,286,1354,121,114,60,691.2600000000001
2022-07-19T12:00:00Z,217.25,225.5,10.1,53,290,1331,118,111,53,724.2600000000001
2022-07-19T13:00:00Z,209.25,225.5,9.74,53,287,1317,116,108,47,758.2600000000001
2022-07-19T14:00:00Z,202,226.25,9.62,53,287,1295,114,105,44,786.2600000000001
2022-07-19T15:00:00Z,195.75,227,9.38,53,289.5,1279,114,102,42,801.2600000000001
2022-07-19T16:00:00Z,189.5,227,9.14,53,292.5,1262,114,101,41,815.2600000000001
2022-07-19T17:00:00Z,183.5,228,9.025,53,291.75,1243,113,101,39,824.2600000000001
2022-07-19T18:00:00Z,178.5,231,8.795,53,288.3333333,1225,113,101,38,839.2600000000001
2022-07-19T19:00:00Z,173,227,8.68,53,289,1208,112,99,37,867.2600000000001
2022-07-19T20:00:00Z,168,227,8.35,53,294,1194,111,96,36,903.2600000000001
2022-07-19T21:00:00Z,164,227,8.24,53,292.75,1177,111,92,34,953.2600000000001
2022-07-19T22:00:00Z,159.5,227,7.82,53,286,1165,111,87,33,1009.2600000000001
2022-07-19T23:00:00Z,155.5,227,7.82,53,293.5,1152,111,82,33,1061.2600000000002
2022-07-20T00:00:00Z,152.5,227,7.41,53,290,1140,112,79,31,1093.2600000000002
2022-07-20T01:00:00Z,150.5,227,7.41,53,289,1135,113,76,30,1119.2600000000002
2022-07-20T02:00:00Z,149,227,7.31,53,288.3333333,1128,115,72,30,1125.2600000000002
2022-07-20T03:00:00Z,147.5,227,7.01,53,289,1135,116,68,30,1142.2600000000002
2022-07-20T04:00:00Z,144.75,227,7.01,53,290.3333333,1140,117,65,30,1130.2600000000002
2022-07-20T05:00:00Z,142,227,6.915,53,295,1150,117,63,29,1114.2600000000002
2022-07-20T06:00:00Z,139.25,227,6.63,53,292.75,1159,117,61,30,1088.2600000000002
2022-07-20T07:00:00Z,136.5,227,6.63,53,294,1165,117,59,30,1078.2600000000002
2022-07-20T08:00:00Z,134,227,6.63,53,294.5,1170,115,57,29,1050.2600000000002
2022-07-20T09:00:00Z,130.75,226.25,6.45,53,292.75,1173,113,55,28,1030.2600000000002
2022-07-20T10:00:00Z,127.5,227,6.27,53,296,1180,112,53,26,1009.2600000000001
2022-07-20T11:00:00Z,125,227,6.27,53,291.75,1180,110,52,25,973.2600000000001
2022-07-20T12:00:00Z,123,227,6.095,53,293,1180,108,50,23,952.2600000000001
2022-07-20T13:00:00Z,120.5,227,5.92,53,294.5,1177,106,49,23,933.2600000000001
2022-07-20T14:00:00Z,116.5,227,5.92,53,295,1177,104,47,22,913.2600000000001
2022-07-20T15:00:00Z,114,226.25,5.92,53,291,1180,103,47,22,891.2600000000001
2022-07-20T16:00:00Z,111,227,5.92,53,292,1173,102,45,23,867.2600000000001
2022-07-20T17:00:00Z,108.5,227.75,5.92,53,293.5,1170,101,44,25,848.2600000000001
2022-07-20T18:00:00Z,106,228.5,5.6725,53,293,1167,100,44,26,829.2600000000001
2022-07-20T19:00:00Z,104,227,5.59,53,293,1159,100,43,28,810.2600000000001
2022-07-20T20:00:00Z,103,226.25,5.425,53,293,1152,99,41,26,791.2600000000001
2022-07-20T21:00:00Z,101.5,227,5.26,53,293,1142,97,41,25,777.2600000000001
2022-07-20T22:00:00Z,100.25,227,5.26,53,293,1138,96,39,24,772.2600000000001
2022-07-20T23:00:00Z,99.5,226.25,5.26,53,293,1130,95,38,24,777.2600000000001
2022-07-21T00:00:00Z,97.6,226.25,4.96,53,293,1126,93,38,24,781.2600000000001
2022-07-21T01:00:00Z,96.175,225.5,4.96,53,293,1119,93,37,24,781.2600000000001
2022-07-21T02:00:00Z,95.7,227,4.96,53,293,1117,91,37,24,781.2600000000001
2022-07-21T03:00:00Z,94.35,227,4.96,53,293,1112,91,36,24,767.2600000000001
2022-07-21T04:00:00Z,93.45,227,4.735,53,293,1110,90,35,25,767.2600000000001
2022-07-21T05:00:00Z,92.1,227,4.66,53,293,1110,89,35,25,762.2600000000001
2022-07-21T06:00:00Z,91.65,227,4.66,53,293,1112,88,34,25,753.2600000000001
2022-07-21T07:00:00Z,90.3,227,4.66,53,293,1119,87,34,26,748.2600000000001
2022-07-21T08:00:00Z,89.4,227,4.66,53,293,1123,86,33,25,734.2600000000001
2022-07-21T09:00:00Z,88.5,227,4.66,53,293.75,1126,85,33,24,719.2600000000001
2022-07-21T10:00:00Z,88.5,226.25,4.66,53,294.5,1135,85,32,22,715.2600000000001
2022-07-21T11:00:00Z,88.5,227,4.66,53,293,1140,84,32,21,705.2600000000001
2022-07-21T12:00:00Z,87.15,227,4.66,53,292,1145,83,32,20,696.2600000000001
2022-07-21T13:00:00Z,86.7,247,4.66,53,292,1145,82,31,19,686.2600000000001
2022-07-21T14:00:00Z,86.7,255,4.66,53,292,1147,82,31,19,686.2600000000001
2022-07-21T15:00:00Z,86.275,255,4.66,53,294.75,1154,83,31,19,681.2600000000001
2022-07-21T16:00:00Z,85,255,4.66,53,316.25,1154,84,30,20,677.2600000000001
2022-07-21T17:00:00Z,85,256,4.38,53,320,1154,85,30,21,667.2600000000001
2022-07-21T18:00:00Z,84.15,260,4.38,53,320,1154,84,30,23,667.2600000000001
2022-07-21T19:00:00Z,83.3,255,4.38,53,320,1154,83,30,23,672.2600000000001
2022-07-21T20:00:00Z,82.875,239.25,4.38,53,320,1147,82,29,22,667.2600000000001
2022-07-21T21:00:00Z,81.6,225.5,4.38,53,320,1142,81,28,23,677.2600000000001
2022-07-21T22:00:00Z,81.6,225.5,4.1,53,317.25,1133,80,28,23,686.2600000000001
2022-07-21T23:00:00Z,81.6,227,4.1,53,299,1124,79,28,24,681.2600000000001
2022-07-22T00:00:00Z,80.325,227,4.1,53,292,1119,77,28,23,677.2600000000001
2022-07-22T01:00:00Z,79.9,226.25,4.1,53,292,1119,76,27,22,667.2600000000001
2022-07-22T02:00:00Z,79.9,227,4.1,53,292,1119,75,27,21,667.2600000000001
2022-07-22T03:00:00Z,79.9,227,4.1,53,292,1119,75,26,22,672.2600000000001
2022-07-22T04:00:00Z,80.325,227,4.1,53,292,1119,74,26,23,667.2600000000001
2022-07-22T05:00:00Z,81.6,227,4.1,53,292,1119,74,26,23,667.2600000000001
2022-07-22T06:00:00Z,81.6,226.25,4.1,53,292,1119,74,26,22,662.2600000000001
2022-07-22T07:00:00Z,81.6,226.25,4.1,53,292,1119,74,26,23,653.2600000000001
2022-07-22T08:00:00Z,83.3,225.5,4.1,53,292,1112,74,25,23,648.2600000000001
2022-07-22T09:00:00Z,83.725,226.25,4.1,53,292,1094,74,25,23,653.2600000000001
2022-07-22T10:00:00Z,85,227,4.035,53,292,1068,73,25,22,662.2600000000001
2022-07-22T11:00:00Z,85,226.25,3.84,53,292,1037,72,25,20,657.2600000000001
2022-07-22T12:00:00Z,85,244.75,3.84,53,292,1017,72,24,19,648.2600000000001
2022-07-22T13:00:00Z,85,257,3.84,53,292,1000,71,24,18,640.2600000000001
2022-07-22T14:00:00Z,85.45,255,3.84,53,293,995,71,24,17,636.2600000000001
2022-07-22T15:00:00Z,86.8,255,3.84,53,313.5,992,71,24,17,632.2600000000001
2022-07-22T16:00:00Z,86.8,256,3.84,53,320,989,71,23,18,632.2600000000001
2022-07-22T17:00:00Z,86.8,257,3.84,53,320,989,70,23,19,627.2600000000001
2022-07-22T18:00:00Z,86.8,259,3.84,53,320,991,70,23,21,632.2600000000001
2022-07-22T19:00:00Z,85.1,256,3.72,53,320,1012,70,22,21,627.2600000000001
2022-07-22T20:00:00Z,85.1,239.25,3.6,53,320,1030,70,22,22,622.2600000000001
2022-07-22T21:00:00Z,85.1,224.5,3.6,53,320,1047,69,22,23,618.2600000000001
2022-07-22T22:00:00Z,85.1,223,3.54,53,317.25,1049,69,22,23,632.2600000000001
2022-07-22T23:00:00Z,85.1,225,3.36,53,298,1049,67,22,24,632.2600000000001
2022-07-23T00:00:00Z,83.3,224,3.36,53,289,1040,66,22,24,632.2600000000001
2022-07-23T01:00:00Z,83.3,223,3.36,53,289.75,1031,65,22,26,632.2600000000001
2022-07-23T02:00:00Z,83.3,223,3.36,53,289,1012,64,22,25,632.2600000000001
2022-07-23T03:00:00Z,82.55,223,3.36,53,289,986,63,21,26,632.2600000000001
2022-07-23T04:00:00Z,81.7,226,3.36,53,289,963,63,21,27,618.2600000000001
2022-07-23T05:00:00Z,81.7,224,3.36,53,289.75,949,63,21,35,599.2600000000001
2022-07-23T06:00:00Z,81.275,223,3.36,53,289,943,63,21,34,594.2600000000001
2022-07-23T07:00:00Z,80,224,3.36,53,290.5,940,63,21,35,573.2600000000001
2022-07-23T08:00:00Z,79.15,224,3.36,53,289.75,940,63,21,25,560.2600000000001
2022-07-23T09:00:00Z,78.3,223,3.36,53,289.75,938,62,21,21,543.2600000000001
2022-07-23T10:00:00Z,77.9,223,3.36,53,289.75,933,62,20,21,529.2600000000001
2022-07-23T11:00:00Z,76.7,224,3.36,53,289.75,927,61,20,19,520.2600000000001
2022-07-23T12:00:00Z,76.7,238.25,3.36,53,289,921,61,20,18,508.2600000000001
2022-07-23T13:00:00Z,75.5,254.25,3.36,53,291.25,917,60,20,17,503.2600000000001
2022-07-23T14:00:00Z,75.1,254.25,3.36,53,290.5,916,60,19,17,503.2600000000001
2022-07-23T15:00:00Z,75.1,255,3.36,53,310,909,60,19,16,489.2600000000001
2022-07-23T16:00:00Z,75.1,255,3.36,53,318,913,60,19,17,489.2600000000001
2022-07-23T17:00:00Z,75.1,255.25,3.36,53,320,911,59,19,18,489.2600000000001
2022-07-23T18:00:00Z,75.1,258,3.3025,53,318,913,59,19,18,489.2600000000001
2022-07-23T19:00:00Z,74.7,255,3.13,53,318,916,60,19,21,489.2600000000001
2022-07-23T20:00:00Z,73.5,255,3.13,53,316,917,60,19,22,485.2600000000001
2022-07-23T21:00:00Z,73.5,255,3.13,53,317,922,60,18,21,481.2600000000001
2022-07-23T22:00:00Z,73.1,255,2.92,53,317,922,59,18,21,485.2600000000001
2022-07-23T23:00:00Z,71.9,255,2.92,53,316,931,59,18,22,485.2600000000001
2022-07-24T00:00:00Z,71.9,255,2.8675,53,318,932,58,18,22,473.2600000000001
2022-07-24T01:00:00Z,71.525,255,2.815,53,316,927,58,18,21,469.2600000000001
2022-07-24T02:00:00Z,70.4,254.25,2.71,53,317,922,58,18,20,465.2600000000001
2022-07-24T03:00:00Z,69.2,255,2.71,53,317,921,58,18,19,469.2600000000001
2022-07-24T04:00:00Z,68.8,255,2.71,53,317,913,58,18,20,457.2600000000001
2022-07-24T05:00:00Z,67.3,255,2.8675,53,318,906,59,18,20,434.2600000000001
2022-07-24T06:00:00Z,66.55,255,2.92,53,317,909,58,18,20,430.2600000000001
2022-07-24T07:00:00Z,65.8,255,2.92,53,318,913,57,18,19,422.2600000000001
2022-07-24T08:00:00Z,64.4,254.25,2.92,53,316,906,57,18,18,414.2600000000001
2022-07-24T09:00:00Z,64.025,255,2.92,53,316,905,57,18,18,406.2600000000001
2022-07-24T10:00:00Z,62.9,255,2.92,53,316,900,57,18,19,394.2600000000001
2022-07-24T11:00:00Z,62.9,255,2.92,53,316,893,57,18,18,390.2600000000001
2022-07-24T12:00:00Z,62.9,255,2.92,53,317,890,56,17,17,390.2600000000001
2022-07-24T13:00:00Z,62.9,254.25,2.92,53,316,890,56,17,16,390.2600000000001
2022-07-24T14:00:00Z,62.9,255,2.92,53,316,886,56,17,15,390.2600000000001
2022-07-24T15:00:00Z,62.9,255,2.92,53,317,884,55,17,15,374.2600000000001
2022-07-24T16:00:00Z,62.9,254.25,2.92,53,316,884,55,17,15,378.2600000000001
2022-07-24T17:00:00Z,62.9,254.5,2.92,53,316,884,55,17,15,374.2600000000001
2022-07-24T18:00:00Z,62.9,257,2.92,53,317,884,53,17,16,374.2600000000001
2022-07-24T19:00:00Z,62.9,255,2.92,53,316,884,54,17,19,374.2600000000001
2022-07-24T20:00:00Z,62.9,254.25,2.7625,53,316,886,55,17,20,374.2600000000001
2022-07-24T21:00:00Z,62.9,255,2.71,53,317,884,56,17,21,378.2600000000001
2022-07-24T22:00:00Z,61.85,255,2.71,53,316,884,56,17,21,374.2600000000001
2022-07-24T23:00:00Z,61.5,255,2.71,53,316,881,57,17,21,374.2600000000001
2022-07-25T00:00:00Z,61.5,255,2.52,53,316,878,56,17,19,374.2600000000001
2022-07-25T01:00:00Z,61.5,255,2.52,53,316,878,56,17,20,374.2600000000001
2022-07-25T02:00:00Z,61.5,255,2.52,53,316,871,54,17,19,374.2600000000001
2022-07-25T03:00:00Z,61.5,255,2.52,53,316,868,53,17,18,374.2600000000001
2022-07-25T04:00:00Z,61.5,255,2.52,53,316,863,53,17,19,374.2600000000001
2022-07-25T05:00:00Z,61.5,255,2.52,53,316,862,52,17,19,374.2600000000001
2022-07-25T06:00:00Z,61.5,255,2.52,53,316,862,52,17,20,374.2600000000001
2022-07-25T07:00:00Z,61.5,254.25,2.52,53,316,862,52,17,21,366.2600000000001
2022-07-25T08:00:00Z,61.5,255,2.52,53,316,862,52,16,20,359.2600000000001
2022-07-25T09:00:00Z,61.5,255,2.5675,53,316,868,52,16,19,355.2600000000001
2022-07-25T10:00:00Z,61.5,255,2.71,53,319,867,52,16,18,347.2600000000001
2022-07-25T11:00:00Z,61.5,255,2.71,53,320,867,52,16,17,355.2600000000001
2022-07-25T12:00:00Z,61.5,254.25,2.71,53,319,868,52,16,16,347.2600000000001
2022-07-25T13:00:00Z,61.5,255,2.71,53,319,867,52,16,15,347.2600000000001
2022-07-25T14:00:00Z,60.8,255,2.71,53,318,868,52,15,15,343.2600000000001
2022-07-25T15:00:00Z,60.1,255,2.815,53,317,868,51,15,14,343.2600000000001
2022-07-25T16:00:00Z,60.1,258.75,7.705,57.125,331,868,51,15,15,335.2600000000001
2022-07-25T17:00:00Z,60.8,264.5,9.62,53.7,357,871,51,15,15,339.2600000000001
2022-07-25T18:00:00Z,64.075,243.5,11.125,53.225,358.5,879,50,15,17,327.2600000000001
2022-07-25T19:00:00Z,67.4,239,11.7,53.225,349.5,889,54,15,18,327.2600000000001
2022-07-25T20:00:00Z,75.225,237,12.375,53,330.25,900,52,15,22,355.2600000000001
2022-07-25T21:00:00Z,146.8,237,18.475,53,317,893,53,15,23,573.2600000000001
2022-07-25T22:00:00Z,208.25,237,22.2,53,313,879,54,15,23,607.2600000000001
2022-07-25T23:00:00Z,248.5,237,20.25,53,312,865,55,15,24,545.2600000000001
2022-07-26T00:00:00Z,239.5,237,18.3,53,309.75,862,55,15,25,511.2600000000001
2022-07-26T01:00:00Z,227.75,237,17.75,53,309,862,55,15,24,473.2600000000001
2022-07-26T02:00:00Z,228.5,237,16.35,52,309,862,54,15,22,448.2600000000001
2022-07-26T03:00:00Z,220.75,237,15.475,52,309,862,54,15,21,456.2600000000001
2022-07-26T04:00:00Z,236,237,14.85,52,309,859,54,15,22,473.2600000000001
2022-07-26T05:00:00Z,242.5,237,14,52,308,852,54,16,23,477.2600000000001
2022-07-26T06:00:00Z,231.5,237,13.4,52,305,852,53,16,22,469.2600000000001
2022-07-26T07:00:00Z,220,236.25,12.95,52,305,852,52,17,22,461.2600000000001
2022-07-26T08:00:00Z,205.5,237,15.25,52,305,852,52,18,21,452.2600000000001
2022-07-26T09:00:00Z,193.25,237,17.575,52,305,846,51,18,20,443.2600000000001
2022-07-26T10:00:00Z,183.5,237,16.525,52,305,847,51,18,20,443.2600000000001
2022-07-26T11:00:00Z,175.75,237,15.65,43.26666667,305,846,51,18,19,438.2600000000001
2022-07-26T12:00:00Z,169.75,237,14.85,31,305,846,51,22,18,430.2600000000001
2022-07-26T13:00:00Z,161.75,237,13.85,31,304.25,846,51,25,17,434.2600000000001
2022-07-26T14:00:00Z,157.5,237,13.1,31,293.75,846,52,26,16,430.2600000000001
2022-07-26T15:00:00Z,152.5,237,12.5,30.7,281.75,841,52,26,16,422.2600000000001
2022-07-26T16:00:00Z,149.75,237,11.95,30.4,277.5,836,52,25,16,422.2600000000001
2022-07-26T17:00:00Z,148,238.75,11.4,30.05,276,836,53,25,18,422.2600000000001
2022-07-26T18:00:00Z,146,241,10.85,29.7,273,836,53,24,20,438.2600000000001
2022-07-26T19:00:00Z,142.75,238,10.35,29.7,273,836,53,24,20,446.2600000000001
2022-07-26T20:00:00Z,140.5,237,10.1,29.7,273.75,836,53,23,20,450.2600000000001
2022-07-26T21:00:00Z,137.25,237,9.74,49.2,274.5,846,53,22,20,450.2600000000001
2022-07-26T22:00:00Z,133.5,237,9.62,53.9,275.25,847,54,22,20,450.2600000000001
2022-07-26T23:00:00Z,131,237,9.14,53.9,273,852,54,22,19,446.2600000000001
2022-07-27T00:00:00Z,127.5,237,9.025,53.9,285,852,54,22,20,438.2600000000001
2022-07-27T01:00:00Z,124.5,237,8.68,53.9,304.25,852,53,22,20,434.2600000000001
2022-07-27T02:00:00Z,121.5,237,8.46,53.9,305,852,53,22,20,422.2600000000001
2022-07-27T03:00:00Z,119.5,237,8.24,53.9,305,849,53,22,19,422.2600000000001
2022-07-27T04:00:00Z,117,237,8.135,53.9,305,846,54,22,19,414.2600000000001
2022-07-27T05:00:00Z,115,237,7.82,53.9,305,839,54,22,20,406.2600000000001
2022-07-27T06:00:00Z,113.5,237,7.7175,53.9,305,835,54,22,21,406.2600000000001
2022-07-27T07:00:00Z,112,238,7.41,53.9,305,830,54,22,22,402.2600000000001
2022-07-27T08:00:00Z,110.5,237,7.41,54.9,307.25,825,53,22,21,390.2600000000001
2022-07-27T09:00:00Z,109,237,7.41,53.9,305.75,824,53,22,20,386.2600000000001
2022-07-27T10:00:00Z,108,237,7.41,53.9,305,814,53,22,19,374.2600000000001
2022-07-27T11:00:00Z,106.5,237,7.41,53.9,305,809,53,22,18,370.2600000000001
2022-07-27T12:00:00Z,106,237,7.21,53.9,305,808,52,22,17,366.2600000000001
2022-07-27T13:00:00Z,104,237,7.01,53.9,304.25,805,52,22,16,359.2600000000001
2022-07-27T14:00:00Z,104,236.25,7.01,53.9,305,798,53,22,16,359.2600000000001
2022-07-27T15:00:00Z,104,237,7.01,53.9,304.25,798,54,22,16,347.2600000000001
2022-07-27T16:00:00Z,104,237,7.01,53.9,304.25,801,55,21,16,343.2600000000001
2022-07-27T17:00:00Z,104,239.75,7.01,53.9,305,808,56,21,18,347.2600000000001
2022-07-27T18:00:00Z,104,241.75,6.915,53.9,305,805,57,21,19,343.2600000000001
2022-07-27T19:00:00Z,102,241,6.63,53.9,305,808,57,21,20,339.2600000000001
2022-07-27T20:00:00Z,102,237,6.63,53.9,305,808,59,21,21,343.2600000000001
2022-07-27T21:00:00Z,102,238,6.63,53.9,305,808,59,20,20,339.2600000000001
2022-07-27T22:00:00Z,102,237,6.63,53.9,305,808,59,20,19,339.2600000000001
2022-07-27T23:00:00Z,100.35,237,6.63,53.9,305,809,59,20,19,343.2600000000001
2022-07-28T00:00:00Z,99.8,237,6.63,53.9,305,811,58,20,20,335.2600000000001
2022-07-28T01:00:00Z,99.9,238,6.54,53.9,305,814,57,20,20,335.2600000000001
2022-07-28T02:00:00Z,98,237,6.27,53.9,305,824,57,20,19,335.2600000000001
2022-07-28T03:00:00Z,98,239,6.27,53.9,305,830,56,20,19,343.2600000000001
2022-07-28T04:00:00Z,96.1,237,6.27,53.9,305,832,56,19,20,343.2600000000001
2022-07-28T05:00:00Z,96.1,239,6.27,53.9,305,835,56,19,21,343.2600000000001
2022-07-28T06:00:00Z,94.675,237,6.27,53.9,305,835,56,19,21,347.2600000000001
2022-07-28T07:00:00Z,94.2,238,6.27,53.9,305,830,56,19,21,343.2600000000001
2022-07-28T08:00:00Z,92.4,238,6.27,53.9,305,825,55,19,20,335.2600000000001
2022-07-28T09:00:00Z,92.4,237,6.27,53.9,305,816,55,18,20,327.2600000000001
2022-07-28T10:00:00Z,90.6,237,6.27,53.9,305,812,55,18,18,323.2600000000001
2022-07-28T11:00:00Z,89.7,237,5.92,53.9,305,808,54,18,17,315.2600000000001
2022-07-28T12:00:00Z,88.8,241.75,5.92,53.9,305,798,55,18,17,311.2600000000001
2022-07-28T13:00:00Z,88.8,254,5.92,53.9,305,797,55,18,16,307.2600000000001
2022-07-28T14:00:00Z,87.95,255,5.755,53.9,305,793,55,18,16,299.2600000000001
2022-07-28T15:00:00Z,87.1,255,5.59,53.9,310.25,795,55,18,15,295.2600000000001
2022-07-28T16:00:00Z,87.1,255,5.59,53.9,319,798,55,17,15,295.2600000000001
2022-07-28T17:00:00Z,86.65,256,5.59,53.9,319,805,55,17,16,287.2600000000001
2022-07-28T18:00:00Z,85.3,258,5.3425,53.9,319,816,55,17,18,283.2600000000001
2022-07-28T19:00:00Z,85.3,255,5.26,53.9,319.25,830,55,17,20,287.2600000000001
2022-07-28T20:00:00Z,84.875,255,5.26,53.9,319,843,56,17,20,279.2600000000001
2022-07-28T21:00:00Z,83.6,255,5.26,54.4,319,852,55,17,19,295.2600000000001
2022-07-28T22:00:00Z,83.6,255,5.26,54.65,320,865,55,17,19,295.2600000000001
2022-07-28T23:00:00Z,82.75,255,5.26,53.9,321,873,55,17,19,303.2600000000001
2022-07-29T00:00:00Z,81.9,255,5.26,53.9,320,878,54,17,18,331.2600000000001
2022-07-29T01:00:00Z,81.9,255,5.26,53.9,319,871,54,17,19,362.2600000000001
2022-07-29T02:00:00Z,81.9,255,4.96,53.9,319,861,54,17,19,374.2600000000001
2022-07-29T03:00:00Z,81.9,254,4.96,53.9,319,845,53,18,19,398.2600000000001
2022-07-29T04:00:00Z,81.475,255,4.96,53.9,319,833,53,18,19,410.2600000000001
2022-07-29T05:00:00Z,80.2,255,4.96,53.9,319,825,53,18,18,410.2600000000001
2022-07-29T06:00:00Z,80.225,254,4.96,53.9,319,816,53,18,19,406.2600000000001
2022-07-29T07:00:00Z,80.3,254,4.96,53.9,319,808,53,18,20,402.2600000000001
2022-07-29T08:00:00Z,80.3,255,4.96,53.9,319,801,52,18,20,394.2600000000001
2022-07-29T09:00:00Z,80.3,255,4.96,53.9,319,798,51,18,20,382.2600000000001
2022-07-29T10:00:00Z,80.7,255,4.96,53.9,319,792,51,18,19,374.2600000000001
2022-07-29T11:00:00Z,81.9,255,4.735,53.9,319,792,51,18,18,370.2600000000001
2022-07-29T12:00:00Z,81.9,255,4.66,53.9,319,792,51,18,16,362.2600000000001
2022-07-29T13:00:00Z,81.9,256,4.81,55.4,331,795,50,18,16,359.2600000000001
2022-07-29T14:00:00Z,83.65,255,5.185,54.9,337,798,50,18,15,359.2600000000001
2022-07-29T15:00:00Z,84.975,255,5.3425,54.9,332,798,50,18,15,347.2600000000001
2022-07-29T16:00:00Z,85.4,236.5,6.095,54.9,326,798,50,18,16,349.2600000000001
2022-07-29T17:00:00Z,86.675,224,6.0075,54.9,323,808,50,18,17,343.2600000000001
2022-07-29T18:00:00Z,87.1,227,6.45,54.9,319.25,811,51,18,18,343.2600000000001
2022-07-29T19:00:00Z,87.55,224,7.6425,54.9,300.75,814,51,18,19,343.2600000000001
2022-07-29T20:00:00Z,88.9,223,14.975,54.9,292.75,821,51,18,20,343.2600000000001
2022-07-29T21:00:00Z,88.9,223,24.675,54.9,292,836,51,18,20,343.2600000000001
2022-07-29T22:00:00Z,88.9,223,26.65,54.9,292,830,51,18,21,355.2600000000001
2022-07-29T23:00:00Z,88.9,226.75,24.65,54.65,294.25,830,52,18,20,363.2600000000001
2022-07-30T00:00:00Z,90.25,225,22.8,53.9,295,830,52,18,22,367.2600000000001
2022-07-30T01:00:00Z,91.6,223,21.6,53.9,295.75,832,53,18,23,371.2600000000001
2022-07-30T02:00:00Z,92.95,223,20.8,53.9,297.25,835,55,18,25,371.2600000000001
2022-07-30T03:00:00Z,94.775,223,33.575,53.9,294.25,836,55,18,29,371.2600000000001
2022-07-30T04:00:00Z,96.675,223,34.325,53.9,292,835,55,18,31,367.2600000000001
2022-07-30T05:00:00Z,99.05,223,32,53.9,292,835,55,18,39,367.2600000000001
2022-07-30T06:00:00Z,101,223,29.5,53.9,292,836,54,18,44,367.2600000000001
2022-07-30T07:00:00Z,103.5,223,27.1,53.9,292,835,53,18,42,355.2600000000001
2022-07-30T08:00:00Z,107,223,25.3,53.9,292,836,52,18,40,355.2600000000001
2022-07-30T09:00:00Z,110,223,23.6,53.9,292,835,52,18,37,355.2600000000001
2022-07-30T10:00:00Z,114,223,22.2,53.9,292,830,51,18,35,355.2600000000001
2022-07-30T11:00:00Z,143.5,223,20.8,53.9,292,830,51,18,33,351.2600000000001
2022-07-30T12:00:00Z,164.75,223,19.875,53.9,292,830,51,18,32,355.2600000000001
2022-07-30T13:00:00Z,178.75,223,18.7,53.9,292,830,51,18,30,355.2600000000001
2022-07-30T14:00:00Z,191,223,17.75,53.9,292,830,51,18,28,347.2600000000001
2022-07-30T15:00:00Z,200,223,16.875,53.9,292,830,51,18,27,347.2600000000001
2022-07-30T16:00:00Z,203,223,15.825,53.9,292,830,51,18,26,343.2600000000001
2022-07-30T17:00:00Z,202.25,224,15.15,53.9,292,830,51,18,26,343.2600000000001
2022-07-30T18:00:00Z,197,227,14.525,53.9,291.25,835,51,18,26,347.2600000000001
2022-07-30T19:00:00Z,191.75,223,13.85,53.9,289.75,835,52,19,27,351.2600000000001
2022-07-30T20:00:00Z,186.75,223,13.4,53.9,292,836,52,19,27,359.2600000000001
2022-07-30T21:00:00Z,180.75,223,12.8,53.9,289.75,836,52,19,26,363.2600000000001
2022-07-30T22:00:00Z,174.75,222.25,12.35,53.9,290.5,836,53,19,26,363.2600000000001
2022-07-30T23:00:00Z,167.75,223,11.825,53.9,290.5,843,52,19,26,359.2600000000001
2022-07-31T00:00:00Z,163.5,223,11.55,53.9,289,841,52,19,24,355.2600000000001
2022-07-31T01:00:00Z,158.5,223,11.1,53.9,289,841,52,19,23,355.2600000000001
2022-07-31T02:00:00Z,154,223,10.85,53.9,289.75,846,52,20,24,355.2600000000001
2022-07-31T03:00:00Z,151,223,10.6,53.9,289,846,52,21,23,355.2600000000001
2022-07-31T04:00:00Z,148.5,223,10.225,53.9,289,846,52,22,22,355.2600000000001
2022-07-31T05:00:00Z,146,223,10.1,53.9,289.75,846,52,23,21,347.2600000000001
2022-07-31T06:00:00Z,144,223,9.98,53.9,289,846,51,23,22,339.2600000000001
2022-07-31T07:00:00Z,140.75,223,9.62,53.9,289,846,51,24,22,339.2600000000001
2022-07-31T08:00:00Z,137.5,223,9.5,53.9,289,846,51,24,22,328.2600000000001
2022-07-31T09:00:00Z,133.25,223,9.14,53.9,289,846,51,24,22,320.2600000000001
2022-07-31T10:00:00Z,130,223,9.14,53.9,288.5,852,51,24,21,317.2600000000001
2022-07-31T11:00:00Z,126.25,223,8.91,53.9,288,852,51,23,20,320.2600000000001
2022-07-31T12:00:00Z,122.5,223,8.68,53.9,289,852,51,23,19,317.2600000000001
2022-07-31T13:00:00Z,119,223,8.68,53.9,288,859,52,23,18,317.2600000000001
2022-07-31T14:00:00Z,116,223,8.57,53.9,289,862,52,22,17,317.2600000000001
2022-07-31T15:00:00Z,112.5,223,8.24,53.9,288,862,52,22,17,311.2600000000001
2022-07-31T16:00:00Z,109.5,223,8.24,53.9,288,862,53,22,16,311.2600000000001
2022-07-31T17:00:00Z,107,224,8.24,53.9,290,862,53,21,17,311.2600000000001
2022-07-31T18:00:00Z,104,227,8.245,54.15,291,862,53,21,18,311.2600000000001
2022-07-31T19:00:00Z,102.5,226,8.68,54.9,295,862,53,21,19,307.2600000000001
2022-07-31T20:00:00Z,100.5,223,9.14,54.9,295.75,862,54,21,21,311.2600000000001
2022-07-31T21:00:00Z,98.65,223,9.14,54.65,296.5,868,55,21,22,311.2600000000001
2022-07-31T22:00:00Z,96.775,223,9.62,54.9,295.75,878,57,21,22,320.2600000000001
2022-07-31T23:00:00Z,96.3,223,10.225,54.9,296.5,907,62,21,23,331.2600000000001
2022-08-01T00:00:00Z,94.4,224,10.85,53.9,298,922,72,21,23,343.2600000000001
2022-08-01T01:00:00Z,93.95,223,11.55,53.9,297.25,932,93,21,24,355.2600000000001
2022-08-01T02:00:00Z,92.6,223,12.2,53.9,295.75,935,124,21,24,359.2600000000001
2022-08-01T03:00:00Z,92.6,223,13.1,53.9,295,938,135,21,26,363.2600000000001
2022-08-01T04:00:00Z,90.8,223,13.85,53.9,293.5,948,127,21,30,363.2600000000001
2022-08-01T05:00:00Z,90.8,223,14.85,53.9,292,954,118,21,33,359.2600000000001
2022-08-01T06:00:00Z,89.9,223,15.475,53.9,292.75,964,110,21,36,363.2600000000001
2022-08-01T07:00:00Z,89,223.75,16.35,53.9,294.25,965,104,21,38,371.2600000000001
2022-08-01T08:00:00Z,89,223,16.7,53.9,295,970,100,21,40,371.2600000000001
2022-08-01T09:00:00Z,90.35,223,16.7,53.9,295,970,97,21,40,371.2600000000001
2022-08-01T10:00:00Z,90.8,223,17.225,53.9,295,970,96,21,40,371.2600000000001
2022-08-01T11:00:00Z,90.8,223,17.4,53.9,294.25,964,95,21,42,371.2600000000001
2022-08-01T12:00:00Z,91.25,223,20.075,53.9,292.75,964,94,21,46,371.2600000000001
2022-08-01T13:00:00Z,92.6,223,24.4,53.9,292,954,93,22,40,367.2600000000001
2022-08-01T14:00:00Z,92.6,223,24.2,53.9,292,948,93,22,36,375.2600000000001
2022-08-01T15:00:00Z,92.6,223,23.4,53.9,292,940,95,23,34,383.2600000000001
2022-08-01T16:00:00Z,92.6,223,22.6,53.9,292,937,96,23,33,387.2600000000001
2022-08-01T17:00:00Z,94.5,223.75,21.8,53.9,292.75,933,98,24,33,399.2600000000001
2022-08-01T18:00:00Z,94.5,226,21,53.9,292,932,100,24,32,417.2600000000001
2022-08-01T19:00:00Z,94.5,224.5,20.05,53.9,292,932,102,24,31,422.2600000000001
2022-08-01T20:00:00Z,94.5,223,19.3,53.9,292,932,106,23,31,413.2600000000001
2022-08-01T21:00:00Z,94.5,223,18.5,53.9,292,932,107,23,29,434.2600000000001
2022-08-01T22:00:00Z,96.3,223,17.75,53.9,292,932,109,23,28,438.2600000000001
2022-08-01T23:00:00Z,96.3,223,17.05,53.9,292,932,109,22,28,450.2600000000001
2022-08-02T00:00:00Z,96.3,223,16.525,53.9,292,932,109,22,27,454.2600000000001
2022-08-02T01:00:00Z,96.3,223,16,53.9,292,932,109,22,26,466.2600000000001
2022-08-02T02:00:00Z,96.3,223,15.475,53.9,292,938,109,22,25,470.2600000000001
2022-08-02T03:00:00Z,96.3,223,15.3,53.9,292,938,110,24,26,470.2600000000001
2022-08-02T04:00:00Z,94.5,223,15,53.9,292,938,111,25,25,496.2600000000001
2022-08-02T05:00:00Z,94.5,223,14.7,53.9,292,938,112,26,26,521.2600000000001
2022-08-02T06:00:00Z,94.5,223,14.7,53.9,292,937,113,31,26,539.2600000000001
2022-08-02T07:00:00Z,94.5,223,14.7,53.9,291,929,115,36,26,591.2600000000001
2022-08-02T08:00:00Z,93.15,223,15.3,53.9,292,919,117,37,25,595.2600000000001
2022-08-02T09:00:00Z,92.7,223,15.3,53.9,292,911,118,37,24,591.2600000000001
2022-08-02T10:00:00Z,92.7,223,15.3,53.9,292,905,119,35,24,587.2600000000001
2022-08-02T11:00:00Z,92.7,223,15.3,53.9,292,900,121,35,24,605.2600000000001
2022-08-02T12:00:00Z,92.7,223,15.3,53.9,292,900,121,35,22,629.2600000000001
2022-08-02T13:00:00Z,92.25,223,15.3,53.9,292,900,122,39,21,615.2600000000001
2022-08-02T14:00:00Z,90.9,223,15.3,53.9,292,900,123,44,20,615.2600000000001
2022-08-02T15:00:00Z,90.9,223,14.85,53.9,292,903,123,46,20,619.2600000000001
2022-08-02T16:00:00Z,90.9,223,14.175,53.9,291,911,123,45,20,629.2600000000001
2022-08-02T17:00:00Z,90.9,224.75,13.7,53.9,292,917,122,43,22,641.2600000000001
2022-08-02T18:00:00Z,93.15,227,13.25,53.9,292,929,121,41,23,649.2600000000001
2022-08-02T19:00:00Z,96.4,224.5,12.8,53.9,292,938,121,39,23,654.2600000000001
2022-08-02T20:00:00Z,101.5,223,12.2,53.9,292,945,119,38,22,654.2600000000001
2022-08-02T21:00:00Z,114,223,11.95,53.9,291,956,118,37,23,659.2600000000001
2022-08-02T22:00:00Z,158,223,11.7,53.9,291,964,116,35,24,659.2600000000001
2022-08-02T23:00:00Z,165.75,223,11.4,53.9,291,970,114,34,26,649.2600000000001
2022-08-03T00:00:00Z,170,223.75,11.1,53.9,291,979,113,33,28,645.2600000000001
2022-08-03T01:00:00Z,169,223,11.1,53.9,291,991,111,32,26,633.2600000000001
2022-08-03T02:00:00Z,165.75,223,11.1,53.9,290.25,995,109,32,25,624.2600000000001
2022-08-03T03:00:00Z,161,223,11.1,53.9,291,1002,107,32,24,610.2600000000001
2022-08-03T04:00:00Z,156.5,223.75,10.975,53.9,291,1005,106,31,25,595.2600000000001
2022-08-03T05:00:00Z,152.75,223,10.6,53.9,291,1005,104,31,24,587.2600000000001
2022-08-03T06:00:00Z,150.5,223,10.6,53.9,291,998,103,30,24,575.2600000000001
2022-08-03T07:00:00Z,149,223,10.6,53.9,291,995,101,30,23,556.2600000000001
2022-08-03T08:00:00Z,147.25,223,10.225,53.9,291,991,100,29,23,540.2600000000001
2022-08-03T09:00:00Z,144,223.75,10.1,53.9,291,987,99,28,22,535.2600000000001
2022-08-03T10:00:00Z,141.5,223,10.1,53.9,289.5,979,98,28,21,521.2600000000001
2022-08-03T11:00:00Z,138.5,223,9.74,53.9,290.25,968,97,28,20,509.2600000000001
2022-08-03T12:00:00Z,135,228.25,9.62,51.725,290.25,964,96,27,18,509.2600000000001
2022-08-03T13:00:00Z,131.25,237,9.62,48.8,290.25,952,95,27,18,505.2600000000001
2022-08-03T14:00:00Z,127.5,237,9.26,48.8,290.25,945,94,26,17,505.2600000000001
2022-08-03T15:00:00Z,124,237,9.14,48.8,294,937,93,26,17,505.2600000000001
2022-08-03T16:00:00Z,120.25,237.75,9.14,48.8,296.5,929,92,25,17,505.2600000000001
2022-08-03T17:00:00Z,117,237.75,8.68,48.8,297.25,921,91,25,19,500.2600000000001
2022-08-03T18:00:00Z,113.5,239.25,8.68,48.8,296.5,913,90,25,20,490.2600000000001
2022-08-03T19:00:00Z,111,237,8.57,48.8,298,909,89,24,20,500.2600000000001
2022-08-03T20:00:00Z,107.5,237,8.24,48.8,297.25,900,88,24,21,505.2600000000001
2022-08-03T21:00:00Z,104.5,228,8.24,48.8,296.5,895,87,23,21,505.2600000000001
2022-08-03T22:00:00Z,103,226,7.82,48.8,297.25,898,86,23,20,505.2600000000001
2022-08-03T23:00:00Z,100.5,227,7.82,48.8,294,900,84,22,20,513.2600000000001
2022-08-04T00:00:00Z,97.825,226,7.82,48.8,288,903,83,22,20,517.2600000000001
2022-08-04T01:00:00Z,95.95,228,7.5125,48.8,288,906,81,22,20,521.2600000000001
2022-08-04T02:00:00Z,93.7,228,7.41,48.8,288,913,81,22,20,521.2600000000001
2022-08-04T03:00:00Z,91.85,226,7.41,48.8,288,916,80,21,20,517.2600000000001
2022-08-04T04:00:00Z,90.475,227,7.41,48.8,288,916,78,21,20,521.2600000000001
2022-08-04T05:00:00Z,89.2,227,7.31,48.8,288,916,77,21,20,509.2600000000001
2022-08-04T06:00:00Z,89.2,227,7.01,48.8,288,911,76,21,21,505.2600000000001
2022-08-04T07:00:00Z,87.85,228,7.01,48.8,288,906,75,20,21,505.2600000000001
2022-08-04T08:00:00Z,87.4,226,7.01,48.8,288,906,74,20,20,495.2600000000001
2022-08-04T09:00:00Z,86.95,227,7.01,48.8,288,900,73,19,20,486.2600000000001
2022-08-04T10:00:00Z,85.6,227,7.01,48.8,288,898,73,19,19,486.2600000000001
2022-08-04T11:00:00Z,85.625,227,6.63,48.8,288,890,73,19,18,478.2600000000001
2022-08-04T12:00:00Z,85.25,233.25,6.63,48.8,288,886,72,19,17,470.2600000000001
2022-08-04T13:00:00Z,83.9,244,6.63,48.8,288,884,71,18,16,466.2600000000001
2022-08-04T14:00:00Z,83.9,244,6.63,48.8,288,882,71,18,15,454.2600000000001
2022-08-04T15:00:00Z,82.625,244,6.63,48.8,296.25,878,71,18,15,446.2600000000001
2022-08-04T16:00:00Z,82.2,244,6.63,48.8,302.5,878,71,18,15,433.2600000000001
2022-08-04T17:00:00Z,82.2,245.75,6.63,48.8,302.5,879,72,17,16,419.2600000000001
2022-08-04T18:00:00Z,80.5,247,6.63,48.8,304,890,73,17,19,419.2600000000001
2022-08-04T19:00:00Z,80.5,245.5,6.36,48.8,304,907,73,17,20,419.2600000000001
2022-08-04T20:00:00Z,79.3,236,6.27,48.8,304,935,73,17,20,419.2600000000001
2022-08-04T21:00:00Z,78.9,225.25,6.27,48.8,303.25,959,73,16,19,424.2600000000001
2022-08-04T22:00:00Z,78.475,226,6.63,48.8,303.25,956,74,16,19,429.2600000000001
2022-08-04T23:00:00Z,77.2,225.25,6.27,48.8,293,951,74,16,19,411.2600000000001
2022-08-05T00:00:00Z,77.2,226,6.45,48.8,286.5,940,77,16,18,419.2600000000001
2022-08-05T01:00:00Z,75.6,225.25,6.63,48.8,285,948,84,16,19,420.2600000000001
2022-08-05T02:00:00Z,75.6,225.25,6.63,48.8,285,974,88,17,20,471.2600000000001
2022-08-05T03:00:00Z,75.6,225.25,7.01,48.8,285,989,89,18,22,509.2600000000001
2022-08-05T04:00:00Z,75.6,226,7.01,48.8,285,984,86,20,22,548.2600000000001
2022-08-05T05:00:00Z,75.6,225.25,7.9275,48.8,285,964,82,26,25,650.2600000000001
2022-08-05T06:00:00Z,75.6,226,9.385,48.8,285,943,80,29,32,678.2600000000001
2022-08-05T07:00:00Z,75.6,224.5,10.875,48.8,285,925,78,33,46,691.2600000000001
2022-08-05T08:00:00Z,77.3,225.25,13.725,48.8,285,929,78,39,67,708.2600000000001
2022-08-05T09:00:00Z,77.3,226,16,48.8,285,932,76,41,91,718.2600000000001
2022-08-05T10:00:00Z,78.1,226,16,48.8,285,932,74,43,92,704.2600000000001
2022-08-05T11:00:00Z,78.9,225.25,15.3,48.8,285,937,72,45,90,691.2600000000001
2022-08-05T12:00:00Z,80.175,226,14.85,48.8,285,938,71,49,86,708.2600000000001
2022-08-05T13:00:00Z,81.025,226,14.175,48.8,285,938,71,56,79,761.2600000000001
2022-08-05T14:00:00Z,82.3,225.25,13.85,48.8,285,938,69,63,71,813.2600000000001
2022-08-05T15:00:00Z,83.575,226,13.4,48.8,286.5,938,69,68,63,869.2600000000001
2022-08-05T16:00:00Z,86.15,224.5,13.1,48.8,285.75,948,68,72,58,898.2600000000001
2022-08-05T17:00:00Z,88.35,225.5,12.65,48.8,285.75,949,67,72,55,912.2600000000001
2022-08-05T18:00:00Z,91,228,12.2,48.8,285,954,67,72,51,912.2600000000001
2022-08-05T19:00:00Z,93.75,226,13.4,48.8,285,954,67,74,46,912.2600000000001
2022-08-05T20:00:00Z,97.45,247.5,12.8,50.45,323,954,66,84,45,907.2600000000001
2022-08-05T21:00:00Z,102,244.75,13.85,52.625,363,956,65,108,41,893.2600000000001
2022-08-05T22:00:00Z,105,244,13.7,49.6,355.25,968,65,122,38,963.2600000000001
2022-08-05T23:00:00Z,108.5,242,15.675,49.2,340.5,970,64,125,40,1089.2600000000002
2022-08-06T00:00:00Z,111,244,52.175,49.6,325,972,64,121,39,1536.2600000000002
2022-08-06T01:00:00Z,113.5,243,58.4,49.6,319.75,982,63,116,37,1474.2600000000002
2022-08-06T02:00:00Z,116,244,56,49,315,992,62,108,38,1380.2600000000002
2022-08-06T03:00:00Z,118.75,244,48.7,48.8,315,1002,62,101,39,1335.2600000000002
2022-08-06T04:00:00Z,121,242,83.5,48.8,313,1017,61,94,40,1277.2600000000002
2022-08-06T05:00:00Z,121,243,95.1,48.8,311,1024,61,88,39,1185.2600000000002
2022-08-06T06:00:00Z,123,242,82.6,48.8,311,1033,60,83,35,1077.2600000000002
2022-08-06T07:00:00Z,123,243,72.925,48.8,308.75,1047,60,79,33,983.2600000000001
2022-08-06T08:00:00Z,123,242,65.55,48.8,308,1065,60,76,31,918.2600000000001
2022-08-06T09:00:00Z,123,243,59.725,48.8,308,1085,60,72,30,878.2600000000001
2022-08-06T10:00:00Z,124.5,244,54.975,48.8,308,1098,60,67,28,847.2600000000001
2022-08-06T11:00:00Z,125,243,51.45,48.8,308,1110,59,64,27,818.2600000000001
2022-08-06T12:00:00Z,125,243,48.1,48.8,308,1110,59,62,25,799.2600000000001
2022-08-06T13:00:00Z,125,241,45.15,48.8,306,1110,59,59,24,785.2600000000001
2022-08-06T14:00:00Z,125,243,42.95,48.8,306,1100,59,57,23,756.2600000000001
2022-08-06T15:00:00Z,123,244,40.75,48.8,304,1089,59,55,23,737.2600000000001
2022-08-06T16:00:00Z,123,243,39.125,48.8,304,1080,59,53,23,723.2600000000001
2022-08-06T17:00:00Z,121,244.75,37.35,48.8,304,1070,59,53,23,718.2600000000001
2022-08-06T18:00:00Z,121,247,35.6,48.8,305,1063,59,53,23,708.2600000000001
2022-08-06T19:00:00Z,118,244,34.35,49.375,304,1051,59,55,26,704.2600000000001
2022-08-06T20:00:00Z,116.5,244,33.275,48.8,304,1049,59,56,28,699.2600000000001
2022-08-06T21:00:00Z,115.5,244,33.275,49.95,307,1045,59,56,27,687.2600000000001
2022-08-06T22:00:00Z,114,244,32,48.8,308.75,1040,60,56,26,680.2600000000001
2022-08-06T23:00:00Z,112.5,242,31,48.8,308,1049,60,53,26,676.2600000000001
2022-08-07T00:00:00Z,112,244,30,48.8,307,1049,60,52,25,664.2600000000001
2022-08-07T01:00:00Z,112,244,30,48.8,305,1053,61,51,25,664.2600000000001
2022-08-07T02:00:00Z,112.5,244,30,48.8,305,1056,61,48,24,668.2600000000001
2022-08-07T03:00:00Z,158.75,243,29.75,48.8,306,1061,61,47,23,664.2600000000001
2022-08-07T04:00:00Z,167,243,29,48.8,307,1063,61,45,23,664.2600000000001
2022-08-07T05:00:00Z,163.5,244,29,48.8,308,1063,61,44,24,659.2600000000001
2022-08-07T06:00:00Z,174.25,244,29,48.8,308,1056,62,43,23,649.2600000000001
2022-08-07T07:00:00Z,186.5,244,28,48.8,308,1056,63,41,22,659.2600000000001
2022-08-07T08:00:00Z,186.75,244,27.55,48.8,308,1056,63,41,22,664.2600000000001
2022-08-07T09:00:00Z,178.25,244,27.1,48.8,308,1056,64,39,23,664.2600000000001
2022-08-07T10:00:00Z,169,244,27.1,48.8,308,1053,65,38,22,649.2600000000001
2022-08-07T11:00:00Z,160.25,244,26.2,48.8,308,1049,66,38,22,645.2600000000001
2022-08-07T12:00:00Z,154.75,244.75,25.975,48.8,307,1049,66,37,20,635.2600000000001
2022-08-07T13:00:00Z,150.75,253,25.3,48.8,307.5,1049,67,36,19,626.2600000000001
2022-08-07T14:00:00Z,149,255,25.3,48.8,304.75,1049,67,35,18,610.2600000000001
2022-08-07T15:00:00Z,146.5,255,24.4,48.8,309,1051,67,35,18,610.2600000000001
2022-08-07T16:00:00Z,144,255,24,48.8,315,1056,68,34,18,595.2600000000001
2022-08-07T17:00:00Z,141.5,254.75,23.6,48.8,315,1065,68,33,18,591.2600000000001
2022-08-07T18:00:00Z,137.5,256.5,23,48.8,315,1072,68,33,19,595.2600000000001
2022-08-07T19:00:00Z,134.5,255,22.6,48.8,315,1077,69,32,21,591.2600000000001
2022-08-07T20:00:00Z,130.5,255,22,48.8,315,1088,70,32,23,586.2600000000001
2022-08-07T21:00:00Z,127.5,253,22,48.8,315,1098,70,32,24,576.2600000000001
2022-08-07T22:00:00Z,124.5,254,22,48.8,315,1110,69,31,24,572.2600000000001
2022-08-07T23:00:00Z,122,252,22,48.8,314,1119,69,31,25,572.2600000000001
2022-08-08T00:00:00Z,120,254,21.2,48.8,315,1128,68,30,25,572.2600000000001
2022-08-08T01:00:00Z,117.5,253,21,48.8,315,1135,67,30,24,564.2600000000001
2022-08-08T02:00:00Z,115.5,255,20.225,48.8,314,1135,67,29,23,560.2600000000001
2022-08-08T03:00:00Z,113.5,254,19.7,48.8,313,1140,66,28,23,568.2600000000001
2022-08-08T04:00:00Z,112,255,19.3,48.8,313,1147,66,28,22,568.2600000000001
2022-08-08T05:00:00Z,110,255,18.9,48.8,313,1157,66,28,21,572.2600000000001
2022-08-08T06:00:00Z,108.5,255,18.7,48.8,311,1164,66,27,23,568.2600000000001
2022-08-08T07:00:00Z,106.5,255,18.1,48.8,311,1164,65,26,22,560.2600000000001
2022-08-08T08:00:00Z,104.5,255,18.1,48.8,314,1159,65,26,22,556.2600000000001
2022-08-08T09:00:00Z,104,255,17.4,48.8,312,1150,65,26,21,546.2600000000001
2022-08-08T10:00:00Z,102,255,17.4,48.8,312,1140,65,25,21,533.2600000000001
2022-08-08T11:00:00Z,100.5,255,16.875,48.8,311,1128,64,25,19,529.2600000000001
2022-08-08T12:00:00Z,99.625,255,16.7,48.8,312,1121,63,25,18,521.2600000000001
2022-08-08T13:00:00Z,98.05,255,16.35,48.8,311,1115,63,25,17,521.2600000000001
2022-08-08T14:00:00Z,96.7,253,16,48.8,312,1110,62,25,17,529.2600000000001
2022-08-08T15:00:00Z,95.275,254,15.65,48.8,311,1107,62,24,17,529.2600000000001
2022-08-08T16:00:00Z,93.9,254,15.3,48.8,312,1105,62,24,17,521.2600000000001
2022-08-08T17:00:00Z,93,255.75,15.15,48.8,312,1105,62,24,18,521.2600000000001
2022-08-08T18:00:00Z,91.2,256.5,14.7,48.8,311,1110,62,24,19,529.2600000000001
2022-08-08T19:00:00Z,89.85,255,14.7,48.8,311,1110,62,24,20,537.2600000000001
2022-08-08T20:00:00Z,89.4,253,14,48.8,311,1112,62,23,21,537.2600000000001
2022-08-08T21:00:00Z,87.6,252,14,48.8,311,1119,62,23,21,556.2600000000001
2022-08-08T22:00:00Z,87.175,252,13.85,48.8,311,1124,60,23,21,556.2600000000001
2022-08-08T23:00:00Z,85.9,254,13.4,48.8,311,1126,60,22,20,564.2600000000001
2022-08-09T00:00:00Z,85.45,253,13.4,48.8,311,1126,59,22,21,572.2600000000001
2022-08-09T01:00:00Z,84.1,254,13.4,48.8,311,1135,59,22,20,586.2600000000001
2022-08-09T02:00:00Z,83.25,254,12.8,48.8,311,1135,59,22,20,591.2600000000001
2022-08-09T03:00:00Z,82.4,254,12.8,48.8,311,1142,58,22,20,586.2600000000001
2022-08-09T04:00:00Z,82.4,252,12.8,48.8,311,1145,57,22,20,591.2600000000001
2022-08-09T05:00:00Z,81.125,252,12.65,48.8,311,1145,57,22,21,576.2600000000001
2022-08-09T06:00:00Z,80.7,255,12.2,48.8,311,1145,56,21,21,572.2600000000001
2022-08-09T07:00:00Z,79.9,252,12.2,48.8,311,1150,56,21,20,568.2600000000001
2022-08-09T08:00:00Z,79.1,254,12.2,48.8,311,1154,55,21,20,564.2600000000001
2022-08-09T09:00:00Z,78.675,254,12.2,48.8,311,1165,54,21,19,568.2600000000001
2022-08-09T10:00:00Z,77.4,255,11.95,48.8,311,1170,54,21,19,556.2600000000001
2022-08-09T11:00:00Z,76.6,253,11.7,48.8,311,1182,54,21,19,556.2600000000001
2022-08-09T12:00:00Z,75.8,253,11.7,48.8,311,1192,53,20,18,556.2600000000001
2022-08-09T13:00:00Z,75.4,247,11.7,48.8,311,1199,53,20,17,556.2600000000001
2022-08-09T14:00:00Z,74.2,247,11.7,48.8,311,1206,52,20,16,556.2600000000001
2022-08-09T15:00:00Z,73.4,248,11.4,48.8,310,1213,52,19,16,537.2600000000001
2022-08-09T16:00:00Z,72.6,248,11.1,48.8,307,1221,52,19,16,537.2600000000001
2022-08-09T17:00:00Z,71.85,249,11.1,48.8,307,1224,52,19,17,541.2600000000001
2022-08-09T18:00:00Z,71.1,252,11.1,48.8,307,1224,52,19,19,541.2600000000001
2022-08-09T19:00:00Z,69.5,250,10.725,48.8,307,1224,51,19,20,537.2600000000001
2022-08-09T20:00:00Z,69.5,243,10.6,48.8,306.25,1224,51,19,20,546.2600000000001
2022-08-09T21:00:00Z,68.375,226,10.6,48.8,306.25,1224,52,19,20,555.2600000000001
2022-08-09T22:00:00Z,68,226,10.1,48.8,306.25,1224,54,18,19,568.2600000000001
2022-08-09T23:00:00Z,67.25,226,10.1,48.8,297.5,1223,55,18,19,576.2600000000001
2022-08-10T00:00:00Z,66.5,224.5,10.1,48.8,287.25,1231,60,18,18,581.2600000000001
2022-08-10T01:00:00Z,66.5,225.25,10.1,48.8,285.75,1246,66,18,19,580.2600000000001
2022-08-10T02:00:00Z,66.125,226,10.1,48.8,285.75,1266,81,18,18,586.2600000000001
2022-08-10T03:00:00Z,65,225.25,10.475,48.8,285,1297,160,18,18,591.2600000000001
2022-08-10T04:00:00Z,65,226,10.6,48.8,285,1314,209,18,19,591.2600000000001
2022-08-10T05:00:00Z,65,226,10.35,48.8,285.75,1324,193,18,20,586.2600000000001
2022-08-10T06:00:00Z,65,226,10.1,48.8,285.75,1340,161,19,20,572.2600000000001
2022-08-10T07:00:00Z,65,226,10.1,48.8,285,1359,136,19,20,559.2600000000001
2022-08-10T08:00:00Z,65,226,9.62,48.8,285,1356,121,19,19,564.2600000000001
2022-08-10T09:00:00Z,65,226,9.62,48.8,285,1340,111,19,18,560.2600000000001
2022-08-10T10:00:00Z,65,226,9.62,48.8,285,1336,104,20,18,568.2600000000001
2022-08-10T11:00:00Z,65,226,9.62,48.8,285,1331,98,21,17,568.2600000000001
2022-08-10T12:00:00Z,65,226,9.62,48.8,285,1317,94,21,16,572.2600000000001
2022-08-10T13:00:00Z,65,224.5,9.14,48.8,285.75,1307,90,21,15,572.2600000000001
2022-08-10T14:00:00Z,65.075,226,9.14,48.8,285.75,1297,86,21,14,572.2600000000001
2022-08-10T15:00:00Z,65.1,226,9.14,48.8,285.75,1288,82,21,14,576.2600000000001
2022-08-10T16:00:00Z,65.1,226,9.14,48.8,285.75,1286,79,21,14,591.2600000000001
2022-08-10T17:00:00Z,65.1,229,9.14,48.8,285.25,1277,78,21,16,591.2600000000001
2022-08-10T18:00:00Z,65.1,229,9.26,48.8,286,1272,77,20,17,599.2600000000001
2022-08-10T19:00:00Z,65.1,227,9.14,48.8,288,1265,77,20,18,607.2600000000001
2022-08-10T20:00:00Z,65.1,226,9.14,48.8,288,1255,77,20,19,621.2600000000001
2022-08-10T21:00:00Z,65.1,226,9.14,48.8,285,1251,76,20,24,649.2600000000001
2022-08-10T22:00:00Z,65.1,225.25,9.14,48.8,285,1236,75,20,38,665.2600000000001
2022-08-10T23:00:00Z,65.1,226,9.26,48.8,288,1223,72,20,108,780.2600000000001
2022-08-11T00:00:00Z,65.1,226,10.23,48.8,288,1218,72,22,127,896.2600000000001
2022-08-11T01:00:00Z,65.1,226,10.35,48.8,288,1224,73,25,137,941.2600000000001
2022-08-11T02:00:00Z,65.1,226,10.6,48.8,288,1224,81,27,220,1097.2600000000002
2022-08-11T03:00:00Z,66.6,226,10.85,48.8,288,1224,95,28,238,1266.2600000000002
2022-08-11T04:00:00Z,66.6,224.5,16.45,48.8,288,1218,109,27,219,1372.2600000000002
2022-08-11T05:00:00Z,66.6,223.75,20.4,48.8,285,1218,118,27,187,1441.2600000000002
2022-08-11T06:00:00Z,67.35,224.5,24.05,48.8,287,1221,121,26,155,1491.2600000000002
2022-08-11T07:00:00Z,68.1,226,23.6,48.8,286,1224,121,25,132,1514.2600000000002
2022-08-11T08:00:00Z,68.1,226,22,48.8,286,1231,118,25,113,1551.2600000000002
2022-08-11T09:00:00Z,68.1,226,20.8,48.8,288,1239,116,25,96,1551.2600000000002
2022-08-11T10:00:00Z,68.1,226,19.675,48.8,288,1243,113,24,84,1514.2600000000002
2022-08-11T11:00:00Z,69.225,223,18.3,48.8,288,1253,110,24,74,1418.2600000000002
2022-08-11T12:00:00Z,69.6,225.25,17.225,48.8,287,1253,108,24,66,1327.2600000000002
2022-08-11T13:00:00Z,69.6,226,16.35,48.8,285,1253,106,24,59,1249.2600000000002
2022-08-11T14:00:00Z,70.4,226,15.825,48.8,285,1253,103,25,54,1216.2600000000002
2022-08-11T15:00:00Z,131.875,226,15.15,48.8,285,1262,102,26,51,1193.2600000000002
2022-08-11T16:00:00Z,215.75,225.25,14.525,48.8,284,1271,100,28,51,1160.2600000000002
2022-08-11T17:00:00Z,225.75,226.75,14,48.8,284,1281,97,30,55,1140.2600000000002
2022-08-11T18:00:00Z,225,227.5,13.4,48.8,284,1305,95,31,55,1135.2600000000002
2022-08-11T19:00:00Z,221.5,226,13.1,48.8,284,1331,92,31,58,1113.2600000000002
2022-08-11T20:00:00Z,217.75,225.25,12.8,48.8,284,1358,90,32,55,1096.2600000000002
2022-08-11T21:00:00Z,214,226,12.2,48.8,284,1397,88,33,50,1080.2600000000002
2022-08-11T22:00:00Z,213,225.25,11.95,48.8,284,1471,85,35,45,1060.2600000000002
2022-08-11T23:00:00Z,212,225.25,11.7,48.8,284,1602,84,40,42,1055.2600000000002
2022-08-12T00:00:00Z,211.25,226,11.4,48.8,284,1709,81,43,38,1028.2600000000002
2022-08-12T01:00:00Z,211.25,226,11.1,48.8,285,1774,79,46,36,1014.2600000000001
2022-08-12T02:00:00Z,206.75,225.25,11.1,48.8,284,1813,77,48,34,991.2600000000001
2022-08-12T03:00:00Z,205.5,223.75,10.6,48.8,284,1835,76,48,33,977.2600000000001
2022-08-12T04:00:00Z,198.75,226,10.6,48.8,285,1830,75,48,32,961.2600000000001
2022-08-12T05:00:00Z,193.5,224.5,10.6,48.8,284,1819,74,48,33,940.2600000000001
2022-08-12T06:00:00Z,190.75,225.25,10.225,48.8,284,1808,74,47,34,921.2600000000001
2022-08-12T07:00:00Z,185.5,226,10.1,48.8,284,1796,73,46,34,906.2600000000001
2022-08-12T08:00:00Z,178.75,226,10.1,48.8,284,1779,72,45,32,885.2600000000001
2022-08-12T09:00:00Z,173.25,225.25,9.62,48.8,284,1766,70,44,31,875.2600000000001
2022-08-12T10:00:00Z,170.25,226,9.62,48.8,284,1762,69,42,29,866.2600000000001
2022-08-12T11:00:00Z,167,226,9.62,48.8,284,1752,67,41,28,861.2600000000001
2022-08-12T12:00:00Z,164.5,225.25,9.38,48.8,284,1752,66,40,27,856.2600000000001
2022-08-12T13:00:00Z,164.5,226,9.14,48.8,284,1759,65,38,26,851.2600000000001
2022-08-12T14:00:00Z,165.75,226,9.14,48.8,284,1764,64,38,25,856.2600000000001
2022-08-12T15:00:00Z,174.75,226,9.14,48.8,284,1781,63,37,25,871.2600000000001
2022-08-12T16:00:00Z,190,225.25,9.14,48.8,284,1790,62,36,25,890.2600000000001
2022-08-12T17:00:00Z,196.75,226,9.025,48.8,285,1801,62,35,25,931.2600000000001
2022-08-12T18:00:00Z,202.5,228.25,8.68,48.8,284,1803,62,34,26,977.2600000000001
2022-08-12T19:00:00Z,204,226,8.68,48.8,284,1803,62,33,27,1013.2600000000001
2022-08-12T20:00:00Z,204,226,8.68,48.8,284,1790,61,32,26,1059.2600000000002
2022-08-12T21:00:00Z,204,224.5,8.35,48.8,284,1774,61,31,26,1113.2600000000002
2022-08-12T22:00:00Z,200.25,225.25,8.24,48.8,284,1757,60,31,27,1154.2600000000002
2022-08-12T23:00:00Z,195.25,225.25,8.24,48.8,284,1735,59,30,26,1177.2600000000002
2022-08-13T00:00:00Z,189.25,226,8.24,48.8,284,1712,59,29,25,1188.2600000000002
2022-08-13T01:00:00Z,183,226,8.03,48.8,284,1689,58,28,24,1204.2600000000002
2022-08-13T02:00:00Z,179,226,7.82,48.8,284,1663,57,28,24,1216.2600000000002
2022-08-13T03:00:00Z,173.25,226,7.82,48.8,284,1640,56,27,24,1227.2600000000002
2022-08-13T04:00:00Z,169,226,7.82,48.8,284,1623,56,26,24,1227.2600000000002
2022-08-13T05:00:00Z,163.75,226,7.82,48.825,284,1614,55,26,23,1232.2600000000002
2022-08-13T06:00:00Z,158.75,226,8.135,48.9,284,1604,55,25,24,1227.2600000000002
2022-08-13T07:00:00Z,155.25,225.25,8.24,48.9,284,1600,54,25,23,1227.2600000000002
2022-08-13T08:00:00Z,152.5,226,7.82,48.9,284,1600,53,25,22,1227.2600000000002
2022-08-13T09:00:00Z,151,226,7.82,48.9,284,1595,53,24,23,1204.2600000000002
2022-08-13T10:00:00Z,148,226,7.925,48.9,284,1595,52,24,22,1204.2600000000002
2022-08-13T11:00:00Z,146,226,8.135,48.9,284,1592,52,23,21,1193.2600000000002
2022-08-13T12:00:00Z,142.5,226,7.82,48.9,284,1597,51,23,19,1182.2600000000002
2022-08-13T13:00:00Z,140,226,7.82,48.9,284,1597,51,22,18,1182.2600000000002
2022-08-13T14:00:00Z,136.75,226,7.82,48.9,284,1600,51,22,18,1182.2600000000002
2022-08-13T15:00:00Z,133,226,7.82,48.9,284,1600,50,22,18,1177.2600000000002
2022-08-13T16:00:00Z,130.5,225.25,7.82,48.9,284,1595,50,21,18,1177.2600000000002
2022-08-13T17:00:00Z,126,226,7.41,48.9,284,1590,49,21,18,1165.2600000000002
2022-08-13T18:00:00Z,123.5,228.25,7.41,48.9,284,1585,49,21,20,1171.2600000000002
2022-08-13T19:00:00Z,121,226,7.41,48.9,284,1576,49,20,21,1160.2600000000002
2022-08-13T20:00:00Z,118.5,226,7.11,48.9,284,1566,49,20,21,1143.2600000000002
2022-08-13T21:00:00Z,116.5,226,7.01,48.9,284,1557,49,20,23,1133.2600000000002
2022-08-13T22:00:00Z,114,224.25,7.01,48.9,284,1545,49,20,23,1123.2600000000002
2022-08-13T23:00:00Z,112.5,223,7.01,48.9,284,1528,49,19,22,1107.2600000000002
2022-08-14T00:00:00Z,110.5,226,6.915,48.9,284,1509,49,19,22,1091.2600000000002
2022-08-14T01:00:00Z,109,225,6.63,48.9,284,1490,48,19,21,1069.2600000000002
2022-08-14T02:00:00Z,107,226,6.63,48.9,284,1468,47,19,21,1064.2600000000002
2022-08-14T03:00:00Z,105,225,6.63,48.9,284,1447,47,19,21,1055.2600000000002
2022-08-14T04:00:00Z,105,226,6.63,48.9,284,1425,47,18,21,1044.2600000000002
2022-08-14T05:00:00Z,103.5,225,6.63,48.9,284,1404,45,18,20,1033.2600000000002
2022-08-14T06:00:00Z,103,226,6.63,48.9,284,1387,45,18,19,1022.2600000000001
2022-08-14T07:00:00Z,101,225,6.27,48.9,284,1371,45,18,19,1006.2600000000001
2022-08-14T08:00:00Z,101,224,6.27,48.9,284,1361,44,18,20,1001.2600000000001
2022-08-14T09:00:00Z,98.8,225,6.27,48.9,284,1350,44,17,20,991.2600000000001
2022-08-14T10:00:00Z,98.8,226,6.27,48.9,284,1343,44,17,20,991.2600000000001
2022-08-14T11:00:00Z,97,223,6.27,48.9,284,1336,44,17,19,987.2600000000001
2022-08-14T12:00:00Z,97,225,6.27,48.9,284,1333,44,17,18,972.2600000000001
2022-08-14T13:00:00Z,96.05,226,6.36,48.9,284,1326,43,16,17,972.2600000000001
2022-08-14T14:00:00Z,95.1,223,6.63,48.9,284,1321,43,16,16,972.2600000000001
2022-08-14T15:00:00Z,94.2,226,6.63,48.9,284,1317,43,16,16,956.2600000000001
2022-08-14T16:00:00Z,93.3,226,6.27,48.9,284,1309,43,16,16,950.2600000000001
2022-08-14T17:00:00Z,92.85,225.75,6.27,48.9,286.5,1305,43,16,16,940.2600000000001
2022-08-14T18:00:00Z,91.5,227.5,6.63,48.9,294.75,1295,43,16,17,931.2600000000001
2022-08-14T19:00:00Z,91.05,226,6.63,48.9,293.25,1293,44,15,17,920.2600000000001
2022-08-14T20:00:00Z,89.7,226,6.915,48.9,287.25,1286,44,15,21,904.2600000000001
2022-08-14T21:00:00Z,89.7,226,7.21,48.9,284.75,1275,44,15,22,890.2600000000001
2022-08-14T22:00:00Z,89.7,225,7.41,48.9,284,1265,44,15,21,890.2600000000001
2022-08-14T23:00:00Z,87.9,225,7.7175,48.9,284,1255,44,15,21,875.2600000000001
2022-08-15T00:00:00Z,87.9,225,7.82,48.9,284,1251,44,15,21,871.2600000000001
2022-08-15T01:00:00Z,87.9,226,8.03,48.9,284.75,1236,44,15,21,856.2600000000001
2022-08-15T02:00:00Z,86.125,225,8.24,48.9,284,1227,44,15,21,851.2600000000001
2022-08-15T03:00:00Z,86.2,226,8.46,48.9,284,1223,44,15,21,837.2600000000001
2022-08-15T04:00:00Z,86.2,225,8.68,48.9,284,1218,44,15,21,832.2600000000001
2022-08-15T05:00:00Z,85.75,226,8.68,48.9,284,1218,44,15,21,827.2600000000001
2022-08-15T06:00:00Z,84.4,224,8.68,48.9,285.5,1206,44,15,21,810.2600000000001
2022-08-15T07:00:00Z,84.4,225,8.68,48.9,284,1196,45,15,21,805.2600000000001
2022-08-15T08:00:00Z,83.975,225,9.985,48.9,284.75,1185,45,15,21,801.2600000000001
2022-08-15T09:00:00Z,82.7,226,10.6,48.9,284,1177,45,15,21,791.2600000000001
2022-08-15T10:00:00Z,82.7,225,10.6,48.9,284,1169,46,15,21,772.2600000000001
2022-08-15T11:00:00Z,82.7,226,10.6,48.9,284,1159,47,15,20,767.2600000000001
2022-08-15T12:00:00Z,82.7,225,10.6,48.9,284,1150,47,15,19,748.2600000000001
2022-08-15T13:00:00Z,82.7,226,10.6,48.9,284.75,1138,47,15,18,739.2600000000001
2022-08-15T14:00:00Z,82.7,226,10.6,48.9,284.75,1128,46,15,18,729.2600000000001
2022-08-15T15:00:00Z,82.7,226,10.6,48.9,284,1123,46,15,19,719.2600000000001
2022-08-15T16:00:00Z,82.7,225,10.6,48.9,285.5,1112,47,15,20,715.2600000000001
2022-08-15T17:00:00Z,82.7,224.75,10.6,48.9,284,1103,48,15,21,715.2600000000001
2022-08-15T18:00:00Z,81.85,227.5,10.35,48.9,284,1093,50,15,21,715.2600000000001
2022-08-15T19:00:00Z,81,226,10.1,48.9,284,1089,51,15,22,711.2600000000001
2022-08-15T20:00:00Z,81,226,10.1,48.9,284.75,1084,51,15,22,715.2600000000001
2022-08-15T21:00:00Z,81,223,9.98,48.9,284.75,1084,51,15,22,703.2600000000001
2022-08-15T22:00:00Z,81.05,225,9.62,48.9,284,1070,49,15,23,699.2600000000001
2022-08-15T23:00:00Z,81.1,225,9.62,48.9,284.75,1063,48,15,23,699.2600000000001
2022-08-16T00:00:00Z,81.1,222,9.5,48.9,284,1051,47,15,22,694.2600000000001
2022-08-16T01:00:00Z,81.1,224,9.14,48.9,284.75,1035,47,15,21,684.2600000000001
2022-08-16T02:00:00Z,81.1,226,9.14,48.9,284,1022,46,15,21,694.2600000000001
2022-08-16T03:00:00Z,81.1,226,9.14,48.9,284,1000,46,15,21,684.2600000000001
2022-08-16T04:00:00Z,81.1,222,9.14,48.9,284,975,46,15,21,675.2600000000001
2022-08-16T05:00:00Z,81.1,223,9.14,48.9,284,955,46,15,22,665.2600000000001
2022-08-16T06:00:00Z,81.1,224,8.68,48.9,284,940,46,15,22,656.2600000000001
2022-08-16T07:00:00Z,81.1,225,8.68,48.9,287,940,46,15,21,642.2600000000001
2022-08-16T08:00:00Z,81.1,225,8.68,48.9,284.75,951,46,15,21,637.2600000000001
2022-08-16T09:00:00Z,81.1,225,8.68,48.9,287,961,46,15,20,622.2600000000001
2022-08-16T10:00:00Z,81.1,224,8.57,48.9,287,967,46,15,19,607.2600000000001
2022-08-16T11:00:00Z,81.1,223,8.35,48.9,285.5,975,46,15,20,607.2600000000001
2022-08-16T12:00:00Z,81.1,224,8.68,48.9,284,982,47,15,19,602.2600000000001
2022-08-16T13:00:00Z,82.8,224,8.68,48.9,284,989,47,15,18,592.2600000000001
2022-08-16T14:00:00Z,82.8,228.25,8.68,48.9,284.75,989,48,15,17,587.2600000000001
2022-08-16T15:00:00Z,82.8,226,8.57,48.9,284,991,48,16,16,580.2600000000001
2022-08-16T16:00:00Z,82.8,226,8.35,48.9,285.5,994,49,16,17,571.2600000000001
2022-08-16T17:00:00Z,82.8,226.75,8.24,48.9,287,995,50,16,19,562.2600000000001
2022-08-16T18:00:00Z,83.65,227.5,8.24,48.9,287,991,52,16,21,553.2600000000001
2022-08-16T19:00:00Z,85.35,226,8.24,48.9,284.75,994,54,17,22,545.2600000000001
2022-08-16T20:00:00Z,86.65,223,8.24,48.9,284,991,57,17,22,545.2600000000001
2022-08-16T21:00:00Z,88,225,7.82,48.9,284,989,63,17,22,545.2600000000001
2022-08-16T22:00:00Z,89.8,226,7.82,48.9,284.75,989,70,17,22,522.2600000000001
2022-08-16T23:00:00Z,89.8,226,7.82,48.9,284,982,75,17,21,522.2600000000001
2022-08-17T00:00:00Z,91.6,226,7.82,48.9,284,979,78,17,21,510.2600000000001
2022-08-17T01:00:00Z,91.6,226,7.82,48.9,284,979,80,18,21,502.2600000000001
2022-08-17T02:00:00Z,91.6,226,7.7175,48.9,284,977,81,18,20,502.2600000000001
2022-08-17T03:00:00Z,91.6,226,7.41,48.9,284.75,970,81,18,19,483.2600000000001
2022-08-17T04:00:00Z,91.6,226,7.41,48.9,284,970,81,17,20,479.2600000000001
2022-08-17T05:00:00Z,91.6,225,7.41,48.9,284,970,81,17,20,471.2600000000001
2022-08-17T06:00:00Z,91.6,226,7.41,48.9,284,965,80,17,20,463.2600000000001
2022-08-17T07:00:00Z,91.6,225,7.41,48.9,284,964,78,17,19,455.2600000000001
2022-08-17T08:00:00Z,91.15,225,7.41,48.9,284,964,77,17,19,447.2600000000001
2022-08-17T09:00:00Z,89.8,225,7.41,48.9,284,961,75,17,19,435.2600000000001
2022-08-17T10:00:00Z,89.8,226,7.11,48.9,284,959,74,17,19,435.2600000000001
2022-08-17T11:00:00Z,89.8,224,7.01,48.9,284,954,73,17,19,435.2600000000001
2022-08-17T12:00:00Z,88.45,226,7.01,48.9,284,954,72,17,17,425.2600000000001
2022-08-17T13:00:00Z,88,226,7.01,48.9,284,954,71,16,16,421.2600000000001
2022-08-17T14:00:00Z,87.15,226,7.01,48.9,284,954,71,16,15,430.2600000000001
2022-08-17T15:00:00Z,86.3,225,7.01,48.9,284,954,71,16,15,416.2600000000001
2022-08-17T16:00:00Z,85.4,224,7.01,48.9,284,954,72,16,17,416.2600000000001
2022-08-17T17:00:00Z,84.5,225.75,6.915,48.9,284,956,73,16,19,412.2600000000001
2022-08-17T18:00:00Z,83.225,227.5,6.63,48.9,284,954,75,16,20,404.2600000000001
2022-08-17T19:00:00Z,82.8,226,6.63,48.9,284,954,77,16,22,400.2600000000001
2022-08-17T20:00:00Z,81.525,225,6.63,48.9,284,979,80,16,21,408.2600000000001
2022-08-17T21:00:00Z,81.1,224,6.725,48.9,284,995,82,16,19,412.2600000000001
2022-08-17T22:00:00Z,79.5,225,8.6175,48.9,284,972,89,16,17,412.2600000000001
2022-08-17T23:00:00Z,79.5,226,9.86,48.9,284,964,96,16,17,421.2600000000001
2022-08-18T00:00:00Z,78.225,225,9.145,48.9,284,956,127,16,16,421.2600000000001
2022-08-18T01:00:00Z,77.8,226,8.35,48.9,284,954,166,16,17,425.2600000000001
2022-08-18T02:00:00Z,76.2,225,7.82,48.9,284,954,183,16,17,430.2600000000001
2022-08-18T03:00:00Z,76.2,224,7.5125,48.9,284,952,190,16,18,435.2600000000001
2022-08-18T04:00:00Z,75.8,224,7.5125,48.9,284,948,181,15,19,435.2600000000001
2022-08-18T05:00:00Z,74.6,226,7.7175,48.9,284,948,163,15,19,421.2600000000001
2022-08-18T06:00:00Z,74.6,226,7.41,48.9,284,940,147,15,19,430.2600000000001
2022-08-18T07:00:00Z,74.6,225,7.41,48.9,284,935,136,15,19,421.2600000000001
2022-08-18T08:00:00Z,74.6,225,7.01,48.9,284,927,126,15,18,416.2600000000001
2022-08-18T09:00:00Z,74.6,226,7.01,48.9,284,919,117,15,17,416.2600000000001
2022-08-18T10:00:00Z,73,226,6.82,48.9,284,911,109,15,18,416.2600000000001
2022-08-18T11:00:00Z,74.2,226,6.63,48.9,284,903,102,15,17,416.2600000000001
2022-08-18T12:00:00Z,77.425,225,6.63,48.9,284,900,97,15,17,430.2600000000001
2022-08-18T13:00:00Z,81.2,225,6.63,48.9,284,900,93,15,16,430.2600000000001
2022-08-18T14:00:00Z,83.75,226,6.27,48.9,284,902,89,15,16,430.2600000000001
2022-08-18T15:00:00Z,86.3,223,6.27,48.9,283.25,913,87,15,16,433.2600000000001
2022-08-18T16:00:00Z,86.3,225,6.27,48.9,284,925,85,15,16,432.2600000000001
2022-08-18T17:00:00Z,87.65,225.75,6.27,48.9,284,932,83,15,16,432.2600000000001
2022-08-18T18:00:00Z,88.1,227.5,6.27,48.9,284,938,82,15,18,432.2600000000001
2022-08-18T19:00:00Z,87.65,226,6.27,48.9,283.25,937,79,15,19,436.2600000000001
2022-08-18T20:00:00Z,86.3,225,6.27,48.9,283.25,938,77,15,19,436.2600000000001
2022-08-18T21:00:00Z,86.3,224,6.1825,48.9,282.5,938,76,15,19,446.2600000000001
2022-08-18T22:00:00Z,86.3,224,5.92,48.9,284,938,75,15,19,451.2600000000001
2022-08-18T23:00:00Z,84.6,222,5.92,48.9,284,940,73,15,19,446.2600000000001
2022-08-19T00:00:00Z,84.6,223,5.92,48.9,284,948,72,15,19,432.2600000000001
2022-08-19T01:00:00Z,82.9,226,5.92,48.9,284,951,71,15,19,432.2600000000001
2022-08-19T02:00:00Z,82.9,226,5.92,48.9,284,959,69,15,18,432.2600000000001
2022-08-19T03:00:00Z,82.9,226,5.92,48.9,284,964,68,15,19,441.2600000000001
2022-08-19T04:00:00Z,81.2,226,5.755,48.9,284,970,67,14,19,441.2600000000001
2022-08-19T05:00:00Z,81.2,226,5.59,48.9,283.25,972,66,14,19,436.2600000000001
2022-08-19T06:00:00Z,79.925,226,5.59,48.9,284,972,66,14,20,436.2600000000001
2022-08-19T07:00:00Z,79.5,226,5.59,48.9,284,970,65,14,19,432.2600000000001
2022-08-19T08:00:00Z,79.1,226,5.59,48.9,283.25,970,64,14,19,420.2600000000001
2022-08-19T09:00:00Z,77.9,226,5.59,48.9,283.25,970,63,14,20,416.2600000000001
2022-08-19T10:00:00Z,77.5,225,5.59,48.9,284,967,61,13,18,416.2600000000001
2022-08-19T11:00:00Z,76.3,226,5.59,48.9,284,964,61,13,17,416.2600000000001
2022-08-19T12:00:00Z,76.3,226,5.59,48.9,284,961,60,13,16,416.2600000000001
2022-08-19T13:00:00Z,75.875,226,5.3425,48.9,283.25,954,60,13,15,416.2600000000001
2022-08-19T14:00:00Z,74.6,225,5.26,48.9,283.25,954,60,13,14,408.2600000000001
2022-08-19T15:00:00Z,74.675,224,5.26,48.9,284,948,60,13,14,404.2600000000001
2022-08-19T16:00:00Z,73.9,224,5.26,48.9,284,948,59,13,15,416.2600000000001
2022-08-19T17:00:00Z,73.1,225.75,5.26,48.9,284,948,59,13,16,424.2600000000001
2022-08-19T18:00:00Z,73.1,226.75,5.26,48.9,284,943,59,13,17,428.2600000000001
2022-08-19T19:00:00Z,71.9,226,5.26,48.9,284,938,59,13,19,424.2600000000001
2022-08-19T20:00:00Z,71.5,226,5.26,48.9,282,938,58,12,19,424.2600000000001
2022-08-19T21:00:00Z,70.75,223,5.035,48.9,283,932,58,12,19,420.2600000000001
2022-08-19T22:00:00Z,70,224,4.96,48.9,283,932,58,12,20,416.2600000000001
2022-08-19T23:00:00Z,70,225,4.96,48.9,284,932,57,12,21,416.2600000000001
2022-08-20T00:00:00Z,70,225,4.96,48.9,282,932,57,12,21,416.2600000000001
2022-08-20T01:00:00Z,69.2,226,4.96,48.9,281,922,56,12,21,416.2600000000001
2022-08-20T02:00:00Z,68.4,224,4.96,48.9,282,922,56,12,21,420.2600000000001
2022-08-20T03:00:00Z,68.4,225,4.96,48.9,283,919,55,12,24,424.2600000000001
2022-08-20T04:00:00Z,68.4,226,4.96,48.9,282,916,55,12,27,424.2600000000001
2022-08-20T05:00:00Z,68.4,226,4.96,48.9,281,909,54,12,29,428.2600000000001
2022-08-20T06:00:00Z,67.275,226,4.96,48.9,282,902,53,12,28,420.2600000000001
2022-08-20T07:00:00Z,66.9,224,4.96,48.9,283,893,53,12,26,420.2600000000001
2022-08-20T08:00:00Z,66.9,226,4.96,48.9,282,887,53,12,24,416.2600000000001
2022-08-20T09:00:00Z,66.9,224,4.96,48.9,282,884,52,12,22,416.2600000000001
2022-08-20T10:00:00Z,66.9,226,4.96,48.925,282,878,52,12,20,400.2600000000001
2022-08-20T11:00:00Z,66.9,225,4.96,49,282,878,52,12,20,400.2600000000001
2022-08-20T12:00:00Z,66.9,225,4.96,49,283,878,52,12,20,392.2600000000001
2022-08-20T13:00:00Z,66.525,224,4.66,49,283,873,52,12,18,384.2600000000001
2022-08-20T14:00:00Z,65.425,224,4.66,49,281,875,52,12,17,384.2600000000001
2022-08-20T15:00:00Z,65.5,224,4.66,49,284,878,52,11,16,376.2600000000001
2022-08-20T16:00:00Z,65.5,225,4.66,49,283,878,52,11,17,380.2600000000001
2022-08-20T17:00:00Z,65.5,224.75,4.66,49,281,878,52,11,17,384.2600000000001
2022-08-20T18:00:00Z,67.725,226.75,4.66,49,282,882,52,11,18,384.2600000000001
2022-08-20T19:00:00Z,73.9,225,4.66,49,283,884,53,11,19,384.2600000000001
2022-08-20T20:00:00Z,80.025,224,4.59,49,282,884,53,11,20,384.2600000000001
2022-08-20T21:00:00Z,83.85,222,4.38,49,282,890,54,11,21,384.2600000000001
2022-08-20T22:00:00Z,85.975,224,4.38,49,283,890,55,11,20,380.2600000000001
2022-08-20T23:00:00Z,87.3,222,4.38,49,281,890,54,11,21,388.2600000000001
2022-08-21T00:00:00Z,88.2,222,4.38,49,280,890,53,11,20,372.2600000000001
2022-08-21T01:00:00Z,88.2,226,4.38,49,282,893,53,11,21,368.2600000000001
2022-08-21T02:00:00Z,88.2,225,4.38,49,282,900,52,11,20,368.2600000000001
2022-08-21T03:00:00Z,88.2,224,4.38,49,282,900,52,11,18,360.2600000000001
2022-08-21T04:00:00Z,86.85,225,4.38,49,281,900,52,11,18,352.2600000000001
2022-08-21T05:00:00Z,86.4,225,4.38,49,281,900,51,11,19,356.2600000000001
2022-08-21T06:00:00Z,86.4,223,4.38,49,282,900,51,11,20,352.2600000000001
2022-08-21T07:00:00Z,85.55,225,4.38,49,281,900,50,11,19,340.2600000000001
2022-08-21T08:00:00Z,84.7,225,4.38,49,283,900,49,11,18,332.2600000000001
2022-08-21T09:00:00Z,83.425,223,4.38,49,284,900,49,11,18,320.2600000000001
2022-08-21T10:00:00Z,83,222,4.38,49,284,895,48,11,18,320.2600000000001
2022-08-21T11:00:00Z,82.575,224,4.38,49,283,890,48,11,18,316.2600000000001
2022-08-21T12:00:00Z,81.3,225,4.38,49,282,887,48,11,17,308.2600000000001
2022-08-21T13:00:00Z,81.3,223,4.38,49,283,882,48,11,16,312.2600000000001
2022-08-21T14:00:00Z,79.6,224,4.38,49,283,878,48,11,15,312.2600000000001
2022-08-21T15:00:00Z,79.6,223,4.38,49,284,871,47,11,14,308.2600000000001
2022-08-21T16:00:00Z,79.6,223,4.38,49,283,865,47,11,14,304.2600000000001
2022-08-21T17:00:00Z,78,224.75,4.38,49,281,857,47,11,14,308.2600000000001
2022-08-21T18:00:00Z,78,226,4.38,49,284,849,51,11,16,304.2600000000001
2022-08-21T19:00:00Z,77.2,225,4.38,49,282,846,59,11,17,308.2600000000001
2022-08-21T20:00:00Z,76.4,223,4.38,49,283,846,79,11,21,316.2600000000001
2022-08-21T21:00:00Z,76.4,222,4.38,49,281,839,119,11,22,320.2600000000001
2022-08-21T22:00:00Z,75.15,222,4.38,49,280,836,126,11,22,320.2600000000001
2022-08-21T23:00:00Z,74.8,222,4.38,49,282,836,112,11,23,388.2600000000001
2022-08-22T00:00:00Z,74.8,222,4.38,49,281,836,98,11,23,404.2600000000001
2022-08-22T01:00:00Z,73.2,224,4.38,49,281,836,88,11,23,400.2600000000001
2022-08-22T02:00:00Z,73.2,222,4.38,49,280,836,80,11,22,392.2600000000001
2022-08-22T03:00:00Z,73.2,222,4.38,49,281,841,75,11,22,380.2600000000001
2022-08-22T04:00:00Z,73.2,224.75,4.45,49,282.75,846,72,11,21,376.2600000000001
2022-08-22T05:00:00Z,73.2,226.75,4.885,49,288.5,846,71,11,21,384.2600000000001
2022-08-22T06:00:00Z,73.2,222,5.035,49,287,846,69,11,21,372.2600000000001
2022-08-22T07:00:00Z,73.2,224,5.26,49,287.75,843,67,11,21,368.2600000000001
2022-08-22T08:00:00Z,73.2,224,5.425,49,284.75,836,64,11,20,360.2600000000001
2022-08-22T09:00:00Z,73.2,224,5.59,49,283,836,62,11,19,352.2600000000001
2022-08-22T10:00:00Z,73.2,223,5.59,49,284,832,60,11,20,336.2600000000001
2022-08-22T11:00:00Z,73.2,223,5.59,49,283,830,58,11,18,336.2600000000001
2022-08-22T12:00:00Z,73.2,224,5.59,48.25,283,827,56,11,18,336.2600000000001
2022-08-22T13:00:00Z,74,223,5.59,42.225,283,824,55,11,18,332.2600000000001
2022-08-22T14:00:00Z,74.8,224,5.59,41.525,282,824,54,11,18,332.2600000000001
2022-08-22T15:00:00Z,74.8,222,5.59,41,286.25,814,54,10,19,336.2600000000001
2022-08-22T16:00:00Z,76,222,5.8375,41,282,814,54,10,21,336.2600000000001
2022-08-22T17:00:00Z,76.4,223.75,5.92,41,276.25,814,54,10,23,324.2600000000001
2022-08-22T18:00:00Z,77.6,226,5.92,41,274.75,814,53,11,23,328.2600000000001
2022-08-22T19:00:00Z,78.85,225,6.0075,41,274,814,52,11,23,336.2600000000001
2022-08-22T20:00:00Z,100.8,224,6.1825,41,274,814,52,11,24,336.2600000000001
2022-08-22T21:00:00Z,169,229.75,6.27,41,275.5,814,52,11,24,336.2600000000001
2022-08-22T22:00:00Z,165.75,226.75,13.6575,41,277,814,52,11,23,336.2600000000001
2022-08-22T23:00:00Z,159.25,223,54.575,41,281,814,52,11,24,344.2600000000001
2022-08-23T00:00:00Z,153.75,223.5,117.5,40.85,280.25,814,51,11,24,364.2600000000001
2022-08-23T01:00:00Z,150,223.5,102.3,40.4,274.75,814,51,11,24,360.2600000000001
2022-08-23T02:00:00Z,147.5,223.5,89.275,40.4,274,814,50,11,23,384.2600000000001
2022-08-23T03:00:00Z,144.5,224.25,76.65,40.4,274,819,50,11,22,449.2600000000001
2022-08-23T04:00:00Z,141.25,222.75,66.675,40.4,274,821,50,11,21,499.2600000000001
2022-08-23T05:00:00Z,137,222.75,59.05,40.4,274,827,51,11,21,498.2600000000001
2022-08-23T06:00:00Z,132.25,223.5,53.675,40.4,274,839,52,11,23,483.2600000000001
2022-08-23T07:00:00Z,129,222.75,48.7,40.4,274,853,52,11,25,471.2600000000001
2022-08-23T08:00:00Z,125,222,44.875,40.4,274,876,52,11,25,452.2600000000001
2022-08-23T09:00:00Z,120.5,222,42.125,40.4,274,911,52,11,24,436.2600000000001
2022-08-23T10:00:00Z,117,223.5,39.125,40.4,274,959,51,11,22,428.2600000000001
2022-08-23T11:00:00Z,113.5,224.25,37.1,40.4,274,1020,50,11,20,412.2600000000001
2022-08-23T12:00:00Z,110.5,224.25,35.35,40.4,274,1080,49,11,19,392.2600000000001
2022-08-23T13:00:00Z,107.5,225.25,33.55,40.4,274,1129,49,11,19,372.2600000000001
2022-08-23T14:00:00Z,105,229,32.25,40.4,274,1169,48,11,18,348.2600000000001
2022-08-23T15:00:00Z,103.5,223.5,30.75,40.4,274,1194,48,11,18,340.2600000000001
2022-08-23T16:00:00Z,101.5,222,29.5,40.4,275.5,1204,49,11,18,324.2600000000001
2022-08-23T17:00:00Z,99.725,223.75,28.25,40.4,277,1206,49,11,21,308.2600000000001
2022-08-23T18:00:00Z,97.4,225,26.875,40.4,274,1196,49,11,22,320.2600000000001
2022-08-23T19:00:00Z,96.05,223.5,25.75,40.4,271,1177,49,11,20,308.2600000000001
2022-08-23T20:00:00Z,94.65,222,25.075,40.4,270,1167,49,11,21,316.2600000000001
2022-08-23T21:00:00Z,93.25,222,24.2,40.4,270,1150,49,11,22,312.2600000000001
2022-08-23T22:00:00Z,91.9,222,23.4,40.4,271,1130,49,11,21,312.2600000000001
2022-08-23T23:00:00Z,90.1,222,22.6,40.4,270,1115,48,12,20,304.2600000000001
2022-08-24T00:00:00Z,90.1,222,22,40.4,271,1096,47,12,20,304.2600000000001
2022-08-24T01:00:00Z,88.75,222,21.4,40.4,270,1084,47,12,19,304.2600000000001
2022-08-24T02:00:00Z,88.3,222,21.2,40.4,270,1065,47,12,19,300.2600000000001
2022-08-24T03:00:00Z,87.45,222,20.4,40.4,270,1049,47,12,19,304.2600000000001
2022-08-24T04:00:00Z,86.6,222,19.875,40.4,270,1031,47,12,19,300.2600000000001
2022-08-24T05:00:00Z,86.6,222,19.5,40.4,270,1019,49,12,20,304.2600000000001
2022-08-24T06:00:00Z,85.25,222,18.9,40.4,271,1002,49,12,20,304.2600000000001
2022-08-24T07:00:00Z,84.8,222,18.1,40.4,270,987,49,12,20,304.2600000000001
2022-08-24T08:00:00Z,83.1,222,17.575,40.4,270,972,48,12,19,304.2600000000001
2022-08-24T09:00:00Z,83.1,222,17.4,40.4,270,964,48,12,19,308.2600000000001
2022-08-24T10:00:00Z,82.25,222,16.7,40.4,270,954,47,12,18,320.2600000000001
2022-08-24T11:00:00Z,81.4,222,16.525,40.4,270,949,46,12,18,348.2600000000001
2022-08-24T12:00:00Z,80.2,222,16,40.4,270,948,46,12,16,372.2600000000001
2022-08-24T13:00:00Z,79.8,222,15.65,40.4,270,940,45,12,15,388.2600000000001
2022-08-24T14:00:00Z,78.95,222,15.3,40.4,270,940,45,13,14,412.2600000000001
2022-08-24T15:00:00Z,78.1,222,15.15,40.4,270,938,45,13,14,436.2600000000001
2022-08-24T16:00:00Z,77.3,222,14.7,40.4,270,943,46,13,14,456.2600000000001
2022-08-24T17:00:00Z,76.5,222,14.7,40.4,270,948,46,13,16,473.2600000000001
2022-08-24T18:00:00Z,76.1,222,14.35,40.4,270,948,48,13,16,490.2600000000001
2022-08-24T19:00:00Z,74.9,222,14,40.4,270,940,49,13,18,498.2600000000001
2022-08-24T20:00:00Z,74.9,222,14,40.4,270,938,49,13,19,498.2600000000001
2022-08-24T21:00:00Z,73.3,222,13.55,40.1,270,938,50,13,18,498.2600000000001
2022-08-24T22:00:00Z,73.3,222,13.4,39.8,270,932,51,13,18,502.2600000000001
2022-08-24T23:00:00Z,73.3,222,13.4,39.8,270,932,52,13,18,498.2600000000001
2022-08-25T00:00:00Z,71.7,222,12.95,39.8,270,932,52,12,18,483.2600000000001
2022-08-25T01:00:00Z,71.7,222,12.8,39.8,270,927,52,12,18,483.2600000000001
2022-08-25T02:00:00Z,71.7,222,12.8,39.8,270,925,51,12,17,468.2600000000001
2022-08-25T03:00:00Z,71.7,222,12.8,39.8,270,922,50,12,17,463.2600000000001
2022-08-25T04:00:00Z,71.7,222,12.65,39.8,270,927,50,12,18,456.2600000000001
2022-08-25T05:00:00Z,71.7,222,12.2,39.8,270,932,50,12,18,444.2600000000001
2022-08-25T06:00:00Z,71.7,222,12.2,39.8,270,938,50,12,19,420.2600000000001
2022-08-25T07:00:00Z,71.7,222,12.2,39.8,270,943,50,12,19,412.2600000000001
2022-08-25T08:00:00Z,71.7,222,12.2,39.8,270,948,49,12,19,396.2600000000001
2022-08-25T09:00:00Z,71.7,222,12.2,39.8,270,954,49,11,18,384.2600000000001
2022-08-25T10:00:00Z,71.7,222,12.2,39.8,270,954,48,11,17,365.2600000000001
2022-08-25T11:00:00Z,71.7,222,11.825,39.8,270,954,48,11,16,365.2600000000001
2022-08-25T12:00:00Z,71.7,222,11.7,41.825,270,954,47,11,15,357.2600000000001
2022-08-25T13:00:00Z,71.7,222,11.7,44.6,270,954,47,11,14,349.2600000000001
2022-08-25T14:00:00Z,71.7,222,11.4,44.6,270,954,48,11,13,349.2600000000001
2022-08-25T15:00:00Z,71.7,222,11.1,44.6,270,954,49,11,13,349.2600000000001
2022-08-25T16:00:00Z,71.7,222,11.1,44.6,270,959,48,11,13,357.2600000000001
2022-08-25T17:00:00Z,71.7,222,10.725,44.6,270,967,47,11,15,361.2600000000001
2022-08-25T18:00:00Z,70.575,222,10.6,44.6,270,979,47,11,17,361.2600000000001
2022-08-25T19:00:00Z,70.2,222,10.6,44.6,270,996,46,11,17,361.2600000000001
2022-08-25T20:00:00Z,70.2,222,10.475,44.6,270,1017,46,11,17,365.2600000000001
2022-08-25T21:00:00Z,70.2,222,10.1,44.6,270,1029,45,10,17,377.2600000000001
2022-08-25T22:00:00Z,70.2,222,10.1,44.6,270,1030,46,10,18,386.2600000000001
2022-08-25T23:00:00Z,70.2,222,10.1,44.6,270,1022,46,10,18,381.2600000000001
2022-08-26T00:00:00Z,70.2,222,10.1,44.6,270,1007,46,10,17,381.2600000000001
2022-08-26T01:00:00Z,70.2,222,10.1,44.6,270,992,46,10,16,365.2600000000001
2022-08-26T02:00:00Z,70.2,222,10.1,44.6,270,982,46,10,17,357.2600000000001
2022-08-26T03:00:00Z,70.2,222,10.1,44.6,270,977,45,10,17,349.2600000000001
2022-08-26T04:00:00Z,69.825,222,10.1,44.6,270,970,46,10,17,349.2600000000001
2022-08-26T05:00:00Z,68.7,222,10.1,44.6,270,970,46,10,17,349.2600000000001
2022-08-26T06:00:00Z,68.7,222,10.1,44.6,270,970,47,10,18,341.2600000000001
2022-08-26T07:00:00Z,68.7,222,10.1,44.6,270,970,46,10,18,337.2600000000001
2022-08-26T08:00:00Z,68.7,222,10.1,44.6,270,970,46,10,17,333.2600000000001
2022-08-26T09:00:00Z,68.7,222,10.1,44.6,270,970,46,10,16,329.2600000000001
2022-08-26T10:00:00Z,69.075,222,10.1,44.6,270,957,47,10,16,333.2600000000001
2022-08-26T11:00:00Z,70.2,222,10.1,44.6,270,937,48,10,16,333.2600000000001
2022-08-26T12:00:00Z,70.2,222,10.1,44.6,270,919,49,10,15,345.2600000000001
2022-08-26T13:00:00Z,70.2,222,10.1,44.6,270,906,48,10,14,349.2600000000001
2022-08-26T14:00:00Z,70.2,222,10.1,44.6,270,900,47,10,13,345.2600000000001
2022-08-26T15:00:00Z,70.2,222,10.1,44.6,270,900,47,10,13,353.2600000000001
2022-08-26T16:00:00Z,70.2,222,10.1,44.6,270,900,47,10,13,365.2600000000001
2022-08-26T17:00:00Z,70.2,222,10.1,44.6,270,900,47,10,14,365.2600000000001
2022-08-26T18:00:00Z,70.2,222,10.1,44.6,270,898,47,10,15,385.2600000000001
2022-08-26T19:00:00Z,70.2,222,10.1,44.6,270,890,46,10,16,385.2600000000001
2022-08-26T20:00:00Z,70.2,222,10.1,44.6,270,886,46,10,18,385.2600000000001
2022-08-26T21:00:00Z,70.2,222,10.1,44.6,270,879,45,10,17,381.2600000000001
2022-08-26T22:00:00Z,70.225,222,10.1,44.425,270,869,44,10,17,393.2600000000001
2022-08-26T23:00:00Z,70.3,222,10.1,44.6,270,862,44,10,18,373.2600000000001
2022-08-27T00:00:00Z,70.3,222,10.1,44.6,270,855,44,10,17,385.2600000000001
2022-08-27T01:00:00Z,70.3,222,10.1,44.6,270,851,44,10,17,381.2600000000001
2022-08-27T02:00:00Z,70.3,222,10.1,44.6,270,846,44,10,17,381.2600000000001
2022-08-27T03:00:00Z,70.3,222,10.1,44.6,270,846,44,10,17,381.2600000000001
2022-08-27T04:00:00Z,61.6,205,10.1,44.6,270,846,44,10,16,369.2600000000001
2022-08-27T05:00:00Z,61.6,205,10.1,44.6,270,846,44,10,17,365.2600000000001
2022-08-27T06:00:00Z,61.6,205,10.1,44.6,270,846,44,10,18,361.2600000000001
2022-08-27T07:00:00Z,61.6,205,10.1,44.6,270,852,44,10,17,349.2600000000001
2022-08-27T08:00:00Z,61.6,205,10.1,44.6,270,852,43,10,18,333.2600000000001
2022-08-27T09:00:00Z,61.6,205,10.1,44.6,270,855,43,10,17,325.2600000000001
2022-08-27T10:00:00Z,61.6,205,10.1,44.6,270,857,43,10,16,317.2600000000001
2022-08-27T11:00:00Z,60.9,205,10.1,44.6,270,852,43,10,15,317.2600000000001
2022-08-27T12:00:00Z,67.3,205,10.1,44.6,270,847,42,9,14,313.2600000000001
2022-08-27T13:00:00Z,67.3,205,10.1,44.6,270,841,42,9,14,309.2600000000001
2022-08-27T14:00:00Z,67.3,205,10.1,44.6,270,833,42,9,13,301.2600000000001
2022-08-27T15:00:00Z,67.3,205,10.1,44.6,270,825,42,9,13,301.2600000000001
2022-08-27T16:00:00Z,61.6,205,10.1,44.6,270,811,42,9,12,292.2600000000001
2022-08-27T17:00:00Z,61.6,205,10.1,44.6,270,797,42,9,13,298.2600000000001
2022-08-27T18:00:00Z,61.6,205,10.1,44.6,270,786,42,9,14,295.2600000000001
2022-08-27T19:00:00Z,61.6,205,10.1,44.6,270,770,42,9,15,301.2600000000001
2022-08-27T20:00:00Z,61.6,205,10.1,44.6,270,756,41,9,18,301.2600000000001
2022-08-27T21:00:00Z,61.6,205,10.1,44.6,270,740,41,8,19,301.2600000000001
2022-08-27T22:00:00Z,61.6,205,10.1,44.075,270,725,41,8,19,301.2600000000001
2022-08-27T23:00:00Z,61.6,205,10.1,43.9,270,710,40,8,19,295.2600000000001
2022-08-28T00:00:00Z,61.6,205,9.74,44.425,270,698,40,8,18,289.2600000000001
2022-08-28T01:00:00Z,61.6,205,9.62,44.6,270,684,40,9,18,281.2600000000001
2022-08-28T02:00:00Z,61.6,205,9.62,44.6,270,676,40,9,18,273.2600000000001
2022-08-28T03:00:00Z,61.6,205,9.14,44.6,270,665,40,9,17,269.2600000000001
2022-08-28T04:00:00Z,61.6,205,9.14,44.6,270,658,40,9,17,261.2600000000001
2022-08-28T05:00:00Z,61.6,205,9.14,44.6,270,655,40,9,17,253.2600000000001
2022-08-28T06:00:00Z,60.9,205,9.14,44.6,270,652,39,9,17,253.2600000000001
2022-08-28T07:00:00Z,61.6,205,9.14,44.6,270,652,40,9,17,241.2600000000001
2022-08-28T08:00:00Z,61.6,205,9.14,44.6,270,652,39,9,17,238.2600000000001
2022-08-28T09:00:00Z,61.6,205,9.14,44.6,270,655,39,9,16,228.2600000000001
2022-08-28T10:00:00Z,61.6,205,9.14,44.6,270,658,39,9,15,228.2600000000001
2022-08-28T11:00:00Z,61.6,205,9.14,44.6,270,665,39,9,15,224.2600000000001
2022-08-28T12:00:00Z,61.6,205,9.14,44.6,270,672,39,8,15,220.2600000000001
2022-08-28T13:00:00Z,61.6,205,9.14,44.6,270,677,39,8,14,220.2600000000001
2022-08-28T14:00:00Z,60.9,205,9.025,44.6,270,684,38,8,13,216.2600000000001
2022-08-28T15:00:00Z,60.2,205,8.68,44.6,270,687,38,8,12,212.2600000000001
2022-08-28T16:00:00Z,60.2,205,8.68,44.6,270,696,39,8,12,212.2600000000001
2022-08-28T17:00:00Z,58.8,205,8.68,44.6,270,698,39,8,12,212.2600000000001
2022-08-28T18:00:00Z,58.8,205,8.35,44.6,270,703,39,8,13,209.2600000000001
2022-08-28T19:00:00Z,58.8,205,8.24,44.6,270,709,40,8,14,200.2600000000001
2022-08-28T20:00:00Z,58.1,205,8.24,44.6,270,712,41,8,16,200.2600000000001
2022-08-28T21:00:00Z,57.4,205,7.41,44.6,270,719,41,8,18,184.2600000000001
2022-08-28T22:00:00Z,57.4,205,7.41,44.425,270,722,41,8,19,184.2600000000001
2022-08-28T23:00:00Z,57.075,205,7.41,43.9,270,725,41,8,21,174.2600000000001
2022-08-29T00:00:00Z,56.1,205,7.41,44.075,270,725,41,8,18,163.2600000000001
2022-08-29T01:00:00Z,56.1,205,7.41,44.6,270,725,41,8,17,152.2600000000001
2022-08-29T02:00:00Z,56.1,205,7.41,44.6,270,727,40,8,18,142.2600000000001
2022-08-29T03:00:00Z,56.1,205,7.41,44.6,270,731,40,8,19,130.2600000000001
2022-08-29T04:00:00Z,55.775,205,7.41,44.6,270,728,39,8,17,123.2600000000001
