DateTime,FW_POT,WSSC_POT,WA_GF,WA_LF,LW_POT,LW_FW,FW_OC,WSSC_PA,LW_BR
2022-09-18T00:00:00Z,109.3,128.09,134.79,0,14.85,18.09,71.96,50.29,5.29
2022-09-18T01:00:00Z,109.3,128.09,134.79,0,14.85,18.09,71.96,50.29,5.29
2022-09-18T02:00:00Z,109.3,128.09,134.79,0,14.85,18.09,71.96,50.29,5.29
2022-09-18T03:00:00Z,109.3,128.09,134.79,0,14.85,18.09,71.96,50.29,5.29
2022-09-18T04:00:00Z,109.3,128.09,134.79,0,14.85,18.09,71.96,50.29,5.29
2022-09-18T05:00:00Z,109.3,128.09,134.79,0,14.85,18.09,71.96,50.29,5.29
2022-09-18T06:00:00Z,109.3,128.09,134.79,0,14.85,18.09,71.96,50.29,5.29
2022-09-18T07:00:00Z,109.3,128.09,134.79,0,14.85,18.09,71.96,50.29,5.29
2022-09-18T08:00:00Z,109.3,128.09,134.79,0,14.85,18.09,71.96,50.29,5.29
2022-09-18T09:00:00Z,109.3,128.09,134.79,0,14.85,18.09,71.96,50.29,5.29
2022-09-18T10:00:00Z,109.3,128.09,134.79,0,14.85,18.09,71.96,50.29,5.29
2022-09-18T11:00:00Z,109.3,128.09,134.79,0,14.85,18.09,71.96,50.29,5.29
2022-09-18T12:00:00Z,109.3,128.09,134.79,0,14.85,18.09,71.96,50.29,5.29
2022-09-18T13:00:00Z,109.3,128.09,134.79,0,14.85,18.09,71.96,50.29,5.29
2022-09-18T14:00:00Z,109.3,128.09,134.79,0,14.85,18.09,71.96,50.29,5.29
2022-09-18T15:00:00Z,109.3,128.09,134.79,0,14.85,18.09,71.96,50.29,5.29
2022-09-18T16:00:00Z,109.3,128.09,134.79,0,14.85,18.09,71.96,50.29,5.29
2022-09-18T17:00:00Z,109.3,128.09,134.79,0,14.85,18.09,71.96,50.29,5.29
2022-09-18T18:00:00Z,109.3,128.09,134.79,0,14.85,18.09,71.96,50.29,5.29
2022-09-18T19:00:00Z,109.3,128.09,134.79,0,14.85,18.09,71.96,50.29,5.29
2022-09-18T20:00:00Z,109.3,128.09,134.79,0,14.85,18.09,71.96,50.29,5.29
2022-09-18T21:00:00Z,109.3,128.09,134.79,0,14.85,18.09,71.96,50.29,5.29
2022-09-18T22:00:00Z,109.3,128.09,134.79,0,14.85,18.09,71.96,50.29,5.29
2022-09-18T23:00:00Z,109.3,128.09,134.79,0,14.85,18.09,71.96,50.29,5.29
2022-09-19T00:00:00Z,139.96,123.67,148.42,0,12.96,21.84,39.28,48.22,5.24
2022-09-19T01:00:00Z,139.96,123.67,148.42,0,12.96,21.84,39.28,48.22,5.24
2022-09-19T02:00:00Z,139.96,123.67,148.42,0,12.96,21.84,39.28,48.22,5.24
2022-09-19T03:00:00Z,139.96,123.67,148.42,0,12.96,21.84,39.28,48.22,5.24
2022-09-19T04:00:00Z,139.96,123.67,148.42,0,12.96,21.84,39.28,48.22,5.24
2022-09-19T05:00:00Z,139.96,123.67,148.42,0,12.96,21.84,39.28,48.22,5.24
2022-09-19T06:00:00Z,139.96,123.67,148.42,0,12.96,21.84,39.28,48.22,5.24
2022-09-19T07:00:00Z,139.96,123.67,148.42,0,12.96,21.84,39.28,48.22,5.24
2022-09-19T08:00:00Z,139.96,123.67,148.42,0,12.96,21.84,39.28,48.22,5.24
2022-09-19T09:00:00Z,139.96,123.67,148.42,0,12.96,21.84,39.28,48.22,5.24
2022-09-19T10:00:00Z,139.96,123.67,148.42,0,12.96,21.84,39.28,48.22,5.24
2022-09-19T11:00:00Z,139.96,123.67,148.42,0,12.96,21.84,39.28,48.22,5.24
2022-09-19T12:00:00Z,139.96,123.67,148.42,0,12.96,21.84,39.28,48.22,5.24
2022-09-19T13:00:00Z,139.96,123.67,148.42,0,12.96,21.84,39.28,48.22,5.24
2022-09-19T14:00:00Z,139.96,123.67,148.42,0,12.96,21.84,39.28,48.22,5.24
2022-09-19T15:00:00Z,139.96,123.67,148.42,0,12.96,21.84,39.28,48.22,5.24
2022-09-19T16:00:00Z,139.96,123.67,148.42,0,12.96,21.84,39.28,48.22,5.24
2022-09-19T17:00:00Z,139.96,123.67,148.42,0,12.96,21.84,39.28,48.22,5.24
2022-09-19T18:00:00Z,139.96,123.67,148.42,0,12.96,21.84,39.28,48.22,5.24
2022-09-19T19:00:00Z,139.96,123.67,148.42,0,12.96,21.84,39.28,48.22,5.24
2022-09-19T20:00:00Z,139.96,123.67,148.42,0,12.96,21.84,39.28,48.22,5.24
2022-09-19T21:00:00Z,139.96,123.67,148.42,0,12.96,21.84,39.28,48.22,5.24
2022-09-19T22:00:00Z,139.96,123.67,148.42,0,12.96,21.84,39.28,48.22,5.24
2022-09-19T23:00:00Z,139.96,123.67,148.42,0,12.96,21.84,39.28,48.22,5.24
2022-09-20T00:00:00Z,146.75,133.95,137.57,0,15.84,18.64,25.36,54.38,5.65
2022-09-20T01:00:00Z,146.75,133.95,137.57,0,15.84,18.64,25.36,54.38,5.65
2022-09-20T02:00:00Z,146.75,133.95,137.57,0,15.84,18.64,25.36,54.38,5.65
2022-09-20T03:00:00Z,146.75,133.95,137.57,0,15.84,18.64,25.36,54.38,5.65
2022-09-20T04:00:00Z,146.75,133.95,137.57,0,15.84,18.64,25.36,54.38,5.65
2022-09-20T05:00:00Z,146.75,133.95,137.57,0,15.84,18.64,25.36,54.38,5.65
2022-09-20T06:00:00Z,146.75,133.95,137.57,0,15.84,18.64,25.36,54.38,5.65
2022-09-20T07:00:00Z,146.75,133.95,137.57,0,15.84,18.64,25.36,54.38,5.65
2022-09-20T08:00:00Z,146.75,133.95,137.57,0,15.84,18.64,25.36,54.38,5.65
2022-09-20T09:00:00Z,146.75,133.95,137.57,0,15.84,18.64,25.36,54.38,5.65
2022-09-20T10:00:00Z,146.75,133.95,137.57,0,15.84,18.64,25.36,54.38,5.65
2022-09-20T11:00:00Z,146.75,133.95,137.57,0,15.84,18.64,25.36,54.38,5.65
2022-09-20T12:00:00Z,146.75,133.95,137.57,0,15.84,18.64,25.36,54.38,5.65
2022-09-20T13:00:00Z,146.75,133.95,137.57,0,15.84,18.64,25.36,54.38,5.65
2022-09-20T14:00:00Z,146.75,133.95,137.57,0,15.84,18.64,25.36,54.38,5.65
2022-09-20T15:00:00Z,146.75,133.95,137.57,0,15.84,18.64,25.36,54.38,5.65
2022-09-20T16:00:00Z,146.75,133.95,137.57,0,15.84,18.64,25.36,54.38,5.65
2022-09-20T17:00:00Z,146.75,133.95,137.57,0,15.84,18.64,25.36,54.38,5.65
2022-09-20T18:00:00Z,146.75,133.95,137.57,0,15.84,18.64,25.36,54.38,5.65
2022-09-20T19:00:00Z,146.75,133.95,137.57,0,15.84,18.64,25.36,54.38,5.65
2022-09-20T20:00:00Z,146.75,133.95,137.57,0,15.84,18.64,25.36,54.38,5.65
2022-09-20T21:00:00Z,146.75,133.95,137.57,0,15.84,18.64,25.36,54.38,5.65
2022-09-20T22:00:00Z,146.75,133.95,137.57,0,15.84,18.64,25.36,54.38,5.65
2022-09-20T23:00:00Z,146.75,133.95,137.57,0,15.84,18.64,25.36,54.38,5.65
2022-09-21T00:00:00Z,106.98,125.12,150.29,0,30.04,0,72.16,54.99,6
2022-09-21T01:00:00Z,106.98,125.12,150.29,0,30.04,0,72.16,54.99,6
2022-09-21T02:00:00Z,106.98,125.12,150.29,0,30.04,0,72.16,54.99,6
2022-09-21T03:00:00Z,106.98,125.12,150.29,0,30.04,0,72.16,54.99,6
2022-09-21T04:00:00Z,106.98,125.12,150.29,0,30.04,0,72.16,54.99,6
2022-09-21T05:00:00Z,106.98,125.12,150.29,0,30.04,0,72.16,54.99,6
2022-09-21T06:00:00Z,106.98,125.12,150.29,0,30.04,0,72.16,54.99,6
2022-09-21T07:00:00Z,106.98,125.12,150.29,0,30.04,0,72.16,54.99,6
2022-09-21T08:00:00Z,106.98,125.12,150.29,0,30.04,0,72.16,54.99,6
2022-09-21T09:00:00Z,106.98,125.12,150.29,0,30.04,0,72.16,54.99,6
2022-09-21T10:00:00Z,106.98,125.12,150.29,0,30.04,0,72.16,54.99,6
2022-09-21T11:00:00Z,106.98,125.12,150.29,0,30.04,0,72.16,54.99,6
2022-09-21T12:00:00Z,106.98,125.12,150.29,0,30.04,0,72.16,54.99,6
2022-09-21T13:00:00Z,106.98,125.12,150.29,0,30.04,0,72.16,54.99,6
2022-09-21T14:00:00Z,106.98,125.12,150.29,0,30.04,0,72.16,54.99,6
2022-09-21T15:00:00Z,106.98,125.12,150.29,0,30.04,0,72.16,54.99,6
2022-09-21T16:00:00Z,106.98,125.12,150.29,0,30.04,0,72.16,54.99,6
2022-09-21T17:00:00Z,106.98,125.12,150.29,0,30.04,0,72.16,54.99,6
2022-09-21T18:00:00Z,106.98,125.12,150.29,0,30.04,0,72.16,54.99,6
2022-09-21T19:00:00Z,106.98,125.12,150.29,0,30.04,0,72.16,54.99,6
2022-09-21T20:00:00Z,106.98,125.12,150.29,0,30.04,0,72.16,54.99,6
2022-09-21T21:00:00Z,106.98,125.12,150.29,0,30.04,0,72.16,54.99,6
2022-09-21T22:00:00Z,106.98,125.12,150.29,0,30.04,0,72.16,54.99,6
2022-09-21T23:00:00Z,106.98,125.12,150.29,0,30.04,0,72.16,54.99,6
2022-09-22T00:00:00Z,103.14,118.83,147,24,15.27,16.34,72.43,54.25,6.35
2022-09-22T01:00:00Z,103.14,118.83,147,24,15.27,16.34,72.43,54.25,6.35
2022-09-22T02:00:00Z,103.14,118.83,147,24,15.27,16.34,72.43,54.25,6.35
2022-09-22T03:00:00Z,103.14,118.83,147,24,15.27,16.34,72.43,54.25,6.35
2022-09-22T04:00:00Z,103.14,118.83,147,24,15.27,16.34,72.43,54.25,6.35
2022-09-22T05:00:00Z,103.14,118.83,147,24,15.27,16.34,72.43,54.25,6.35
2022-09-22T06:00:00Z,103.14,118.83,147,24,15.27,16.34,72.43,54.25,6.35
2022-09-22T07:00:00Z,103.14,118.83,147,24,15.27,16.34,72.43,54.25,6.35
2022-09-22T08:00:00Z,103.14,118.83,147,24,15.27,16.34,72.43,54.25,6.35
2022-09-22T09:00:00Z,103.14,118.83,147,24,15.27,16.34,72.43,54.25,6.35
2022-09-22T10:00:00Z,103.14,118.83,147,24,15.27,16.34,72.43,54.25,6.35
2022-09-22T11:00:00Z,103.14,118.83,147,24,15.27,16.34,72.43,54.25,6.35
2022-09-22T12:00:00Z,103.14,118.83,147,24,15.27,16.34,72.43,54.25,6.35
2022-09-22T13:00:00Z,103.14,118.83,147,24,15.27,16.34,72.43,54.25,6.35
2022-09-22T14:00:00Z,103.14,118.83,147,24,15.27,16.34,72.43,54.25,6.35
2022-09-22T15:00:00Z,103.14,118.83,147,24,15.27,16.34,72.43,54.25,6.35
2022-09-22T16:00:00Z,103.14,118.83,147,24,15.27,16.34,72.43,54.25,6.35
2022-09-22T17:00:00Z,103.14,118.83,147,24,15.27,16.34,72.43,54.25,6.35
2022-09-22T18:00:00Z,103.14,118.83,147,24,15.27,16.34,72.43,54.25,6.35
2022-09-22T19:00:00Z,103.14,118.83,147,24,15.27,16.34,72.43,54.25,6.35
2022-09-22T20:00:00Z,103.14,118.83,147,24,15.27,16.34,72.43,54.25,6.35
2022-09-22T21:00:00Z,103.14,118.83,147,24,15.27,16.34,72.43,54.25,6.35
2022-09-22T22:00:00Z,103.14,118.83,147,24,15.27,16.34,72.43,54.25,6.35
2022-09-22T23:00:00Z,103.14,118.83,147,24,15.27,16.34,72.43,54.25,6.35
2022-09-23T00:00:00Z,103.74,116.65,97.2,0,14.8,16.86,72.49,53.54,5.93
2022-09-23T01:00:00Z,103.74,116.65,97.2,0,14.8,16.86,72.49,53.54,5.93
2022-09-23T02:00:00Z,103.74,116.65,97.2,0,14.8,16.86,72.49,53.54,5.93
2022-09-23T03:00:00Z,103.74,116.65,97.2,0,14.8,16.86,72.49,53.54,5.93
2022-09-23T04:00:00Z,103.74,116.65,97.2,0,14.8,16.86,72.49,53.54,5.93
2022-09-23T05:00:00Z,103.74,116.65,97.2,0,14.8,16.86,72.49,53.54,5.93
2022-09-23T06:00:00Z,103.74,116.65,97.2,0,14.8,16.86,72.49,53.54,5.93
2022-09-23T07:00:00Z,103.74,116.65,97.2,0,14.8,16.86,72.49,53.54,5.93
2022-09-23T08:00:00Z,103.74,116.65,97.2,0,14.8,16.86,72.49,53.54,5.93
2022-09-23T09:00:00Z,103.74,116.65,97.2,0,14.8,16.86,72.49,53.54,5.93
2022-09-23T10:00:00Z,103.74,116.65,97.2,0,14.8,16.86,72.49,53.54,5.93
2022-09-23T11:00:00Z,103.74,116.65,97.2,0,14.8,16.86,72.49,53.54,5.93
2022-09-23T12:00:00Z,103.74,116.65,97.2,0,14.8,16.86,72.49,53.54,5.93
2022-09-23T13:00:00Z,103.74,116.65,97.2,0,14.8,16.86,72.49,53.54,5.93
2022-09-23T14:00:00Z,103.74,116.65,97.2,0,14.8,16.86,72.49,53.54,5.93
2022-09-23T15:00:00Z,103.74,116.65,97.2,0,14.8,16.86,72.49,53.54,5.93
2022-09-23T16:00:00Z,103.74,116.65,97.2,0,14.8,16.86,72.49,53.54,5.93
2022-09-23T17:00:00Z,103.74,116.65,97.2,0,14.8,16.86,72.49,53.54,5.93
2022-09-23T18:00:00Z,103.74,116.65,97.2,0,14.8,16.86,72.49,53.54,5.93
2022-09-23T19:00:00Z,103.74,116.65,97.2,0,14.8,16.86,72.49,53.54,5.93
2022-09-23T20:00:00Z,103.74,116.65,97.2,0,14.8,16.86,72.49,53.54,5.93
2022-09-23T21:00:00Z,103.74,116.65,97.2,0,14.8,16.86,72.49,53.54,5.93
2022-09-23T22:00:00Z,103.74,116.65,97.2,0,14.8,16.86,72.49,53.54,5.93
2022-09-23T23:00:00Z,103.74,116.65,97.2,0,14.8,16.86,72.49,53.54,5.93
2022-09-24T00:00:00Z,102.07,111.8,140.7,0,14.45,15.21,73.52,51.1,6.11
2022-09-24T01:00:00Z,102.07,111.8,140.7,0,14.45,15.21,73.52,51.1,6.11
2022-09-24T02:00:00Z,102.07,111.8,140.7,0,14.45,15.21,73.52,51.1,6.11
2022-09-24T03:00:00Z,102.07,111.8,140.7,0,14.45,15.21,73.52,51.1,6.11
2022-09-24T04:00:00Z,102.07,111.8,140.7,0,14.45,15.21,73.52,51.1,6.11
2022-09-24T05:00:00Z,102.07,111.8,140.7,0,14.45,15.21,73.52,51.1,6.11
2022-09-24T06:00:00Z,102.07,111.8,140.7,0,14.45,15.21,73.52,51.1,6.11
2022-09-24T07:00:00Z,102.07,111.8,140.7,0,14.45,15.21,73.52,51.1,6.11
2022-09-24T08:00:00Z,102.07,111.8,140.7,0,14.45,15.21,73.52,51.1,6.11
2022-09-24T09:00:00Z,102.07,111.8,140.7,0,14.45,15.21,73.52,51.1,6.11
2022-09-24T10:00:00Z,102.07,111.8,140.7,0,14.45,15.21,73.52,51.1,6.11
2022-09-24T11:00:00Z,102.07,111.8,140.7,0,14.45,15.21,73.52,51.1,6.11
2022-09-24T12:00:00Z,102.07,111.8,140.7,0,14.45,15.21,73.52,51.1,6.11
2022-09-24T13:00:00Z,102.07,111.8,140.7,0,14.45,15.21,73.52,51.1,6.11
2022-09-24T14:00:00Z,102.07,111.8,140.7,0,14.45,15.21,73.52,51.1,6.11
2022-09-24T15:00:00Z,102.07,111.8,140.7,0,14.45,15.21,73.52,51.1,6.11
2022-09-24T16:00:00Z,102.07,111.8,140.7,0,14.45,15.21,73.52,51.1,6.11
2022-09-24T17:00:00Z,102.07,111.8,140.7,0,14.45,15.21,73.52,51.1,6.11
2022-09-24T18:00:00Z,102.07,111.8,140.7,0,14.45,15.21,73.52,51.1,6.11
2022-09-24T19:00:00Z,102.07,111.8,140.7,0,14.45,15.21,73.52,51.1,6.11
2022-09-24T20:00:00Z,102.07,111.8,140.7,0,14.45,15.21,73.52,51.1,6.11
2022-09-24T21:00:00Z,102.07,111.8,140.7,0,14.45,15.21,73.52,51.1,6.11
2022-09-24T22:00:00Z,102.07,111.8,140.7,0,14.45,15.21,73.52,51.1,6.11
2022-09-24T23:00:00Z,102.07,111.8,140.7,0,14.45,15.21,73.52,51.1,6.11
2022-09-25T00:00:00Z,108.26,126.67,139.3,0,0,15.4,73.52,48.53,6.16
2022-09-25T01:00:00Z,108.26,126.67,139.3,0,0,15.4,73.52,48.53,6.16
2022-09-25T02:00:00Z,108.26,126.67,139.3,0,0,15.4,73.52,48.53,6.16
2022-09-25T03:00:00Z,108.26,126.67,139.3,0,0,15.4,73.52,48.53,6.16
2022-09-25T04:00:00Z,108.26,126.67,139.3,0,0,15.4,73.52,48.53,6.16
2022-09-25T05:00:00Z,108.26,126.67,139.3,0,0,15.4,73.52,48.53,6.16
2022-09-25T06:00:00Z,108.26,126.67,139.3,0,0,15.4,73.52,48.53,6.16
2022-09-25T07:00:00Z,108.26,126.67,139.3,0,0,15.4,73.52,48.53,6.16
2022-09-25T08:00:00Z,108.26,126.67,139.3,0,0,15.4,73.52,48.53,6.16
2022-09-25T09:00:00Z,108.26,126.67,139.3,0,0,15.4,73.52,48.53,6.16
2022-09-25T10:00:00Z,108.26,126.67,139.3,0,0,15.4,73.52,48.53,6.16
2022-09-25T11:00:00Z,108.26,126.67,139.3,0,0,15.4,73.52,48.53,6.16
2022-09-25T12:00:00Z,108.26,126.67,139.3,0,0,15.4,73.52,48.53,6.16
2022-09-25T13:00:00Z,108.26,126.67,139.3,0,0,15.4,73.52,48.53,6.16
2022-09-25T14:00:00Z,108.26,126.67,139.3,0,0,15.4,73.52,48.53,6.16
2022-09-25T15:00:00Z,108.26,126.67,139.3,0,0,15.4,73.52,48.53,6.16
2022-09-25T16:00:00Z,108.26,126.67,139.3,0,0,15.4,73.52,48.53,6.16
2022-09-25T17:00:00Z,108.26,126.67,139.3,0,0,15.4,73.52,48.53,6.16
2022-09-25T18:00:00Z,108.26,126.67,139.3,0,0,15.4,73.52,48.53,6.16
2022-09-25T19:00:00Z,108.26,126.67,139.3,0,0,15.4,73.52,48.53,6.16
2022-09-25T20:00:00Z,108.26,126.67,139.3,0,0,15.4,73.52,48.53,6.16
2022-09-25T21:00:00Z,108.26,126.67,139.3,0,0,15.4,73.52,48.53,6.16
2022-09-25T22:00:00Z,108.26,126.67,139.3,0,0,15.4,73.52,48.53,6.16
2022-09-25T23:00:00Z,108.26,126.67,139.3,0,0,15.4,73.52,48.53,6.16
2022-09-26T00:00:00Z,109.55,111.29,149.75,0,14.63,18.55,73.52,48.47,5.77
2022-09-26T01:00:00Z,109.55,111.29,149.75,0,14.63,18.55,73.52,48.47,5.77
2022-09-26T02:00:00Z,109.55,111.29,149.75,0,14.63,18.55,73.52,48.47,5.77
2022-09-26T03:00:00Z,109.55,111.29,149.75,0,14.63,18.55,73.52,48.47,5.77
2022-09-26T04:00:00Z,109.55,111.29,149.75,0,14.63,18.55,73.52,48.47,5.77
2022-09-26T05:00:00Z,109.55,111.29,149.75,0,14.63,18.55,73.52,48.47,5.77
2022-09-26T06:00:00Z,109.55,111.29,149.75,0,14.63,18.55,73.52,48.47,5.77
2022-09-26T07:00:00Z,109.55,111.29,149.75,0,14.63,18.55,73.52,48.47,5.77
2022-09-26T08:00:00Z,109.55,111.29,149.75,0,14.63,18.55,73.52,48.47,5.77
2022-09-26T09:00:00Z,109.55,111.29,149.75,0,14.63,18.55,73.52,48.47,5.77
2022-09-26T10:00:00Z,109.55,111.29,149.75,0,14.63,18.55,73.52,48.47,5.77
2022-09-26T11:00:00Z,109.55,111.29,149.75,0,14.63,18.55,73.52,48.47,5.77
2022-09-26T12:00:00Z,109.55,111.29,149.75,0,14.63,18.55,73.52,48.47,5.77
2022-09-26T13:00:00Z,109.55,111.29,149.75,0,14.63,18.55,73.52,48.47,5.77
2022-09-26T14:00:00Z,109.55,111.29,149.75,0,14.63,18.55,73.52,48.47,5.77
2022-09-26T15:00:00Z,109.55,111.29,149.75,0,14.63,18.55,73.52,48.47,5.77
2022-09-26T16:00:00Z,109.55,111.29,149.75,0,14.63,18.55,73.52,48.47,5.77
2022-09-26T17:00:00Z,109.55,111.29,149.75,0,14.63,18.55,73.52,48.47,5.77
2022-09-26T18:00:00Z,109.55,111.29,149.75,0,14.63,18.55,73.52,48.47,5.77
2022-09-26T19:00:00Z,109.55,111.29,149.75,0,14.63,18.55,73.52,48.47,5.77
2022-09-26T20:00:00Z,109.55,111.29,149.75,0,14.63,18.55,73.52,48.47,5.77
2022-09-26T21:00:00Z,109.55,111.29,149.75,0,14.63,18.55,73.52,48.47,5.77
2022-09-26T22:00:00Z,109.55,111.29,149.75,0,14.63,18.55,73.52,48.47,5.77
2022-09-26T23:00:00Z,109.55,111.29,149.75,0,14.63,18.55,73.52,48.47,5.77
2022-09-27T00:00:00Z,103.57,119.4,153.42,0,15.05,17.67,73.52,52.37,6.01
2022-09-27T01:00:00Z,103.57,119.4,153.42,0,15.05,17.67,73.52,52.37,6.01
2022-09-27T02:00:00Z,103.57,119.4,153.42,0,15.05,17.67,73.52,52.37,6.01
2022-09-27T03:00:00Z,103.57,119.4,153.42,0,15.05,17.67,73.52,52.37,6.01
2022-09-27T04:00:00Z,103.57,119.4,153.42,0,15.05,17.67,73.52,52.37,6.01
2022-09-27T05:00:00Z,103.57,119.4,153.42,0,15.05,17.67,73.52,52.37,6.01
2022-09-27T06:00:00Z,103.57,119.4,153.42,0,15.05,17.67,73.52,52.37,6.01
2022-09-27T07:00:00Z,103.57,119.4,153.42,0,15.05,17.67,73.52,52.37,6.01
2022-09-27T08:00:00Z,103.57,119.4,153.42,0,15.05,17.67,73.52,52.37,6.01
2022-09-27T09:00:00Z,103.57,119.4,153.42,0,15.05,17.67,73.52,52.37,6.01
2022-09-27T10:00:00Z,103.57,119.4,153.42,0,15.05,17.67,73.52,52.37,6.01
2022-09-27T11:00:00Z,103.57,119.4,153.42,0,15.05,17.67,73.52,52.37,6.01
2022-09-27T12:00:00Z,103.57,119.4,153.42,0,15.05,17.67,73.52,52.37,6.01
2022-09-27T13:00:00Z,103.57,119.4,153.42,0,15.05,17.67,73.52,52.37,6.01
2022-09-27T14:00:00Z,103.57,119.4,153.42,0,15.05,17.67,73.52,52.37,6.01
2022-09-27T15:00:00Z,103.57,119.4,153.42,0,15.05,17.67,73.52,52.37,6.01
2022-09-27T16:00:00Z,103.57,119.4,153.42,0,15.05,17.67,73.52,52.37,6.01
2022-09-27T17:00:00Z,103.57,119.4,153.42,0,15.05,17.67,73.52,52.37,6.01
2022-09-27T18:00:00Z,103.57,119.4,153.42,0,15.05,17.67,73.52,52.37,6.01
2022-09-27T19:00:00Z,103.57,119.4,153.42,0,15.05,17.67,73.52,52.37,6.01
2022-09-27T20:00:00Z,103.57,119.4,153.42,0,15.05,17.67,73.52,52.37,6.01
2022-09-27T21:00:00Z,103.57,119.4,153.42,0,15.05,17.67,73.52,52.37,6.01
2022-09-27T22:00:00Z,103.57,119.4,153.42,0,15.05,17.67,73.52,52.37,6.01
2022-09-27T23:00:00Z,103.57,119.4,153.42,0,15.05,17.67,73.52,52.37,6.01
2022-09-28T00:00:00Z,108.31,116.72,129.25,0,14.67,16.68,73.52,57.76,6.03
2022-09-28T01:00:00Z,108.31,116.72,129.25,0,14.67,16.68,73.52,57.76,6.03
2022-09-28T02:00:00Z,108.31,116.72,129.25,0,14.67,16.68,73.52,57.76,6.03
2022-09-28T03:00:00Z,108.31,116.72,129.25,0,14.67,16.68,73.52,57.76,6.03
2022-09-28T04:00:00Z,108.31,116.72,129.25,0,14.67,16.68,73.52,57.76,6.03
2022-09-28T05:00:00Z,108.31,116.72,129.25,0,14.67,16.68,73.52,57.76,6.03
2022-09-28T06:00:00Z,108.31,116.72,129.25,0,14.67,16.68,73.52,57.76,6.03
2022-09-28T07:00:00Z,108.31,116.72,129.25,0,14.67,16.68,73.52,57.76,6.03
2022-09-28T08:00:00Z,108.31,116.72,129.25,0,14.67,16.68,73.52,57.76,6.03
2022-09-28T09:00:00Z,108.31,116.72,129.25,0,14.67,16.68,73.52,57.76,6.03
2022-09-28T10:00:00Z,108.31,116.72,129.25,0,14.67,16.68,73.52,57.76,6.03
2022-09-28T11:00:00Z,108.31,116.72,129.25,0,14.67,16.68,73.52,57.76,6.03
2022-09-28T12:00:00Z,108.31,116.72,129.25,0,14.67,16.68,73.52,57.76,6.03
2022-09-28T13:00:00Z,108.31,116.72,129.25,0,14.67,16.68,73.52,57.76,6.03
2022-09-28T14:00:00Z,108.31,116.72,129.25,0,14.67,16.68,73.52,57.76,6.03
2022-09-28T15:00:00Z,108.31,116.72,129.25,0,14.67,16.68,73.52,57.76,6.03
2022-09-28T16:00:00Z,108.31,116.72,129.25,0,14.67,16.68,73.52,57.76,6.03
2022-09-28T17:00:00Z,108.31,116.72,129.25,0,14.67,16.68,73.52,57.76,6.03
2022-09-28T18:00:00Z,108.31,116.72,129.25,0,14.67,16.68,73.52,57.76,6.03
2022-09-28T19:00:00Z,108.31,116.72,129.25,0,14.67,16.68,73.52,57.76,6.03
2022-09-28T20:00:00Z,108.31,116.72,129.25,0,14.67,16.68,73.52,57.76,6.03
2022-09-28T21:00:00Z,108.31,116.72,129.25,0,14.67,16.68,73.52,57.76,6.03
2022-09-28T22:00:00Z,108.31,116.72,129.25,0,14.67,16.68,73.52,57.76,6.03
2022-09-28T23:00:00Z,108.31,116.72,129.25,0,14.67,16.68,73.52,57.76,6.03
2022-09-29T00:00:00Z,102.46,112.39,143.83,0,14.7,16.25,73.52,57.43,6.4
2022-09-29T01:00:00Z,102.46,112.39,143.83,0,14.7,16.25,73.52,57.43,6.4
2022-09-29T02:00:00Z,102.46,112.39,143.83,0,14.7,16.25,73.52,57.43,6.4
2022-09-29T03:00:00Z,102.46,112.39,143.83,0,14.7,16.25,73.52,57.43,6.4
2022-09-29T04:00:00Z,102.46,112.39,143.83,0,14.7,16.25,73.52,57.43,6.4
2022-09-29T05:00:00Z,102.46,112.39,143.83,0,14.7,16.25,73.52,57.43,6.4
2022-09-29T06:00:00Z,102.46,112.39,143.83,0,14.7,16.25,73.52,57.43,6.4
2022-09-29T07:00:00Z,102.46,112.39,143.83,0,14.7,16.25,73.52,57.43,6.4
2022-09-29T08:00:00Z,102.46,112.39,143.83,0,14.7,16.25,73.52,57.43,6.4
2022-09-29T09:00:00Z,102.46,112.39,143.83,0,14.7,16.25,73.52,57.43,6.4
2022-09-29T10:00:00Z,102.46,112.39,143.83,0,14.7,16.25,73.52,57.43,6.4
2022-09-29T11:00:00Z,102.46,112.39,143.83,0,14.7,16.25,73.52,57.43,6.4
2022-09-29T12:00:00Z,102.46,112.39,143.83,0,14.7,16.25,73.52,57.43,6.4
2022-09-29T13:00:00Z,102.46,112.39,143.83,0,14.7,16.25,73.52,57.43,6.4
2022-09-29T14:00:00Z,102.46,112.39,143.83,0,14.7,16.25,73.52,57.43,6.4
2022-09-29T15:00:00Z,102.46,112.39,143.83,0,14.7,16.25,73.52,57.43,6.4
2022-09-29T16:00:00Z,102.46,112.39,143.83,0,14.7,16.25,73.52,57.43,6.4
2022-09-29T17:00:00Z,102.46,112.39,143.83,0,14.7,16.25,73.52,57.43,6.4
2022-09-29T18:00:00Z,102.46,112.39,143.83,0,14.7,16.25,73.52,57.43,6.4
2022-09-29T19:00:00Z,102.46,112.39,143.83,0,14.7,16.25,73.52,57.43,6.4
2022-09-29T20:00:00Z,102.46,112.39,143.83,0,14.7,16.25,73.52,57.43,6.4
2022-09-29T21:00:00Z,102.46,112.39,143.83,0,14.7,16.25,73.52,57.43,6.4
2022-09-29T22:00:00Z,102.46,112.39,143.83,0,14.7,16.25,73.52,57.43,6.4
2022-09-29T23:00:00Z,102.46,112.39,143.83,0,14.7,16.25,73.52,57.43,6.4
2022-09-30T00:00:00Z,92.6,110.52,136.46,0,14.86,13.56,73.52,57,7.04
2022-09-30T01:00:00Z,92.6,110.52,136.46,0,14.86,13.56,73.52,57,7.04
2022-09-30T02:00:00Z,92.6,110.52,136.46,0,14.86,13.56,73.52,57,7.04
2022-09-30T03:00:00Z,92.6,110.52,136.46,0,14.86,13.56,73.52,57,7.04
2022-09-30T04:00:00Z,92.6,110.52,136.46,0,14.86,13.56,73.52,57,7.04
2022-09-30T05:00:00Z,92.6,110.52,136.46,0,14.86,13.56,73.52,57,7.04
2022-09-30T06:00:00Z,92.6,110.52,136.46,0,14.86,13.56,73.52,57,7.04
2022-09-30T07:00:00Z,92.6,110.52,136.46,0,14.86,13.56,73.52,57,7.04
2022-09-30T08:00:00Z,92.6,110.52,136.46,0,14.86,13.56,73.52,57,7.04
2022-09-30T09:00:00Z,92.6,110.52,136.46,0,14.86,13.56,73.52,57,7.04
2022-09-30T10:00:00Z,92.6,110.52,136.46,0,14.86,13.56,73.52,57,7.04
2022-09-30T11:00:00Z,92.6,110.52,136.46,0,14.86,13.56,73.52,57,7.04
2022-09-30T12:00:00Z,92.6,110.52,136.46,0,14.86,13.56,73.52,57,7.04
2022-09-30T13:00:00Z,92.6,110.52,136.46,0,14.86,13.56,73.52,57,7.04
2022-09-30T14:00:00Z,92.6,110.52,136.46,0,14.86,13.56,73.52,57,7.04
2022-09-30T15:00:00Z,92.6,110.52,136.46,0,14.86,13.56,73.52,57,7.04
2022-09-30T16:00:00Z,92.6,110.52,136.46,0,14.86,13.56,73.52,57,7.04
2022-09-30T17:00:00Z,92.6,110.52,136.46,0,14.86,13.56,73.52,57,7.04
2022-09-30T18:00:00Z,92.6,110.52,136.46,0,14.86,13.56,73.52,57,7.04
2022-09-30T19:00:00Z,92.6,110.52,136.46,0,14.86,13.56,73.52,57,7.04
2022-09-30T20:00:00Z,92.6,110.52,136.46,0,14.86,13.56,73.52,57,7.04
2022-09-30T21:00:00Z,92.6,110.52,136.46,0,14.86,13.56,73.52,57,7.04
2022-09-30T22:00:00Z,92.6,110.52,136.46,0,14.86,13.56,73.52,57,7.04
2022-09-30T23:00:00Z,92.6,110.52,136.46,0,14.86,13.56,73.52,57,7.04
2022-10-01T00:00:00Z,69.42,98.85,133.25,0,14.61,9.14,73.52,57.77,7.31
2022-10-01T01:00:00Z,69.42,98.85,133.25,0,14.61,9.14,73.52,57.77,7.31
2022-10-01T02:00:00Z,69.42,98.85,133.25,0,14.61,9.14,73.52,57.77,7.31
2022-10-01T03:00:00Z,69.42,98.85,133.25,0,14.61,9.14,73.52,57.77,7.31
2022-10-01T04:00:00Z,69.42,98.85,133.25,0,14.61,9.14,73.52,57.77,7.31
2022-10-01T05:00:00Z,69.42,98.85,133.25,0,14.61,9.14,73.52,57.77,7.31
2022-10-01T06:00:00Z,69.42,98.85,133.25,0,14.61,9.14,73.52,57.77,7.31
2022-10-01T07:00:00Z,69.42,98.85,133.25,0,14.61,9.14,73.52,57.77,7.31
2022-10-01T08:00:00Z,69.42,98.85,133.25,0,14.61,9.14,73.52,57.77,7.31
2022-10-01T09:00:00Z,69.42,98.85,133.25,0,14.61,9.14,73.52,57.77,7.31
2022-10-01T10:00:00Z,69.42,98.85,133.25,0,14.61,9.14,73.52,57.77,7.31
2022-10-01T11:00:00Z,69.42,98.85,133.25,0,14.61,9.14,73.52,57.77,7.31
2022-10-01T12:00:00Z,69.42,98.85,133.25,0,14.61,9.14,73.52,57.77,7.31
2022-10-01T13:00:00Z,69.42,98.85,133.25,0,14.61,9.14,73.52,57.77,7.31
2022-10-01T14:00:00Z,69.42,98.85,133.25,0,14.61,9.14,73.52,57.77,7.31
2022-10-01T15:00:00Z,69.42,98.85,133.25,0,14.61,9.14,73.52,57.77,7.31
2022-10-01T16:00:00Z,69.42,98.85,133.25,0,14.61,9.14,73.52,57.77,7.31
2022-10-01T17:00:00Z,69.42,98.85,133.25,0,14.61,9.14,73.52,57.77,7.31
2022-10-01T18:00:00Z,69.42,98.85,133.25,0,14.61,9.14,73.52,57.77,7.31
2022-10-01T19:00:00Z,69.42,98.85,133.25,0,14.61,9.14,73.52,57.77,7.31
2022-10-01T20:00:00Z,69.42,98.85,133.25,0,14.61,9.14,73.52,57.77,7.31
2022-10-01T21:00:00Z,69.42,98.85,133.25,0,14.61,9.14,73.52,57.77,7.31
2022-10-01T22:00:00Z,69.42,98.85,133.25,0,14.61,9.14,73.52,57.77,7.31
2022-10-01T23:00:00Z,69.42,98.85,133.25,0,14.61,9.14,73.52,57.77,7.31
2022-10-02T00:00:00Z,74.19,109.78,137.21,0,14.16,11.68,73.52,53.15,7.24
2022-10-02T01:00:00Z,74.19,109.78,137.21,0,14.16,11.68,73.52,53.15,7.24
2022-10-02T02:00:00Z,74.19,109.78,137.21,0,14.16,11.68,73.52,53.15,7.24
2022-10-02T03:00:00Z,74.19,109.78,137.21,0,14.16,11.68,73.52,53.15,7.24
2022-10-02T04:00:00Z,74.19,109.78,137.21,0,14.16,11.68,73.52,53.15,7.24
2022-10-02T05:00:00Z,74.19,109.78,137.21,0,14.16,11.68,73.52,53.15,7.24
2022-10-02T06:00:00Z,74.19,109.78,137.21,0,14.16,11.68,73.52,53.15,7.24
2022-10-02T07:00:00Z,74.19,109.78,137.21,0,14.16,11.68,73.52,53.15,7.24
2022-10-02T08:00:00Z,74.19,109.78,137.21,0,14.16,11.68,73.52,53.15,7.24
2022-10-02T09:00:00Z,74.19,109.78,137.21,0,14.16,11.68,73.52,53.15,7.24
2022-10-02T10:00:00Z,74.19,109.78,137.21,0,14.16,11.68,73.52,53.15,7.24
2022-10-02T11:00:00Z,74.19,109.78,137.21,0,14.16,11.68,73.52,53.15,7.24
2022-10-02T12:00:00Z,74.19,109.78,137.21,0,14.16,11.68,73.52,53.15,7.24
2022-10-02T13:00:00Z,74.19,109.78,137.21,0,14.16,11.68,73.52,53.15,7.24
2022-10-02T14:00:00Z,74.19,109.78,137.21,0,14.16,11.68,73.52,53.15,7.24
2022-10-02T15:00:00Z,74.19,109.78,137.21,0,14.16,11.68,73.52,53.15,7.24
2022-10-02T16:00:00Z,74.19,109.78,137.21,0,14.16,11.68,73.52,53.15,7.24
2022-10-02T17:00:00Z,74.19,109.78,137.21,0,14.16,11.68,73.52,53.15,7.24
2022-10-02T18:00:00Z,74.19,109.78,137.21,0,14.16,11.68,73.52,53.15,7.24
2022-10-02T19:00:00Z,74.19,109.78,137.21,0,14.16,11.68,73.52,53.15,7.24
2022-10-02T20:00:00Z,74.19,109.78,137.21,0,14.16,11.68,73.52,53.15,7.24
2022-10-02T21:00:00Z,74.19,109.78,137.21,0,14.16,11.68,73.52,53.15,7.24
2022-10-02T22:00:00Z,74.19,109.78,137.21,0,14.16,11.68,73.52,53.15,7.24
2022-10-02T23:00:00Z,74.19,109.78,137.21,0,14.16,11.68,73.52,53.15,7.24
2022-10-03T00:00:00Z,76.93,115.33,126.79,15,14.57,11.54,73.52,47.34,7.71
2022-10-03T01:00:00Z,76.93,115.33,126.79,15,14.57,11.54,73.52,47.34,7.71
2022-10-03T02:00:00Z,76.93,115.33,126.79,15,14.57,11.54,73.52,47.34,7.71
2022-10-03T03:00:00Z,76.93,115.33,126.79,15,14.57,11.54,73.52,47.34,7.71
2022-10-03T04:00:00Z,76.93,115.33,126.79,15,14.57,11.54,73.52,47.34,7.71
2022-10-03T05:00:00Z,76.93,115.33,126.79,15,14.57,11.54,73.52,47.34,7.71
2022-10-03T06:00:00Z,76.93,115.33,126.79,15,14.57,11.54,73.52,47.34,7.71
2022-10-03T07:00:00Z,76.93,115.33,126.79,15,14.57,11.54,73.52,47.34,7.71
2022-10-03T08:00:00Z,76.93,115.33,126.79,15,14.57,11.54,73.52,47.34,7.71
2022-10-03T09:00:00Z,76.93,115.33,126.79,15,14.57,11.54,73.52,47.34,7.71
2022-10-03T10:00:00Z,76.93,115.33,126.79,15,14.57,11.54,73.52,47.34,7.71
2022-10-03T11:00:00Z,76.93,115.33,126.79,15,14.57,11.54,73.52,47.34,7.71
2022-10-03T12:00:00Z,76.93,115.33,126.79,15,14.57,11.54,73.52,47.34,7.71
2022-10-03T13:00:00Z,76.93,115.33,126.79,15,14.57,11.54,73.52,47.34,7.71
2022-10-03T14:00:00Z,76.93,115.33,126.79,15,14.57,11.54,73.52,47.34,7.71
2022-10-03T15:00:00Z,76.93,115.33,126.79,15,14.57,11.54,73.52,47.34,7.71
2022-10-03T16:00:00Z,76.93,115.33,126.79,15,14.57,11.54,73.52,47.34,7.71
2022-10-03T17:00:00Z,76.93,115.33,126.79,15,14.57,11.54,73.52,47.34,7.71
2022-10-03T18:00:00Z,76.93,115.33,126.79,15,14.57,11.54,73.52,47.34,7.71
2022-10-03T19:00:00Z,76.93,115.33,126.79,15,14.57,11.54,73.52,47.34,7.71
2022-10-03T20:00:00Z,76.93,115.33,126.79,15,14.57,11.54,73.52,47.34,7.71
2022-10-03T21:00:00Z,76.93,115.33,126.79,15,14.57,11.54,73.52,47.34,7.71
2022-10-03T22:00:00Z,76.93,115.33,126.79,15,14.57,11.54,73.52,47.34,7.71
2022-10-03T23:00:00Z,76.93,115.33,126.79,15,14.57,11.54,73.52,47.34,7.71
2022-10-04T00:00:00Z,71.72,109.82,141.57,0,14,10.63,73.52,49.56,7.6
2022-10-04T01:00:00Z,71.72,109.82,141.57,0,14,10.63,73.52,49.56,7.6
2022-10-04T02:00:00Z,71.72,109.82,141.57,0,14,10.63,73.52,49.56,7.6
2022-10-04T03:00:00Z,71.72,109.82,141.57,0,14,10.63,73.52,49.56,7.6
2022-10-04T04:00:00Z,71.72,109.82,141.57,0,14,10.63,73.52,49.56,7.6
2022-10-04T05:00:00Z,71.72,109.82,141.57,0,14,10.63,73.52,49.56,7.6
2022-10-04T06:00:00Z,71.72,109.82,141.57,0,14,10.63,73.52,49.56,7.6
2022-10-04T07:00:00Z,71.72,109.82,141.57,0,14,10.63,73.52,49.56,7.6
2022-10-04T08:00:00Z,71.72,109.82,141.57,0,14,10.63,73.52,49.56,7.6
2022-10-04T09:00:00Z,71.72,109.82,141.57,0,14,10.63,73.52,49.56,7.6
2022-10-04T10:00:00Z,71.72,109.82,141.57,0,14,10.63,73.52,49.56,7.6
2022-10-04T11:00:00Z,71.72,109.82,141.57,0,14,10.63,73.52,49.56,7.6
2022-10-04T12:00:00Z,71.72,109.82,141.57,0,14,10.63,73.52,49.56,7.6
2022-10-04T13:00:00Z,71.72,109.82,141.57,0,14,10.63,73.52,49.56,7.6
2022-10-04T14:00:00Z,71.72,109.82,141.57,0,14,10.63,73.52,49.56,7.6
2022-10-04T15:00:00Z,71.72,109.82,141.57,0,14,10.63,73.52,49.56,7.6
2022-10-04T16:00:00Z,71.72,109.82,141.57,0,14,10.63,73.52,49.56,7.6
2022-10-04T17:00:00Z,71.72,109.82,141.57,0,14,10.63,73.52,49.56,7.6
2022-10-04T18:00:00Z,71.72,109.82,141.57,0,14,10.63,73.52,49.56,7.6
2022-10-04T19:00:00Z,71.72,109.82,141.57,0,14,10.63,73.52,49.56,7.6
2022-10-04T20:00:00Z,71.72,109.82,141.57,0,14,10.63,73.52,49.56,7.6
2022-10-04T21:00:00Z,71.72,109.82,141.57,0,14,10.63,73.52,49.56,7.6
2022-10-04T22:00:00Z,71.72,109.82,141.57,0,14,10.63,73.52,49.56,7.6
2022-10-04T23:00:00Z,71.72,109.82,141.57,0,14,10.63,73.52,49.56,7.6
2022-10-05T00:00:00Z,73.71,106.46,127.21,0,13.87,11.8,65.48,53.42,6.69
2022-10-05T01:00:00Z,73.71,106.46,127.21,0,13.87,11.8,65.48,53.42,6.69
2022-10-05T02:00:00Z,73.71,106.46,127.21,0,13.87,11.8,65.48,53.42,6.69
2022-10-05T03:00:00Z,73.71,106.46,127.21,0,13.87,11.8,65.48,53.42,6.69
2022-10-05T04:00:00Z,73.71,106.46,127.21,0,13.87,11.8,65.48,53.42,6.69
2022-10-05T05:00:00Z,73.71,106.46,127.21,0,13.87,11.8,65.48,53.42,6.69
2022-10-05T06:00:00Z,73.71,106.46,127.21,0,13.87,11.8,65.48,53.42,6.69
2022-10-05T07:00:00Z,73.71,106.46,127.21,0,13.87,11.8,65.48,53.42,6.69
2022-10-05T08:00:00Z,73.71,106.46,127.21,0,13.87,11.8,65.48,53.42,6.69
2022-10-05T09:00:00Z,73.71,106.46,127.21,0,13.87,11.8,65.48,53.42,6.69
2022-10-05T10:00:00Z,73.71,106.46,127.21,0,13.87,11.8,65.48,53.42,6.69
2022-10-05T11:00:00Z,73.71,106.46,127.21,0,13.87,11.8,65.48,53.42,6.69
2022-10-05T12:00:00Z,73.71,106.46,127.21,0,13.87,11.8,65.48,53.42,6.69
2022-10-05T13:00:00Z,73.71,106.46,127.21,0,13.87,11.8,65.48,53.42,6.69
2022-10-05T14:00:00Z,73.71,106.46,127.21,0,13.87,11.8,65.48,53.42,6.69
2022-10-05T15:00:00Z,73.71,106.46,127.21,0,13.87,11.8,65.48,53.42,6.69
2022-10-05T16:00:00Z,73.71,106.46,127.21,0,13.87,11.8,65.48,53.42,6.69
2022-10-05T17:00:00Z,73.71,106.46,127.21,0,13.87,11.8,65.48,53.42,6.69
2022-10-05T18:00:00Z,73.71,106.46,127.21,0,13.87,11.8,65.48,53.42,6.69
2022-10-05T19:00:00Z,73.71,106.46,127.21,0,13.87,11.8,65.48,53.42,6.69
2022-10-05T20:00:00Z,73.71,106.46,127.21,0,13.87,11.8,65.48,53.42,6.69
2022-10-05T21:00:00Z,73.71,106.46,127.21,0,13.87,11.8,65.48,53.42,6.69
2022-10-05T22:00:00Z,73.71,106.46,127.21,0,13.87,11.8,65.48,53.42,6.69
2022-10-05T23:00:00Z,73.71,106.46,127.21,0,13.87,11.8,65.48,53.42,6.69
2022-10-06T00:00:00Z,85.63,110.75,118.5,0,14.82,12.03,63.22,50.75,6.07
2022-10-06T01:00:00Z,85.63,110.75,118.5,0,14.82,12.03,63.22,50.75,6.07
2022-10-06T02:00:00Z,85.63,110.75,118.5,0,14.82,12.03,63.22,50.75,6.07
2022-10-06T03:00:00Z,85.63,110.75,118.5,0,14.82,12.03,63.22,50.75,6.07
2022-10-06T04:00:00Z,85.63,110.75,118.5,0,14.82,12.03,63.22,50.75,6.07
2022-10-06T05:00:00Z,85.63,110.75,118.5,0,14.82,12.03,63.22,50.75,6.07
2022-10-06T06:00:00Z,85.63,110.75,118.5,0,14.82,12.03,63.22,50.75,6.07
2022-10-06T07:00:00Z,85.63,110.75,118.5,0,14.82,12.03,63.22,50.75,6.07
2022-10-06T08:00:00Z,85.63,110.75,118.5,0,14.82,12.03,63.22,50.75,6.07
2022-10-06T09:00:00Z,85.63,110.75,118.5,0,14.82,12.03,63.22,50.75,6.07
2022-10-06T10:00:00Z,85.63,110.75,118.5,0,14.82,12.03,63.22,50.75,6.07
2022-10-06T11:00:00Z,85.63,110.75,118.5,0,14.82,12.03,63.22,50.75,6.07
2022-10-06T12:00:00Z,85.63,110.75,118.5,0,14.82,12.03,63.22,50.75,6.07
2022-10-06T13:00:00Z,85.63,110.75,118.5,0,14.82,12.03,63.22,50.75,6.07
2022-10-06T14:00:00Z,85.63,110.75,118.5,0,14.82,12.03,63.22,50.75,6.07
2022-10-06T15:00:00Z,85.63,110.75,118.5,0,14.82,12.03,63.22,50.75,6.07
2022-10-06T16:00:00Z,85.63,110.75,118.5,0,14.82,12.03,63.22,50.75,6.07
2022-10-06T17:00:00Z,85.63,110.75,118.5,0,14.82,12.03,63.22,50.75,6.07
2022-10-06T18:00:00Z,85.63,110.75,118.5,0,14.82,12.03,63.22,50.75,6.07
2022-10-06T19:00:00Z,85.63,110.75,118.5,0,14.82,12.03,63.22,50.75,6.07
2022-10-06T20:00:00Z,85.63,110.75,118.5,0,14.82,12.03,63.22,50.75,6.07
2022-10-06T21:00:00Z,85.63,110.75,118.5,0,14.82,12.03,63.22,50.75,6.07
2022-10-06T22:00:00Z,85.63,110.75,118.5,0,14.82,12.03,63.22,50.75,6.07
2022-10-06T23:00:00Z,85.63,110.75,118.5,0,14.82,12.03,63.22,50.75,6.07
2022-10-07T00:00:00Z,88.43,109.37,146.08,0,14.46,14.03,67.89,49.68,5.87
2022-10-07T01:00:00Z,88.43,109.37,146.08,0,14.46,14.03,67.89,49.68,5.87
2022-10-07T02:00:00Z,88.43,109.37,146.08,0,14.46,14.03,67.89,49.68,5.87
2022-10-07T03:00:00Z,88.43,109.37,146.08,0,14.46,14.03,67.89,49.68,5.87
2022-10-07T04:00:00Z,88.43,109.37,146.08,0,14.46,14.03,67.89,49.68,5.87
2022-10-07T05:00:00Z,88.43,109.37,146.08,0,14.46,14.03,67.89,49.68,5.87
2022-10-07T06:00:00Z,88.43,109.37,146.08,0,14.46,14.03,67.89,49.68,5.87
2022-10-07T07:00:00Z,88.43,109.37,146.08,0,14.46,14.03,67.89,49.68,5.87
2022-10-07T08:00:00Z,88.43,109.37,146.08,0,14.46,14.03,67.89,49.68,5.87
2022-10-07T09:00:00Z,88.43,109.37,146.08,0,14.46,14.03,67.89,49.68,5.87
2022-10-07T10:00:00Z,88.43,109.37,146.08,0,14.46,14.03,67.89,49.68,5.87
2022-10-07T11:00:00Z,88.43,109.37,146.08,0,14.46,14.03,67.89,49.68,5.87
2022-10-07T12:00:00Z,88.43,109.37,146.08,0,14.46,14.03,67.89,49.68,5.87
2022-10-07T13:00:00Z,88.43,109.37,146.08,0,14.46,14.03,67.89,49.68,5.87
2022-10-07T14:00:00Z,88.43,109.37,146.08,0,14.46,14.03,67.89,49.68,5.87
2022-10-07T15:00:00Z,88.43,109.37,146.08,0,14.46,14.03,67.89,49.68,5.87
2022-10-07T16:00:00Z,88.43,109.37,146.08,0,14.46,14.03,67.89,49.68,5.87
2022-10-07T17:00:00Z,88.43,109.37,146.08,0,14.46,14.03,67.89,49.68,5.87
2022-10-07T18:00:00Z,88.43,109.37,146.08,0,14.46,14.03,67.89,49.68,5.87
2022-10-07T19:00:00Z,88.43,109.37,146.08,0,14.46,14.03,67.89,49.68,5.87
2022-10-07T20:00:00Z,88.43,109.37,146.08,0,14.46,14.03,67.89,49.68,5.87
2022-10-07T21:00:00Z,88.43,109.37,146.08,0,14.46,14.03,67.89,49.68,5.87
2022-10-07T22:00:00Z,88.43,109.37,146.08,0,14.46,14.03,67.89,49.68,5.87
2022-10-07T23:00:00Z,88.43,109.37,146.08,0,14.46,14.03,67.89,49.68,5.87
2022-10-08T00:00:00Z,76.54,96.56,141.88,0,14.55,11.97,70.39,57.52,6.47
2022-10-08T01:00:00Z,76.54,96.56,141.88,0,14.55,11.97,70.39,57.52,6.47
2022-10-08T02:00:00Z,76.54,96.56,141.88,0,14.55,11.97,70.39,57.52,6.47
2022-10-08T03:00:00Z,76.54,96.56,141.88,0,14.55,11.97,70.39,57.52,6.47
2022-10-08T04:00:00Z,76.54,96.56,141.88,0,14.55,11.97,70.39,57.52,6.47
2022-10-08T05:00:00Z,76.54,96.56,141.88,0,14.55,11.97,70.39,57.52,6.47
2022-10-08T06:00:00Z,76.54,96.56,141.88,0,14.55,11.97,70.39,57.52,6.47
2022-10-08T07:00:00Z,76.54,96.56,141.88,0,14.55,11.97,70.39,57.52,6.47
2022-10-08T08:00:00Z,76.54,96.56,141.88,0,14.55,11.97,70.39,57.52,6.47
2022-10-08T09:00:00Z,76.54,96.56,141.88,0,14.55,11.97,70.39,57.52,6.47
2022-10-08T10:00:00Z,76.54,96.56,141.88,0,14.55,11.97,70.39,57.52,6.47
2022-10-08T11:00:00Z,76.54,96.56,141.88,0,14.55,11.97,70.39,57.52,6.47
2022-10-08T12:00:00Z,76.54,96.56,141.88,0,14.55,11.97,70.39,57.52,6.47
2022-10-08T13:00:00Z,76.54,96.56,141.88,0,14.55,11.97,70.39,57.52,6.47
2022-10-08T14:00:00Z,76.54,96.56,141.88,0,14.55,11.97,70.39,57.52,6.47
2022-10-08T15:00:00Z,76.54,96.56,141.88,0,14.55,11.97,70.39,57.52,6.47
2022-10-08T16:00:00Z,76.54,96.56,141.88,0,14.55,11.97,70.39,57.52,6.47
2022-10-08T17:00:00Z,76.54,96.56,141.88,0,14.55,11.97,70.39,57.52,6.47
2022-10-08T18:00:00Z,76.54,96.56,141.88,0,14.55,11.97,70.39,57.52,6.47
2022-10-08T19:00:00Z,76.54,96.56,141.88,0,14.55,11.97,70.39,57.52,6.47
2022-10-08T20:00:00Z,76.54,96.56,141.88,0,14.55,11.97,70.39,57.52,6.47
2022-10-08T21:00:00Z,76.54,96.56,141.88,0,14.55,11.97,70.39,57.52,6.47
2022-10-08T22:00:00Z,76.54,96.56,141.88,0,14.55,11.97,70.39,57.52,6.47
2022-10-08T23:00:00Z,76.54,96.56,141.88,0,14.55,11.97,70.39,57.52,6.47
2022-10-09T00:00:00Z,75.71,117.05,126.5,0,13.08,12.68,72.67,54.01,6.97
2022-10-09T01:00:00Z,75.71,117.05,126.5,0,13.08,12.68,72.67,54.01,6.97
2022-10-09T02:00:00Z,75.71,117.05,126.5,0,13.08,12.68,72.67,54.01,6.97
2022-10-09T03:00:00Z,75.71,117.05,126.5,0,13.08,12.68,72.67,54.01,6.97
2022-10-09T04:00:00Z,75.71,117.05,126.5,0,13.08,12.68,72.67,54.01,6.97
2022-10-09T05:00:00Z,75.71,117.05,126.5,0,13.08,12.68,72.67,54.01,6.97
2022-10-09T06:00:00Z,75.71,117.05,126.5,0,13.08,12.68,72.67,54.01,6.97
2022-10-09T07:00:00Z,75.71,117.05,126.5,0,13.08,12.68,72.67,54.01,6.97
2022-10-09T08:00:00Z,75.71,117.05,126.5,0,13.08,12.68,72.67,54.01,6.97
2022-10-09T09:00:00Z,75.71,117.05,126.5,0,13.08,12.68,72.67,54.01,6.97
2022-10-09T10:00:00Z,75.71,117.05,126.5,0,13.08,12.68,72.67,54.01,6.97
2022-10-09T11:00:00Z,75.71,117.05,126.5,0,13.08,12.68,72.67,54.01,6.97
2022-10-09T12:00:00Z,75.71,117.05,126.5,0,13.08,12.68,72.67,54.01,6.97
2022-10-09T13:00:00Z,75.71,117.05,126.5,0,13.08,12.68,72.67,54.01,6.97
2022-10-09T14:00:00Z,75.71,117.05,126.5,0,13.08,12.68,72.67,54.01,6.97
2022-10-09T15:00:00Z,75.71,117.05,126.5,0,13.08,12.68,72.67,54.01,6.97
2022-10-09T16:00:00Z,75.71,117.05,126.5,0,13.08,12.68,72.67,54.01,6.97
2022-10-09T17:00:00Z,75.71,117.05,126.5,0,13.08,12.68,72.67,54.01,6.97
2022-10-09T18:00:00Z,75.71,117.05,126.5,0,13.08,12.68,72.67,54.01,6.97
2022-10-09T19:00:00Z,75.71,117.05,126.5,0,13.08,12.68,72.67,54.01,6.97
2022-10-09T20:00:00Z,75.71,117.05,126.5,0,13.08,12.68,72.67,54.01,6.97
2022-10-09T21:00:00Z,75.71,117.05,126.5,0,13.08,12.68,72.67,54.01,6.97
2022-10-09T22:00:00Z,75.71,117.05,126.5,0,13.08,12.68,72.67,54.01,6.97
2022-10-09T23:00:00Z,75.71,117.05,126.5,0,13.08,12.68,72.67,54.01,6.97
2022-10-10T00:00:00Z,87.65,111.1,130.36,0,13.44,16.2,71.99,47.67,6.07
2022-10-10T01:00:00Z,87.65,111.1,130.36,0,13.44,16.2,71.99,47.67,6.07
2022-10-10T02:00:00Z,87.65,111.1,130.36,0,13.44,16.2,71.99,47.67,6.07
2022-10-10T03:00:00Z,87.65,111.1,130.36,0,13.44,16.2,71.99,47.67,6.07
2022-10-10T04:00:00Z,87.65,111.1,130.36,0,13.44,16.2,71.99,47.67,6.07
2022-10-10T05:00:00Z,87.65,111.1,130.36,0,13.44,16.2,71.99,47.67,6.07
2022-10-10T06:00:00Z,87.65,111.1,130.36,0,13.44,16.2,71.99,47.67,6.07
2022-10-10T07:00:00Z,87.65,111.1,130.36,0,13.44,16.2,71.99,47.67,6.07
2022-10-10T08:00:00Z,87.65,111.1,130.36,0,13.44,16.2,71.99,47.67,6.07
2022-10-10T09:00:00Z,87.65,111.1,130.36,0,13.44,16.2,71.99,47.67,6.07
2022-10-10T10:00:00Z,87.65,111.1,130.36,0,13.44,16.2,71.99,47.67,6.07
2022-10-10T11:00:00Z,87.65,111.1,130.36,0,13.44,16.2,71.99,47.67,6.07
2022-10-10T12:00:00Z,87.65,111.1,130.36,0,13.44,16.2,71.99,47.67,6.07
2022-10-10T13:00:00Z,87.65,111.1,130.36,0,13.44,16.2,71.99,47.67,6.07
2022-10-10T14:00:00Z,87.65,111.1,130.36,0,13.44,16.2,71.99,47.67,6.07
2022-10-10T15:00:00Z,87.65,111.1,130.36,0,13.44,16.2,71.99,47.67,6.07
2022-10-10T16:00:00Z,87.65,111.1,130.36,0,13.44,16.2,71.99,47.67,6.07
2022-10-10T17:00:00Z,87.65,111.1,130.36,0,13.44,16.2,71.99,47.67,6.07
2022-10-10T18:00:00Z,87.65,111.1,130.36,0,13.44,16.2,71.99,47.67,6.07
2022-10-10T19:00:00Z,87.65,111.1,130.36,0,13.44,16.2,71.99,47.67,6.07
2022-10-10T20:00:00Z,87.65,111.1,130.36,0,13.44,16.2,71.99,47.67,6.07
2022-10-10T21:00:00Z,87.65,111.1,130.36,0,13.44,16.2,71.99,47.67,6.07
2022-10-10T22:00:00Z,87.65,111.1,130.36,0,13.44,16.2,71.99,47.67,6.07
2022-10-10T23:00:00Z,87.65,111.1,130.36,0,13.44,16.2,71.99,47.67,6.07
2022-10-11T00:00:00Z,85.96,115.82,146.75,0,14.96,14.01,71.96,51.16,6.48
2022-10-11T01:00:00Z,85.96,115.82,146.75,0,14.96,14.01,71.96,51.16,6.48
2022-10-11T02:00:00Z,85.96,115.82,146.75,0,14.96,14.01,71.96,51.16,6.48
2022-10-11T03:00:00Z,85.96,115.82,146.75,0,14.96,14.01,71.96,51.16,6.48
2022-10-11T04:00:00Z,85.96,115.82,146.75,0,14.96,14.01,71.96,51.16,6.48
2022-10-11T05:00:00Z,85.96,115.82,146.75,0,14.96,14.01,71.96,51.16,6.48
2022-10-11T06:00:00Z,85.96,115.82,146.75,0,14.96,14.01,71.96,51.16,6.48
2022-10-11T07:00:00Z,85.96,115.82,146.75,0,14.96,14.01,71.96,51.16,6.48
2022-10-11T08:00:00Z,85.96,115.82,146.75,0,14.96,14.01,71.96,51.16,6.48
2022-10-11T09:00:00Z,85.96,115.82,146.75,0,14.96,14.01,71.96,51.16,6.48
2022-10-11T10:00:00Z,85.96,115.82,146.75,0,14.96,14.01,71.96,51.16,6.48
2022-10-11T11:00:00Z,85.96,115.82,146.75,0,14.96,14.01,71.96,51.16,6.48
2022-10-11T12:00:00Z,85.96,115.82,146.75,0,14.96,14.01,71.96,51.16,6.48
2022-10-11T13:00:00Z,85.96,115.82,146.75,0,14.96,14.01,71.96,51.16,6.48
2022-10-11T14:00:00Z,85.96,115.82,146.75,0,14.96,14.01,71.96,51.16,6.48
2022-10-11T15:00:00Z,85.96,115.82,146.75,0,14.96,14.01,71.96,51.16,6.48
2022-10-11T16:00:00Z,85.96,115.82,146.75,0,14.96,14.01,71.96,51.16,6.48
2022-10-11T17:00:00Z,85.96,115.82,146.75,0,14.96,14.01,71.96,51.16,6.48
2022-10-11T18:00:00Z,85.96,115.82,146.75,0,14.96,14.01,71.96,51.16,6.48
2022-10-11T19:00:00Z,85.96,115.82,146.75,0,14.96,14.01,71.96,51.16,6.48
2022-10-11T20:00:00Z,85.96,115.82,146.75,0,14.96,14.01,71.96,51.16,6.48
2022-10-11T21:00:00Z,85.96,115.82,146.75,0,14.96,14.01,71.96,51.16,6.48
2022-10-11T22:00:00Z,85.96,115.82,146.75,0,14.96,14.01,71.96,51.16,6.48
2022-10-11T23:00:00Z,85.96,115.82,146.75,0,14.96,14.01,71.96,51.16,6.48
2022-10-12T00:00:00Z,89.71,0,140.79,0,14.41,14.11,39.28,0,6.94
2022-10-12T01:00:00Z,89.71,0,140.79,0,14.41,14.11,39.28,0,6.94
2022-10-12T02:00:00Z,89.71,0,140.79,0,14.41,14.11,39.28,0,6.94
2022-10-12T03:00:00Z,89.71,0,140.79,0,14.41,14.11,39.28,0,6.94
2022-10-12T04:00:00Z,89.71,0,140.79,0,14.41,14.11,39.28,0,6.94
2022-10-12T05:00:00Z,89.71,0,140.79,0,14.41,14.11,39.28,0,6.94
2022-10-12T06:00:00Z,89.71,0,140.79,0,14.41,14.11,39.28,0,6.94
2022-10-12T07:00:00Z,89.71,0,140.79,0,14.41,14.11,39.28,0,6.94
2022-10-12T08:00:00Z,89.71,0,140.79,0,14.41,14.11,39.28,0,6.94
2022-10-12T09:00:00Z,89.71,0,140.79,0,14.41,14.11,39.28,0,6.94
2022-10-12T10:00:00Z,89.71,0,140.79,0,14.41,14.11,39.28,0,6.94
2022-10-12T11:00:00Z,89.71,0,140.79,0,14.41,14.11,39.28,0,6.94
2022-10-12T12:00:00Z,89.71,0,140.79,0,14.41,14.11,39.28,0,6.94
2022-10-12T13:00:00Z,89.71,0,140.79,0,14.41,14.11,39.28,0,6.94
2022-10-12T14:00:00Z,89.71,0,140.79,0,14.41,14.11,39.28,0,6.94
2022-10-12T15:00:00Z,89.71,0,140.79,0,14.41,14.11,39.28,0,6.94
2022-10-12T16:00:00Z,89.71,0,140.79,0,14.41,14.11,39.28,0,6.94
2022-10-12T17:00:00Z,89.71,0,140.79,0,14.41,14.11,39.28,0,6.94
2022-10-12T18:00:00Z,89.71,0,140.79,0,14.41,14.11,39.28,0,6.94
2022-10-12T19:00:00Z,89.71,0,140.79,0,14.41,14.11,39.28,0,6.94
2022-10-12T20:00:00Z,89.71,0,140.79,0,14.41,14.11,39.28,0,6.94
2022-10-12T21:00:00Z,89.71,0,140.79,0,14.41,14.11,39.28,0,6.94
2022-10-12T22:00:00Z,89.71,0,140.79,0,14.41,14.11,39.28,0,6.94
2022-10-12T23:00:00Z,89.71,0,140.79,0,14.41,14.11,39.28,0,6.94
2022-10-13T00:00:00Z,68.89,0,141.71,0,12.58,11.76,25.36,0,6.69
2022-10-13T01:00:00Z,68.89,0,141.71,0,12.58,11.76,25.36,0,6.69
2022-10-13T02:00:00Z,68.89,0,141.71,0,12.58,11.76,25.36,0,6.69
2022-10-13T03:00:00Z,68.89,0,141.71,0,12.58,11.76,25.36,0,6.69
2022-10-13T04:00:00Z,68.89,0,141.71,0,12.58,11.76,25.36,0,6.69
2022-10-13T05:00:00Z,68.89,0,141.71,0,12.58,11.76,25.36,0,6.69
2022-10-13T06:00:00Z,68.89,0,141.71,0,12.58,11.76,25.36,0,6.69
2022-10-13T07:00:00Z,68.89,0,141.71,0,12.58,11.76,25.36,0,6.69
2022-10-13T08:00:00Z,68.89,0,141.71,0,12.58,11.76,25.36,0,6.69
2022-10-13T09:00:00Z,68.89,0,141.71,0,12.58,11.76,25.36,0,6.69
2022-10-13T10:00:00Z,68.89,0,141.71,0,12.58,11.76,25.36,0,6.69
2022-10-13T11:00:00Z,68.89,0,141.71,0,12.58,11.76,25.36,0,6.69
2022-10-13T12:00:00Z,68.89,0,141.71,0,12.58,11.76,25.36,0,6.69
2022-10-13T13:00:00Z,68.89,0,141.71,0,12.58,11.76,25.36,0,6.69
2022-10-13T14:00:00Z,68.89,0,141.71,0,12.58,11.76,25.36,0,6.69
2022-10-13T15:00:00Z,68.89,0,141.71,0,12.58,11.76,25.36,0,6.69
2022-10-13T16:00:00Z,68.89,0,141.71,0,12.58,11.76,25.36,0,6.69
2022-10-13T17:00:00Z,68.89,0,141.71,0,12.58,11.76,25.36,0,6.69
2022-10-13T18:00:00Z,68.89,0,141.71,0,12.58,11.76,25.36,0,6.69
2022-10-13T19:00:00Z,68.89,0,141.71,0,12.58,11.76,25.36,0,6.69
2022-10-13T20:00:00Z,68.89,0,141.71,0,12.58,11.76,25.36,0,6.69
2022-10-13T21:00:00Z,68.89,0,141.71,0,12.58,11.76,25.36,0,6.69
2022-10-13T22:00:00Z,68.89,0,141.71,0,12.58,11.76,25.36,0,6.69
2022-10-13T23:00:00Z,68.89,0,141.71,0,12.58,11.76,25.36,0,6.69
2022-10-14T00:00:00Z,70.06,0,133.13,0,14.13,11.71,72.16,0,6.91
2022-10-14T01:00:00Z,70.06,0,133.13,0,14.13,11.71,72.16,0,6.91
2022-10-14T02:00:00Z,70.06,0,133.13,0,14.13,11.71,72.16,0,6.91
2022-10-14T03:00:00Z,70.06,0,133.13,0,14.13,11.71,72.16,0,6.91
2022-10-14T04:00:00Z,70.06,0,133.13,0,14.13,11.71,72.16,0,6.91
2022-10-14T05:00:00Z,70.06,0,133.13,0,14.13,11.71,72.16,0,6.91
2022-10-14T06:00:00Z,70.06,0,133.13,0,14.13,11.71,72.16,0,6.91
2022-10-14T07:00:00Z,70.06,0,133.13,0,14.13,11.71,72.16,0,6.91
2022-10-14T08:00:00Z,70.06,0,133.13,0,14.13,11.71,72.16,0,6.91
2022-10-14T09:00:00Z,70.06,0,133.13,0,14.13,11.71,72.16,0,6.91
2022-10-14T10:00:00Z,70.06,0,133.13,0,14.13,11.71,72.16,0,6.91
2022-10-14T11:00:00Z,70.06,0,133.13,0,14.13,11.71,72.16,0,6.91
2022-10-14T12:00:00Z,70.06,0,133.13,0,14.13,11.71,72.16,0,6.91
2022-10-14T13:00:00Z,70.06,0,133.13,0,14.13,11.71,72.16,0,6.91
2022-10-14T14:00:00Z,70.06,0,133.13,0,14.13,11.71,72.16,0,6.91
2022-10-14T15:00:00Z,70.06,0,133.13,0,14.13,11.71,72.16,0,6.91
2022-10-14T16:00:00Z,70.06,0,133.13,0,14.13,11.71,72.16,0,6.91
2022-10-14T17:00:00Z,70.06,0,133.13,0,14.13,11.71,72.16,0,6.91
2022-10-14T18:00:00Z,70.06,0,133.13,0,14.13,11.71,72.16,0,6.91
2022-10-14T19:00:00Z,70.06,0,133.13,0,14.13,11.71,72.16,0,6.91
2022-10-14T20:00:00Z,70.06,0,133.13,0,14.13,11.71,72.16,0,6.91
2022-10-14T21:00:00Z,70.06,0,133.13,0,14.13,11.71,72.16,0,6.91
2022-10-14T22:00:00Z,70.06,0,133.13,0,14.13,11.71,72.16,0,6.91
2022-10-14T23:00:00Z,70.06,0,133.13,0,14.13,11.71,72.16,0,6.91
2022-10-15T00:00:00Z,82.6,0,137.5,0,13.08,12.6,72.43,0,6.15
2022-10-15T01:00:00Z,82.6,0,137.5,0,13.08,12.6,72.43,0,6.15
2022-10-15T02:00:00Z,82.6,0,137.5,0,13.08,12.6,72.43,0,6.15
2022-10-15T03:00:00Z,82.6,0,137.5,0,13.08,12.6,72.43,0,6.15
2022-10-15T04:00:00Z,82.6,0,137.5,0,13.08,12.6,72.43,0,6.15
2022-10-15T05:00:00Z,82.6,0,137.5,0,13.08,12.6,72.43,0,6.15
2022-10-15T06:00:00Z,82.6,0,137.5,0,13.08,12.6,72.43,0,6.15
2022-10-15T07:00:00Z,82.6,0,137.5,0,13.08,12.6,72.43,0,6.15
2022-10-15T08:00:00Z,82.6,0,137.5,0,13.08,12.6,72.43,0,6.15
2022-10-15T09:00:00Z,82.6,0,137.5,0,13.08,12.6,72.43,0,6.15
2022-10-15T10:00:00Z,82.6,0,137.5,0,13.08,12.6,72.43,0,6.15
2022-10-15T11:00:00Z,82.6,0,137.5,0,13.08,12.6,72.43,0,6.15
2022-10-15T12:00:00Z,82.6,0,137.5,0,13.08,12.6,72.43,0,6.15
2022-10-15T13:00:00Z,82.6,0,137.5,0,13.08,12.6,72.43,0,6.15
2022-10-15T14:00:00Z,82.6,0,137.5,0,13.08,12.6,72.43,0,6.15
2022-10-15T15:00:00Z,82.6,0,137.5,0,13.08,12.6,72.43,0,6.15
2022-10-15T16:00:00Z,82.6,0,137.5,0,13.08,12.6,72.43,0,6.15
2022-10-15T17:00:00Z,82.6,0,137.5,0,13.08,12.6,72.43,0,6.15
2022-10-15T18:00:00Z,82.6,0,137.5,0,13.08,12.6,72.43,0,6.15
2022-10-15T19:00:00Z,82.6,0,137.5,0,13.08,12.6,72.43,0,6.15
2022-10-15T20:00:00Z,82.6,0,137.5,0,13.08,12.6,72.43,0,6.15
2022-10-15T21:00:00Z,82.6,0,137.5,0,13.08,12.6,72.43,0,6.15
2022-10-15T22:00:00Z,82.6,0,137.5,0,13.08,12.6,72.43,0,6.15
2022-10-15T23:00:00Z,82.6,0,137.5,0,13.08,12.6,72.43,0,6.15
2022-10-16T00:00:00Z,75.32,0,129.63,0,14.42,12.52,72.49,0,6.26
2022-10-16T01:00:00Z,75.32,0,129.63,0,14.42,12.52,72.49,0,6.26
2022-10-16T02:00:00Z,75.32,0,129.63,0,14.42,12.52,72.49,0,6.26
2022-10-16T03:00:00Z,75.32,0,129.63,0,14.42,12.52,72.49,0,6.26
2022-10-16T04:00:00Z,75.32,0,129.63,0,14.42,12.52,72.49,0,6.26
2022-10-16T05:00:00Z,75.32,0,129.63,0,14.42,12.52,72.49,0,6.26
2022-10-16T06:00:00Z,75.32,0,129.63,0,14.42,12.52,72.49,0,6.26
2022-10-16T07:00:00Z,75.32,0,129.63,0,14.42,12.52,72.49,0,6.26
2022-10-16T08:00:00Z,75.32,0,129.63,0,14.42,12.52,72.49,0,6.26
2022-10-16T09:00:00Z,75.32,0,129.63,0,14.42,12.52,72.49,0,6.26
2022-10-16T10:00:00Z,75.32,0,129.63,0,14.42,12.52,72.49,0,6.26
2022-10-16T11:00:00Z,75.32,0,129.63,0,14.42,12.52,72.49,0,6.26
2022-10-16T12:00:00Z,75.32,0,129.63,0,14.42,12.52,72.49,0,6.26
2022-10-16T13:00:00Z,75.32,0,129.63,0,14.42,12.52,72.49,0,6.26
2022-10-16T14:00:00Z,75.32,0,129.63,0,14.42,12.52,72.49,0,6.26
2022-10-16T15:00:00Z,75.32,0,129.63,0,14.42,12.52,72.49,0,6.26
2022-10-16T16:00:00Z,75.32,0,129.63,0,14.42,12.52,72.49,0,6.26
2022-10-16T17:00:00Z,75.32,0,129.63,0,14.42,12.52,72.49,0,6.26
2022-10-16T18:00:00Z,75.32,0,129.63,0,14.42,12.52,72.49,0,6.26
2022-10-16T19:00:00Z,75.32,0,129.63,0,14.42,12.52,72.49,0,6.26
2022-10-16T20:00:00Z,75.32,0,129.63,0,14.42,12.52,72.49,0,6.26
2022-10-16T21:00:00Z,75.32,0,129.63,0,14.42,12.52,72.49,0,6.26
2022-10-16T22:00:00Z,75.32,0,129.63,0,14.42,12.52,72.49,0,6.26
2022-10-16T23:00:00Z,75.32,0,129.63,0,14.42,12.52,72.49,0,6.26
2022-10-17T00:00:00Z,86.42,0,138.29,0,13.64,14.1,73.52,0,6.58
2022-10-17T01:00:00Z,86.42,0,138.29,0,13.64,14.1,73.52,0,6.58
2022-10-17T02:00:00Z,86.42,0,138.29,0,13.64,14.1,73.52,0,6.58
2022-10-17T03:00:00Z,86.42,0,138.29,0,13.64,14.1,73.52,0,6.58
2022-10-17T04:00:00Z,86.42,0,138.29,0,13.64,14.1,73.52,0,6.58
2022-10-17T05:00:00Z,86.42,0,138.29,0,13.64,14.1,73.52,0,6.58
2022-10-17T06:00:00Z,86.42,0,138.29,0,13.64,14.1,73.52,0,6.58
2022-10-17T07:00:00Z,86.42,0,138.29,0,13.64,14.1,73.52,0,6.58
2022-10-17T08:00:00Z,86.42,0,138.29,0,13.64,14.1,73.52,0,6.58
2022-10-17T09:00:00Z,86.42,0,138.29,0,13.64,14.1,73.52,0,6.58
2022-10-17T10:00:00Z,86.42,0,138.29,0,13.64,14.1,73.52,0,6.58
2022-10-17T11:00:00Z,86.42,0,138.29,0,13.64,14.1,73.52,0,6.58
2022-10-17T12:00:00Z,86.42,0,138.29,0,13.64,14.1,73.52,0,6.58
2022-10-17T13:00:00Z,86.42,0,138.29,0,13.64,14.1,73.52,0,6.58
2022-10-17T14:00:00Z,86.42,0,138.29,0,13.64,14.1,73.52,0,6.58
2022-10-17T15:00:00Z,86.42,0,138.29,0,13.64,14.1,73.52,0,6.58
2022-10-17T16:00:00Z,86.42,0,138.29,0,13.64,14.1,73.52,0,6.58
2022-10-17T17:00:00Z,86.42,0,138.29,0,13.64,14.1,73.52,0,6.58
2022-10-17T18:00:00Z,86.42,0,138.29,0,13.64,14.1,73.52,0,6.58
2022-10-17T19:00:00Z,86.42,0,138.29,0,13.64,14.1,73.52,0,6.58
2022-10-17T20:00:00Z,86.42,0,138.29,0,13.64,14.1,73.52,0,6.58
2022-10-17T21:00:00Z,86.42,0,138.29,0,13.64,14.1,73.52,0,6.58
2022-10-17T22:00:00Z,86.42,0,138.29,0,13.64,14.1,73.52,0,6.58
2022-10-17T23:00:00Z,86.42,0,138.29,0,13.64,14.1,73.52,0,6.58
2022-10-18T00:00:00Z,120.56,153.66,139.71,0,10.47,13.32,25.36,0,6
2022-10-18T01:00:00Z,120.56,153.66,139.71,0,10.47,13.32,25.36,0,6
2022-10-18T02:00:00Z,120.56,153.66,139.71,0,10.47,13.32,25.36,0,6
2022-10-18T03:00:00Z,120.56,153.66,139.71,0,10.47,13.32,25.36,0,6
2022-10-18T04:00:00Z,120.56,153.66,139.71,0,10.47,13.32,25.36,0,6
2022-10-18T05:00:00Z,120.56,153.66,139.71,0,10.47,13.32,25.36,0,6
2022-10-18T06:00:00Z,120.56,153.66,139.71,0,10.47,13.32,25.36,0,6
2022-10-18T07:00:00Z,120.56,153.66,139.71,0,10.47,13.32,25.36,0,6
2022-10-18T08:00:00Z,120.56,153.66,139.71,0,10.47,13.32,25.36,0,6
2022-10-18T09:00:00Z,120.56,153.66,139.71,0,10.47,13.32,25.36,0,6
2022-10-18T10:00:00Z,120.56,153.66,139.71,0,10.47,13.32,25.36,0,6
2022-10-18T11:00:00Z,120.56,153.66,139.71,0,10.47,13.32,25.36,0,6
2022-10-18T12:00:00Z,120.56,153.66,139.71,0,10.47,13.32,25.36,0,6
2022-10-18T13:00:00Z,120.56,153.66,139.71,0,10.47,13.32,25.36,0,6
2022-10-18T14:00:00Z,120.56,153.66,139.71,0,10.47,13.32,25.36,0,6
2022-10-18T15:00:00Z,120.56,153.66,139.71,0,10.47,13.32,25.36,0,6
2022-10-18T16:00:00Z,120.56,153.66,139.71,0,10.47,13.32,25.36,0,6
2022-10-18T17:00:00Z,120.56,153.66,139.71,0,10.47,13.32,25.36,0,6
2022-10-18T18:00:00Z,120.56,153.66,139.71,0,10.47,13.32,25.36,0,6
2022-10-18T19:00:00Z,120.56,153.66,139.71,0,10.47,13.32,25.36,0,6
2022-10-18T20:00:00Z,120.56,153.66,139.71,0,10.47,13.32,25.36,0,6
2022-10-18T21:00:00Z,120.56,153.66,139.71,0,10.47,13.32,25.36,0,6
2022-10-18T22:00:00Z,120.56,153.66,139.71,0,10.47,13.32,25.36,0,6
2022-10-18T23:00:00Z,120.56,153.66,139.71,0,10.47,13.32,25.36,0,6
2022-10-19T00:00:00Z,125.53,155.28,133.47,0,10.78,13.72,25.36,0,6
2022-10-19T01:00:00Z,125.53,155.28,133.47,0,10.78,13.72,25.36,0,6
2022-10-19T02:00:00Z,125.53,155.28,133.47,0,10.78,13.72,25.36,0,6
2022-10-19T03:00:00Z,125.53,155.28,133.47,0,10.78,13.72,25.36,0,6
2022-10-19T04:00:00Z,125.53,155.28,133.47,0,10.78,13.72,25.36,0,6
2022-10-19T05:00:00Z,125.53,155.28,133.47,0,10.78,13.72,25.36,0,6
2022-10-19T06:00:00Z,125.53,155.28,133.47,0,10.78,13.72,25.36,0,6
2022-10-19T07:00:00Z,125.53,155.28,133.47,0,10.78,13.72,25.36,0,6
2022-10-19T08:00:00Z,125.53,155.28,133.47,0,10.78,13.72,25.36,0,6
2022-10-19T09:00:00Z,125.53,155.28,133.47,0,10.78,13.72,25.36,0,6
2022-10-19T10:00:00Z,125.53,155.28,133.47,0,10.78,13.72,25.36,0,6
2022-10-19T11:00:00Z,125.53,155.28,133.47,0,10.78,13.72,25.36,0,6
2022-10-19T12:00:00Z,125.53,155.28,133.47,0,10.78,13.72,25.36,0,6
2022-10-19T13:00:00Z,125.53,155.28,133.47,0,10.78,13.72,25.36,0,6
2022-10-19T14:00:00Z,125.53,155.28,133.47,0,10.78,13.72,25.36,0,6
2022-10-19T15:00:00Z,125.53,155.28,133.47,0,10.78,13.72,25.36,0,6
2022-10-19T16:00:00Z,125.53,155.28,133.47,0,10.78,13.72,25.36,0,6
2022-10-19T17:00:00Z,125.53,155.28,133.47,0,10.78,13.72,25.36,0,6
2022-10-19T18:00:00Z,125.53,155.28,133.47,0,10.78,13.72,25.36,0,6
2022-10-19T19:00:00Z,125.53,155.28,133.47,0,10.78,13.72,25.36,0,6
2022-10-19T20:00:00Z,125.53,155.28,133.47,0,10.78,13.72,25.36,0,6
2022-10-19T21:00:00Z,125.53,155.28,133.47,0,10.78,13.72,25.36,0,6
2022-10-19T22:00:00Z,125.53,155.28,133.47,0,10.78,13.72,25.36,0,6
2022-10-19T23:00:00Z,125.53,155.28,133.47,0,10.78,13.72,25.36,0,6
2022-10-20T00:00:00Z,122.62,154.44,134.79,0,10.55,13.42,25.36,0,6
2022-10-20T01:00:00Z,122.62,154.44,134.79,0,10.55,13.42,25.36,0,6
2022-10-20T02:00:00Z,122.62,154.44,134.79,0,10.55,13.42,25.36,0,6
2022-10-20T03:00:00Z,122.62,154.44,134.79,0,10.55,13.42,25.36,0,6
2022-10-20T04:00:00Z,122.62,154.44,134.79,0,10.55,13.42,25.36,0,6
2022-10-20T05:00:00Z,122.62,154.44,134.79,0,10.55,13.42,25.36,0,6
2022-10-20T06:00:00Z,122.62,154.44,134.79,0,10.55,13.42,25.36,0,6
2022-10-20T07:00:00Z,122.62,154.44,134.79,0,10.55,13.42,25.36,0,6
2022-10-20T08:00:00Z,122.62,154.44,134.79,0,10.55,13.42,25.36,0,6
2022-10-20T09:00:00Z,122.62,154.44,134.79,0,10.55,13.42,25.36,0,6
2022-10-20T10:00:00Z,122.62,154.44,134.79,0,10.55,13.42,25.36,0,6
2022-10-20T11:00:00Z,122.62,154.44,134.79,0,10.55,13.42,25.36,0,6
2022-10-20T12:00:00Z,122.62,154.44,134.79,0,10.55,13.42,25.36,0,6
2022-10-20T13:00:00Z,122.62,154.44,134.79,0,10.55,13.42,25.36,0,6
2022-10-20T14:00:00Z,122.62,154.44,134.79,0,10.55,13.42,25.36,0,6
2022-10-20T15:00:00Z,122.62,154.44,134.79,0,10.55,13.42,25.36,0,6
2022-10-20T16:00:00Z,122.62,154.44,134.79,0,10.55,13.42,25.36,0,6
2022-10-20T17:00:00Z,122.62,154.44,134.79,0,10.55,13.42,25.36,0,6
2022-10-20T18:00:00Z,122.62,154.44,134.79,0,10.55,13.42,25.36,0,6
2022-10-20T19:00:00Z,122.62,154.44,134.79,0,10.55,13.42,25.36,0,6
2022-10-20T20:00:00Z,122.62,154.44,134.79,0,10.55,13.42,25.36,0,6
2022-10-20T21:00:00Z,122.62,154.44,134.79,0,10.55,13.42,25.36,0,6
2022-10-20T22:00:00Z,122.62,154.44,134.79,0,10.55,13.42,25.36,0,6
2022-10-20T23:00:00Z,122.62,154.44,134.79,0,10.55,13.42,25.36,0,6
2022-10-21T00:00:00Z,125.57,156.12,135.02,0,10.74,13.67,25.36,0,6
2022-10-21T01:00:00Z,125.57,156.12,135.02,0,10.74,13.67,25.36,0,6
2022-10-21T02:00:00Z,125.57,156.12,135.02,0,10.74,13.67,25.36,0,6
2022-10-21T03:00:00Z,125.57,156.12,135.02,0,10.74,13.67,25.36,0,6
2022-10-21T04:00:00Z,125.57,156.12,135.02,0,10.74,13.67,25.36,0,6
2022-10-21T05:00:00Z,125.57,156.12,135.02,0,10.74,13.67,25.36,0,6
2022-10-21T06:00:00Z,125.57,156.12,135.02,0,10.74,13.67,25.36,0,6
2022-10-21T07:00:00Z,125.57,156.12,135.02,0,10.74,13.67,25.36,0,6
2022-10-21T08:00:00Z,125.57,156.12,135.02,0,10.74,13.67,25.36,0,6
2022-10-21T09:00:00Z,125.57,156.12,135.02,0,10.74,13.67,25.36,0,6
2022-10-21T10:00:00Z,125.57,156.12,135.02,0,10.74,13.67,25.36,0,6
2022-10-21T11:00:00Z,125.57,156.12,135.02,0,10.74,13.67,25.36,0,6
2022-10-21T12:00:00Z,125.57,156.12,135.02,0,10.74,13.67,25.36,0,6
2022-10-21T13:00:00Z,125.57,156.12,135.02,0,10.74,13.67,25.36,0,6
2022-10-21T14:00:00Z,125.57,156.12,135.02,0,10.74,13.67,25.36,0,6
2022-10-21T15:00:00Z,125.57,156.12,135.02,0,10.74,13.67,25.36,0,6
2022-10-21T16:00:00Z,125.57,156.12,135.02,0,10.74,13.67,25.36,0,6
2022-10-21T17:00:00Z,125.57,156.12,135.02,0,10.74,13.67,25.36,0,6
2022-10-21T18:00:00Z,125.57,156.12,135.02,0,10.74,13.67,25.36,0,6
2022-10-21T19:00:00Z,125.57,156.12,135.02,0,10.74,13.67,25.36,0,6
2022-10-21T20:00:00Z,125.57,156.12,135.02,0,10.74,13.67,25.36,0,6
2022-10-21T21:00:00Z,125.57,156.12,135.02,0,10.74,13.67,25.36,0,6
2022-10-21T22:00:00Z,125.57,156.12,135.02,0,10.74,13.67,25.36,0,6
2022-10-21T23:00:00Z,125.57,156.12,135.02,0,10.74,13.67,25.36,0,6
2022-10-22T00:00:00Z,125.96,155.17,128.31,0,10.62,13.51,25.36,0,6
2022-10-22T01:00:00Z,125.96,155.17,128.31,0,10.62,13.51,25.36,0,6
2022-10-22T02:00:00Z,125.96,155.17,128.31,0,10.62,13.51,25.36,0,6
2022-10-22T03:00:00Z,125.96,155.17,128.31,0,10.62,13.51,25.36,0,6
2022-10-22T04:00:00Z,125.96,155.17,128.31,0,10.62,13.51,25.36,0,6
2022-10-22T05:00:00Z,125.96,155.17,128.31,0,10.62,13.51,25.36,0,6
2022-10-22T06:00:00Z,125.96,155.17,128.31,0,10.62,13.51,25.36,0,6
2022-10-22T07:00:00Z,125.96,155.17,128.31,0,10.62,13.51,25.36,0,6
2022-10-22T08:00:00Z,125.96,155.17,128.31,0,10.62,13.51,25.36,0,6
2022-10-22T09:00:00Z,125.96,155.17,128.31,0,10.62,13.51,25.36,0,6
2022-10-22T10:00:00Z,125.96,155.17,128.31,0,10.62,13.51,25.36,0,6
2022-10-22T11:00:00Z,125.96,155.17,128.31,0,10.62,13.51,25.36,0,6
2022-10-22T12:00:00Z,125.96,155.17,128.31,0,10.62,13.51,25.36,0,6
2022-10-22T13:00:00Z,125.96,155.17,128.31,0,10.62,13.51,25.36,0,6
2022-10-22T14:00:00Z,125.96,155.17,128.31,0,10.62,13.51,25.36,0,6
2022-10-22T15:00:00Z,125.96,155.17,128.31,0,10.62,13.51,25.36,0,6
2022-10-22T16:00:00Z,125.96,155.17,128.31,0,10.62,13.51,25.36,0,6
2022-10-22T17:00:00Z,125.96,155.17,128.31,0,10.62,13.51,25.36,0,6
2022-10-22T18:00:00Z,125.96,155.17,128.31,0,10.62,13.51,25.36,0,6
2022-10-22T19:00:00Z,125.96,155.17,128.31,0,10.62,13.51,25.36,0,6
2022-10-22T20:00:00Z,125.96,155.17,128.31,0,10.62,13.51,25.36,0,6
2022-10-22T21:00:00Z,125.96,155.17,128.31,0,10.62,13.51,25.36,0,6
2022-10-22T22:00:00Z,125.96,155.17,128.31,0,10.62,13.51,25.36,0,6
2022-10-22T23:00:00Z,125.96,155.17,128.31,0,10.62,13.51,25.36,0,6
2022-10-23T00:00:00Z,131.42,162.64,126.64,0,10.66,13.57,25.36,0,6
2022-10-23T01:00:00Z,131.42,162.64,126.64,0,10.66,13.57,25.36,0,6
2022-10-23T02:00:00Z,131.42,162.64,126.64,0,10.66,13.57,25.36,0,6
2022-10-23T03:00:00Z,131.42,162.64,126.64,0,10.66,13.57,25.36,0,6
2022-10-23T04:00:00Z,131.42,162.64,126.64,0,10.66,13.57,25.36,0,6
2022-10-23T05:00:00Z,131.42,162.64,126.64,0,10.66,13.57,25.36,0,6
2022-10-23T06:00:00Z,131.42,162.64,126.64,0,10.66,13.57,25.36,0,6
2022-10-23T07:00:00Z,131.42,162.64,126.64,0,10.66,13.57,25.36,0,6
2022-10-23T08:00:00Z,131.42,162.64,126.64,0,10.66,13.57,25.36,0,6
2022-10-23T09:00:00Z,131.42,162.64,126.64,0,10.66,13.57,25.36,0,6
2022-10-23T10:00:00Z,131.42,162.64,126.64,0,10.66,13.57,25.36,0,6
2022-10-23T11:00:00Z,131.42,162.64,126.64,0,10.66,13.57,25.36,0,6
2022-10-23T12:00:00Z,131.42,162.64,126.64,0,10.66,13.57,25.36,0,6
2022-10-23T13:00:00Z,131.42,162.64,126.64,0,10.66,13.57,25.36,0,6
2022-10-23T14:00:00Z,131.42,162.64,126.64,0,10.66,13.57,25.36,0,6
2022-10-23T15:00:00Z,131.42,162.64,126.64,0,10.66,13.57,25.36,0,6
2022-10-23T16:00:00Z,131.42,162.64,126.64,0,10.66,13.57,25.36,0,6
2022-10-23T17:00:00Z,131.42,162.64,126.64,0,10.66,13.57,25.36,0,6
2022-10-23T18:00:00Z,131.42,162.64,126.64,0,10.66,13.57,25.36,0,6
2022-10-23T19:00:00Z,131.42,162.64,126.64,0,10.66,13.57,25.36,0,6
2022-10-23T20:00:00Z,131.42,162.64,126.64,0,10.66,13.57,25.36,0,6
2022-10-23T21:00:00Z,131.42,162.64,126.64,0,10.66,13.57,25.36,0,6
2022-10-23T22:00:00Z,131.42,162.64,126.64,0,10.66,13.57,25.36,0,6
2022-10-23T23:00:00Z,131.42,162.64,126.64,0,10.66,13.57,25.36,0,6
2022-10-24T00:00:00Z,132.77,163.23,135.63,0,11.08,14.1,25.36,0,6
2022-10-24T01:00:00Z,132.77,163.23,135.63,0,11.08,14.1,25.36,0,6
2022-10-24T02:00:00Z,132.77,163.23,135.63,0,11.08,14.1,25.36,0,6
2022-10-24T03:00:00Z,132.77,163.23,135.63,0,11.08,14.1,25.36,0,6
2022-10-24T04:00:00Z,132.77,163.23,135.63,0,11.08,14.1,25.36,0,6
2022-10-24T05:00:00Z,132.77,163.23,135.63,0,11.08,14.1,25.36,0,6
2022-10-24T06:00:00Z,132.77,163.23,135.63,0,11.08,14.1,25.36,0,6
2022-10-24T07:00:00Z,132.77,163.23,135.63,0,11.08,14.1,25.36,0,6
2022-10-24T08:00:00Z,132.77,163.23,135.63,0,11.08,14.1,25.36,0,6
2022-10-24T09:00:00Z,132.77,163.23,135.63,0,11.08,14.1,25.36,0,6
2022-10-24T10:00:00Z,132.77,163.23,135.63,0,11.08,14.1,25.36,0,6
2022-10-24T11:00:00Z,132.77,163.23,135.63,0,11.08,14.1,25.36,0,6
2022-10-24T12:00:00Z,132.77,163.23,135.63,0,11.08,14.1,25.36,0,6
2022-10-24T13:00:00Z,132.77,163.23,135.63,0,11.08,14.1,25.36,0,6
2022-10-24T14:00:00Z,132.77,163.23,135.63,0,11.08,14.1,25.36,0,6
2022-10-24T15:00:00Z,132.77,163.23,135.63,0,11.08,14.1,25.36,0,6
2022-10-24T16:00:00Z,132.77,163.23,135.63,0,11.08,14.1,25.36,0,6
2022-10-24T17:00:00Z,132.77,163.23,135.63,0,11.08,14.1,25.36,0,6
2022-10-24T18:00:00Z,132.77,163.23,135.63,0,11.08,14.1,25.36,0,6
2022-10-24T19:00:00Z,132.77,163.23,135.63,0,11.08,14.1,25.36,0,6
2022-10-24T20:00:00Z,132.77,163.23,135.63,0,11.08,14.1,25.36,0,6
2022-10-24T21:00:00Z,132.77,163.23,135.63,0,11.08,14.1,25.36,0,6
2022-10-24T22:00:00Z,132.77,163.23,135.63,0,11.08,14.1,25.36,0,6
2022-10-24T23:00:00Z,132.77,163.23,135.63,0,11.08,14.1,25.36,0,6
2022-10-25T00:00:00Z,126.54,158.54,137.84,0,10.65,13.55,25.36,0,6
2022-10-25T01:00:00Z,126.54,158.54,137.84,0,10.65,13.55,25.36,0,6
2022-10-25T02:00:00Z,126.54,158.54,137.84,0,10.65,13.55,25.36,0,6
2022-10-25T03:00:00Z,126.54,158.54,137.84,0,10.65,13.55,25.36,0,6
2022-10-25T04:00:00Z,126.54,158.54,137.84,0,10.65,13.55,25.36,0,6
2022-10-25T05:00:00Z,126.54,158.54,137.84,0,10.65,13.55,25.36,0,6
2022-10-25T06:00:00Z,126.54,158.54,137.84,0,10.65,13.55,25.36,0,6
2022-10-25T07:00:00Z,126.54,158.54,137.84,0,10.65,13.55,25.36,0,6
2022-10-25T08:00:00Z,126.54,158.54,137.84,0,10.65,13.55,25.36,0,6
2022-10-25T09:00:00Z,126.54,158.54,137.84,0,10.65,13.55,25.36,0,6
2022-10-25T10:00:00Z,126.54,158.54,137.84,0,10.65,13.55,25.36,0,6
2022-10-25T11:00:00Z,126.54,158.54,137.84,0,10.65,13.55,25.36,0,6
2022-10-25T12:00:00Z,126.54,158.54,137.84,0,10.65,13.55,25.36,0,6
2022-10-25T13:00:00Z,126.54,158.54,137.84,0,10.65,13.55,25.36,0,6
2022-10-25T14:00:00Z,126.54,158.54,137.84,0,10.65,13.55,25.36,0,6
2022-10-25T15:00:00Z,126.54,158.54,137.84,0,10.65,13.55,25.36,0,6
2022-10-25T16:00:00Z,126.54,158.54,137.84,0,10.65,13.55,25.36,0,6
2022-10-25T17:00:00Z,126.54,158.54,137.84,0,10.65,13.55,25.36,0,6
2022-10-25T18:00:00Z,126.54,158.54,137.84,0,10.65,13.55,25.36,0,6
2022-10-25T19:00:00Z,126.54,158.54,137.84,0,10.65,13.55,25.36,0,6
2022-10-25T20:00:00Z,126.54,158.54,137.84,0,10.65,13.55,25.36,0,6
2022-10-25T21:00:00Z,126.54,158.54,137.84,0,10.65,13.55,25.36,0,6
2022-10-25T22:00:00Z,126.54,158.54,137.84,0,10.65,13.55,25.36,0,6
2022-10-25T23:00:00Z,126.54,158.54,137.84,0,10.65,13.55,25.36,0,6
2022-10-26T00:00:00Z,128.38,159.65,138.07,0,10.6,13.5,25.36,0,6
2022-10-26T01:00:00Z,128.38,159.65,138.07,0,10.6,13.5,25.36,0,6
2022-10-26T02:00:00Z,128.38,159.65,138.07,0,10.6,13.5,25.36,0,6
2022-10-26T03:00:00Z,128.38,159.65,138.07,0,10.6,13.5,25.36,0,6
2022-10-26T04:00:00Z,128.38,159.65,138.07,0,10.6,13.5,25.36,0,6
2022-10-26T05:00:00Z,128.38,159.65,138.07,0,10.6,13.5,25.36,0,6
2022-10-26T06:00:00Z,128.38,159.65,138.07,0,10.6,13.5,25.36,0,6
2022-10-26T07:00:00Z,128.38,159.65,138.07,0,10.6,13.5,25.36,0,6
2022-10-26T08:00:00Z,128.38,159.65,138.07,0,10.6,13.5,25.36,0,6
2022-10-26T09:00:00Z,128.38,159.65,138.07,0,10.6,13.5,25.36,0,6
2022-10-26T10:00:00Z,128.38,159.65,138.07,0,10.6,13.5,25.36,0,6
2022-10-26T11:00:00Z,128.38,159.65,138.07,0,10.6,13.5,25.36,0,6
2022-10-26T12:00:00Z,128.38,159.65,138.07,0,10.6,13.5,25.36,0,6
2022-10-26T13:00:00Z,128.38,159.65,138.07,0,10.6,13.5,25.36,0,6
2022-10-26T14:00:00Z,128.38,159.65,138.07,0,10.6,13.5,25.36,0,6
2022-10-26T15:00:00Z,128.38,159.65,138.07,0,10.6,13.5,25.36,0,6
2022-10-26T16:00:00Z,128.38,159.65,138.07,0,10.6,13.5,25.36,0,6
2022-10-26T17:00:00Z,128.38,159.65,138.07,0,10.6,13.5,25.36,0,6
2022-10-26T18:00:00Z,128.38,159.65,138.07,0,10.6,13.5,25.36,0,6
2022-10-26T19:00:00Z,128.38,159.65,138.07,0,10.6,13.5,25.36,0,6
2022-10-26T20:00:00Z,128.38,159.65,138.07,0,10.6,13.5,25.36,0,6
2022-10-26T21:00:00Z,128.38,159.65,138.07,0,10.6,13.5,25.36,0,6
2022-10-26T22:00:00Z,128.38,159.65,138.07,0,10.6,13.5,25.36,0,6
2022-10-26T23:00:00Z,128.38,159.65,138.07,0,10.6,13.5,25.36,0,6
2022-10-27T00:00:00Z,116.8,150.73,134.21,0,10.17,12.94,25.36,0,6
2022-10-27T01:00:00Z,116.8,150.73,134.21,0,10.17,12.94,25.36,0,6
2022-10-27T02:00:00Z,116.8,150.73,134.21,0,10.17,12.94,25.36,0,6
2022-10-27T03:00:00Z,116.8,150.73,134.21,0,10.17,12.94,25.36,0,6
2022-10-27T04:00:00Z,116.8,150.73,134.21,0,10.17,12.94,25.36,0,6
2022-10-27T05:00:00Z,116.8,150.73,134.21,0,10.17,12.94,25.36,0,6
2022-10-27T06:00:00Z,116.8,150.73,134.21,0,10.17,12.94,25.36,0,6
2022-10-27T07:00:00Z,116.8,150.73,134.21,0,10.17,12.94,25.36,0,6
2022-10-27T08:00:00Z,116.8,150.73,134.21,0,10.17,12.94,25.36,0,6
2022-10-27T09:00:00Z,116.8,150.73,134.21,0,10.17,12.94,25.36,0,6
2022-10-27T10:00:00Z,116.8,150.73,134.21,0,10.17,12.94,25.36,0,6
2022-10-27T11:00:00Z,116.8,150.73,134.21,0,10.17,12.94,25.36,0,6
2022-10-27T12:00:00Z,116.8,150.73,134.21,0,10.17,12.94,25.36,0,6
2022-10-27T13:00:00Z,116.8,150.73,134.21,0,10.17,12.94,25.36,0,6
2022-10-27T14:00:00Z,116.8,150.73,134.21,0,10.17,12.94,25.36,0,6
2022-10-27T15:00:00Z,116.8,150.73,134.21,0,10.17,12.94,25.36,0,6
2022-10-27T16:00:00Z,116.8,150.73,134.21,0,10.17,12.94,25.36,0,6
2022-10-27T17:00:00Z,116.8,150.73,134.21,0,10.17,12.94,25.36,0,6
2022-10-27T18:00:00Z,116.8,150.73,134.21,0,10.17,12.94,25.36,0,6
2022-10-27T19:00:00Z,116.8,150.73,134.21,0,10.17,12.94,25.36,0,6
2022-10-27T20:00:00Z,116.8,150.73,134.21,0,10.17,12.94,25.36,0,6
2022-10-27T21:00:00Z,116.8,150.73,134.21,0,10.17,12.94,25.36,0,6
2022-10-27T22:00:00Z,116.8,150.73,134.21,0,10.17,12.94,25.36,0,6
2022-10-27T23:00:00Z,116.8,150.73,134.21,0,10.17,12.94,25.36,0,6
2022-10-28T00:00:00Z,119.73,151.46,132.55,0,10.46,13.32,25.36,0,6
2022-10-28T01:00:00Z,119.73,151.46,132.55,0,10.46,13.32,25.36,0,6
2022-10-28T02:00:00Z,119.73,151.46,132.55,0,10.46,13.32,25.36,0,6
2022-10-28T03:00:00Z,119.73,151.46,132.55,0,10.46,13.32,25.36,0,6
2022-10-28T04:00:00Z,119.73,151.46,132.55,0,10.46,13.32,25.36,0,6
2022-10-28T05:00:00Z,119.73,151.46,132.55,0,10.46,13.32,25.36,0,6
2022-10-28T06:00:00Z,119.73,151.46,132.55,0,10.46,13.32,25.36,0,6
2022-10-28T07:00:00Z,119.73,151.46,132.55,0,10.46,13.32,25.36,0,6
2022-10-28T08:00:00Z,119.73,151.46,132.55,0,10.46,13.32,25.36,0,6
2022-10-28T09:00:00Z,119.73,151.46,132.55,0,10.46,13.32,25.36,0,6
2022-10-28T10:00:00Z,119.73,151.46,132.55,0,10.46,13.32,25.36,0,6
2022-10-28T11:00:00Z,119.73,151.46,132.55,0,10.46,13.32,25.36,0,6
2022-10-28T12:00:00Z,119.73,151.46,132.55,0,10.46,13.32,25.36,0,6
2022-10-28T13:00:00Z,119.73,151.46,132.55,0,10.46,13.32,25.36,0,6
2022-10-28T14:00:00Z,119.73,151.46,132.55,0,10.46,13.32,25.36,0,6
2022-10-28T15:00:00Z,119.73,151.46,132.55,0,10.46,13.32,25.36,0,6
2022-10-28T16:00:00Z,119.73,151.46,132.55,0,10.46,13.32,25.36,0,6
2022-10-28T17:00:00Z,119.73,151.46,132.55,0,10.46,13.32,25.36,0,6
2022-10-28T18:00:00Z,119.73,151.46,132.55,0,10.46,13.32,25.36,0,6
2022-10-28T19:00:00Z,119.73,151.46,132.55,0,10.46,13.32,25.36,0,6
2022-10-28T20:00:00Z,119.73,151.46,132.55,0,10.46,13.32,25.36,0,6
2022-10-28T21:00:00Z,119.73,151.46,132.55,0,10.46,13.32,25.36,0,6
2022-10-28T22:00:00Z,119.73,151.46,132.55,0,10.46,13.32,25.36,0,6
2022-10-28T23:00:00Z,119.73,151.46,132.55,0,10.46,13.32,25.36,0,6
2022-10-29T00:00:00Z,75.48,151.02,125.42,0,10.35,13.17,73.52,0,6
2022-10-29T01:00:00Z,75.48,151.02,125.42,0,10.35,13.17,73.52,0,6
2022-10-29T02:00:00Z,75.48,151.02,125.42,0,10.35,13.17,73.52,0,6
2022-10-29T03:00:00Z,75.48,151.02,125.42,0,10.35,13.17,73.52,0,6
2022-10-29T04:00:00Z,75.48,151.02,125.42,0,10.35,13.17,73.52,0,6
2022-10-29T05:00:00Z,75.48,151.02,125.42,0,10.35,13.17,73.52,0,6
2022-10-29T06:00:00Z,75.48,151.02,125.42,0,10.35,13.17,73.52,0,6
2022-10-29T07:00:00Z,75.48,151.02,125.42,0,10.35,13.17,73.52,0,6
2022-10-29T08:00:00Z,75.48,151.02,125.42,0,10.35,13.17,73.52,0,6
2022-10-29T09:00:00Z,75.48,151.02,125.42,0,10.35,13.17,73.52,0,6
2022-10-29T10:00:00Z,75.48,151.02,125.42,0,10.35,13.17,73.52,0,6
2022-10-29T11:00:00Z,75.48,151.02,125.42,0,10.35,13.17,73.52,0,6
2022-10-29T12:00:00Z,75.48,151.02,125.42,0,10.35,13.17,73.52,0,6
2022-10-29T13:00:00Z,75.48,151.02,125.42,0,10.35,13.17,73.52,0,6
2022-10-29T14:00:00Z,75.48,151.02,125.42,0,10.35,13.17,73.52,0,6
2022-10-29T15:00:00Z,75.48,151.02,125.42,0,10.35,13.17,73.52,0,6
2022-10-29T16:00:00Z,75.48,151.02,125.42,0,10.35,13.17,73.52,0,6
2022-10-29T17:00:00Z,75.48,151.02,125.42,0,10.35,13.17,73.52,0,6
2022-10-29T18:00:00Z,75.48,151.02,125.42,0,10.35,13.17,73.52,0,6
2022-10-29T19:00:00Z,75.48,151.02,125.42,0,10.35,13.17,73.52,0,6
2022-10-29T20:00:00Z,75.48,151.02,125.42,0,10.35,13.17,73.52,0,6
2022-10-29T21:00:00Z,75.48,151.02,125.42,0,10.35,13.17,73.52,0,6
2022-10-29T22:00:00Z,75.48,151.02,125.42,0,10.35,13.17,73.52,0,6
2022-10-29T23:00:00Z,75.48,151.02,125.42,0,10.35,13.17,73.52,0,6
2022-10-30T00:00:00Z,81.25,158.73,124.05,0,10.39,13.22,73.52,0,6
2022-10-30T01:00:00Z,81.25,158.73,124.05,0,10.39,13.22,73.52,0,6
2022-10-30T02:00:00Z,81.25,158.73,124.05,0,10.39,13.22,73.52,0,6
2022-10-30T03:00:00Z,81.25,158.73,124.05,0,10.39,13.22,73.52,0,6
2022-10-30T04:00:00Z,81.25,158.73,124.05,0,10.39,13.22,73.52,0,6
2022-10-30T05:00:00Z,81.25,158.73,124.05,0,10.39,13.22,73.52,0,6
2022-10-30T06:00:00Z,81.25,158.73,124.05,0,10.39,13.22,73.52,0,6
2022-10-30T07:00:00Z,81.25,158.73,124.05,0,10.39,13.22,73.52,0,6
2022-10-30T08:00:00Z,81.25,158.73,124.05,0,10.39,13.22,73.52,0,6
2022-10-30T09:00:00Z,81.25,158.73,124.05,0,10.39,13.22,73.52,0,6
2022-10-30T10:00:00Z,81.25,158.73,124.05,0,10.39,13.22,73.52,0,6
2022-10-30T11:00:00Z,81.25,158.73,124.05,0,10.39,13.22,73.52,0,6
2022-10-30T12:00:00Z,81.25,158.73,124.05,0,10.39,13.22,73.52,0,6
2022-10-30T13:00:00Z,81.25,158.73,124.05,0,10.39,13.22,73.52,0,6
2022-10-30T14:00:00Z,81.25,158.73,124.05,0,10.39,13.22,73.52,0,6
2022-10-30T15:00:00Z,81.25,158.73,124.05,0,10.39,13.22,73.52,0,6
2022-10-30T16:00:00Z,81.25,158.73,124.05,0,10.39,13.22,73.52,0,6
2022-10-30T17:00:00Z,81.25,158.73,124.05,0,10.39,13.22,73.52,0,6
2022-10-30T18:00:00Z,81.25,158.73,124.05,0,10.39,13.22,73.52,0,6
2022-10-30T19:00:00Z,81.25,158.73,124.05,0,10.39,13.22,73.52,0,6
2022-10-30T20:00:00Z,81.25,158.73,124.05,0,10.39,13.22,73.52,0,6
2022-10-30T21:00:00Z,81.25,158.73,124.05,0,10.39,13.22,73.52,0,6
2022-10-30T22:00:00Z,81.25,158.73,124.05,0,10.39,13.22,73.52,0,6
2022-10-30T23:00:00Z,81.25,158.73,124.05,0,10.39,13.22,73.52,0,6
2022-10-31T00:00:00Z,82.78,159.44,133.54,0,10.81,13.76,73.52,0,6
2022-10-31T01:00:00Z,82.78,159.44,133.54,0,10.81,13.76,73.52,0,6
2022-10-31T02:00:00Z,82.78,159.44,133.54,0,10.81,13.76,73.52,0,6
2022-10-31T03:00:00Z,82.78,159.44,133.54,0,10.81,13.76,73.52,0,6
2022-10-31T04:00:00Z,82.78,159.44,133.54,0,10.81,13.76,73.52,0,6
2022-10-31T05:00:00Z,82.78,159.44,133.54,0,10.81,13.76,73.52,0,6
2022-10-31T06:00:00Z,82.78,159.44,133.54,0,10.81,13.76,73.52,0,6
2022-10-31T07:00:00Z,82.78,159.44,133.54,0,10.81,13.76,73.52,0,6
2022-10-31T08:00:00Z,82.78,159.44,133.54,0,10.81,13.76,73.52,0,6
2022-10-31T09:00:00Z,82.78,159.44,133.54,0,10.81,13.76,73.52,0,6
2022-10-31T10:00:00Z,82.78,159.44,133.54,0,10.81,13.76,73.52,0,6
2022-10-31T11:00:00Z,82.78,159.44,133.54,0,10.81,13.76,73.52,0,6
2022-10-31T12:00:00Z,82.78,159.44,133.54,0,10.81,13.76,73.52,0,6
2022-10-31T13:00:00Z,82.78,159.44,133.54,0,10.81,13.76,73.52,0,6
2022-10-31T14:00:00Z,82.78,159.44,133.54,0,10.81,13.76,73.52,0,6
2022-10-31T15:00:00Z,82.78,159.44,133.54,0,10.81,13.76,73.52,0,6
2022-10-31T16:00:00Z,82.78,159.44,133.54,0,10.81,13.76,73.52,0,6
2022-10-31T17:00:00Z,82.78,159.44,133.54,0,10.81,13.76,73.52,0,6
2022-10-31T18:00:00Z,82.78,159.44,133.54,0,10.81,13.76,73.52,0,6
2022-10-31T19:00:00Z,82.78,159.44,133.54,0,10.81,13.76,73.52,0,6
2022-10-31T20:00:00Z,82.78,159.44,133.54,0,10.81,13.76,73.52,0,6
2022-10-31T21:00:00Z,82.78,159.44,133.54,0,10.81,13.76,73.52,0,6
2022-10-31T22:00:00Z,82.78,159.44,133.54,0,10.81,13.76,73.52,0,6
2022-10-31T23:00:00Z,82.78,159.44,133.54,0,10.81,13.76,73.52,0,6
2022-11-01T00:00:00Z,60.89,147.86,128.41,0,8.93,11.36,73.52,0,6
2022-11-01T01:00:00Z,60.89,147.86,128.41,0,8.93,11.36,73.52,0,6
2022-11-01T02:00:00Z,60.89,147.86,128.41,0,8.93,11.36,73.52,0,6
2022-11-01T03:00:00Z,60.89,147.86,128.41,0,8.93,11.36,73.52,0,6
2022-11-01T04:00:00Z,60.89,147.86,128.41,0,8.93,11.36,73.52,0,6
2022-11-01T05:00:00Z,60.89,147.86,128.41,0,8.93,11.36,73.52,0,6
2022-11-01T06:00:00Z,60.89,147.86,128.41,0,8.93,11.36,73.52,0,6
2022-11-01T07:00:00Z,60.89,147.86,128.41,0,8.93,11.36,73.52,0,6
2022-11-01T08:00:00Z,60.89,147.86,128.41,0,8.93,11.36,73.52,0,6
2022-11-01T09:00:00Z,60.89,147.86,128.41,0,8.93,11.36,73.52,0,6
2022-11-01T10:00:00Z,60.89,147.86,128.41,0,8.93,11.36,73.52,0,6
2022-11-01T11:00:00Z,60.89,147.86,128.41,0,8.93,11.36,73.52,0,6
2022-11-01T12:00:00Z,60.89,147.86,128.41,0,8.93,11.36,73.52,0,6
2022-11-01T13:00:00Z,60.89,147.86,128.41,0,8.93,11.36,73.52,0,6
2022-11-01T14:00:00Z,60.89,147.86,128.41,0,8.93,11.36,73.52,0,6
2022-11-01T15:00:00Z,60.89,147.86,128.41,0,8.93,11.36,73.52,0,6
2022-11-01T16:00:00Z,60.89,147.86,128.41,0,8.93,11.36,73.52,0,6
2022-11-01T17:00:00Z,60.89,147.86,128.41,0,8.93,11.36,73.52,0,6
2022-11-01T18:00:00Z,60.89,147.86,128.41,0,8.93,11.36,73.52,0,6
2022-11-01T19:00:00Z,60.89,147.86,128.41,0,8.93,11.36,73.52,0,6
2022-11-01T20:00:00Z,60.89,147.86,128.41,0,8.93,11.36,73.52,0,6
2022-11-01T21:00:00Z,60.89,147.86,128.41,0,8.93,11.36,73.52,0,6
2022-11-01T22:00:00Z,60.89,147.86,128.41,0,8.93,11.36,73.52,0,6
2022-11-01T23:00:00Z,60.89,147.86,128.41,0,8.93,11.36,73.52,0,6
2022-11-02T00:00:00Z,65.6,149.16,127.79,0,9.24,11.76,73.52,0,6
2022-11-02T01:00:00Z,65.6,149.16,127.79,0,9.24,11.76,73.52,0,6
2022-11-02T02:00:00Z,65.6,149.16,127.79,0,9.24,11.76,73.52,0,6
2022-11-02T03:00:00Z,65.6,149.16,127.79,0,9.24,11.76,73.52,0,6
2022-11-02T04:00:00Z,65.6,149.16,127.79,0,9.24,11.76,73.52,0,6
2022-11-02T05:00:00Z,65.6,149.16,127.79,0,9.24,11.76,73.52,0,6
2022-11-02T06:00:00Z,65.6,149.16,127.79,0,9.24,11.76,73.52,0,6
2022-11-02T07:00:00Z,65.6,149.16,127.79,0,9.24,11.76,73.52,0,6
2022-11-02T08:00:00Z,65.6,149.16,127.79,0,9.24,11.76,73.52,0,6
2022-11-02T09:00:00Z,65.6,149.16,127.79,0,9.24,11.76,73.52,0,6
2022-11-02T10:00:00Z,65.6,149.16,127.79,0,9.24,11.76,73.52,0,6
2022-11-02T11:00:00Z,65.6,149.16,127.79,0,9.24,11.76,73.52,0,6
2022-11-02T12:00:00Z,65.6,149.16,127.79,0,9.24,11.76,73.52,0,6
2022-11-02T13:00:00Z,65.6,149.16,127.79,0,9.24,11.76,73.52,0,6
2022-11-02T14:00:00Z,65.6,149.16,127.79,0,9.24,11.76,73.52,0,6
2022-11-02T15:00:00Z,65.6,149.16,127.79,0,9.24,11.76,73.52,0,6
2022-11-02T16:00:00Z,65.6,149.16,127.79,0,9.24,11.76,73.52,0,6
2022-11-02T17:00:00Z,65.6,149.16,127.79,0,9.24,11.76,73.52,0,6
2022-11-02T18:00:00Z,65.6,149.16,127.79,0,9.24,11.76,73.52,0,6
2022-11-02T19:00:00Z,65.6,149.16,127.79,0,9.24,11.76,73.52,0,6
2022-11-02T20:00:00Z,65.6,149.16,127.79,0,9.24,11.76,73.52,0,6
2022-11-02T21:00:00Z,65.6,149.16,127.79,0,9.24,11.76,73.52,0,6
2022-11-02T22:00:00Z,65.6,149.16,127.79,0,9.24,11.76,73.52,0,6
2022-11-02T23:00:00Z,65.6,149.16,127.79,0,9.24,11.76,73.52,0,6
2022-09-18T07:30:00Z,99.72,NA,NA,NA,NA,NA,71.72,NA,NA
2022-09-18T08:30:00Z,99.72,NA,NA,NA,NA,NA,71.72,NA,NA
2022-09-18T09:30:00Z,99.72,NA,NA,NA,NA,NA,71.72,NA,NA
2022-09-18T10:30:00Z,99.72,NA,NA,NA,NA,NA,71.72,NA,NA
2022-09-18T11:30:00Z,99.72,NA,NA,NA,NA,NA,71.72,NA,NA
2022-09-18T12:30:00Z,99.72,NA,NA,NA,NA,NA,71.72,NA,NA
2022-09-18T13:30:00Z,99.72,NA,NA,NA,NA,NA,71.72,NA,NA
2022-09-18T14:30:00Z,99.72,NA,NA,NA,NA,NA,71.72,NA,NA
2022-09-18T15:30:00Z,99.72,NA,NA,NA,NA,NA,71.72,NA,NA
2022-09-18T16:30:00Z,99.72,NA,NA,NA,NA,NA,71.72,NA,NA
2022-09-18T17:30:00Z,99.72,NA,NA,NA,NA,NA,71.72,NA,NA
2022-09-18T18:30:00Z,99.72,NA,NA,NA,NA,NA,71.72,NA,NA
2022-09-18T19:30:00Z,99.72,NA,NA,NA,NA,NA,71.72,NA,NA
2022-09-18T20:30:00Z,99.72,NA,NA,NA,NA,NA,71.72,NA,NA
2022-09-18T21:30:00Z,99.72,NA,NA,NA,NA,NA,71.72,NA,NA
2022-09-18T22:30:00Z,99.72,NA,NA,NA,NA,NA,71.72,NA,NA
2022-09-18T23:30:00Z,99.72,NA,NA,NA,NA,NA,71.72,NA,NA
2022-09-19T00:30:00Z,99.72,NA,NA,NA,NA,NA,71.72,NA,NA
2022-09-19T01:30:00Z,99.72,NA,NA,NA,NA,NA,71.72,NA,NA
2022-09-19T02:30:00Z,99.72,NA,NA,NA,NA,NA,71.72,NA,NA
2022-09-19T03:30:00Z,99.72,NA,NA,NA,NA,NA,71.72,NA,NA
2022-09-19T04:30:00Z,99.72,NA,NA,NA,NA,NA,71.72,NA,NA
2022-09-19T05:30:00Z,99.72,NA,NA,NA,NA,NA,71.72,NA,NA
2022-09-19T06:30:00Z,99.72,NA,NA,NA,NA,NA,71.72,NA,NA
2022-09-19T07:30:00Z,118.92,NA,NA,NA,NA,NA,73.87,NA,NA
2022-09-19T08:30:00Z,118.92,NA,NA,NA,NA,NA,73.87,NA,NA
2022-09-19T09:30:00Z,118.92,NA,NA,NA,NA,NA,73.87,NA,NA
2022-09-19T10:30:00Z,118.92,NA,NA,NA,NA,NA,73.87,NA,NA
2022-09-19T11:30:00Z,118.92,NA,NA,NA,NA,NA,73.87,NA,NA
2022-09-19T12:30:00Z,118.92,NA,NA,NA,NA,NA,73.87,NA,NA
2022-09-19T13:30:00Z,118.92,NA,NA,NA,NA,NA,73.87,NA,NA
2022-09-19T14:30:00Z,118.92,NA,NA,NA,NA,NA,73.87,NA,NA
2022-09-19T15:30:00Z,118.92,NA,NA,NA,NA,NA,73.87,NA,NA
2022-09-19T16:30:00Z,118.92,NA,NA,NA,NA,NA,73.87,NA,NA
2022-09-19T17:30:00Z,118.92,NA,NA,NA,NA,NA,73.87,NA,NA
2022-09-19T18:30:00Z,118.92,NA,NA,NA,NA,NA,73.87,NA,NA
2022-09-19T19:30:00Z,118.92,NA,NA,NA,NA,NA,73.87,NA,NA
2022-09-19T20:30:00Z,118.92,NA,NA,NA,NA,NA,73.87,NA,NA
2022-09-19T21:30:00Z,118.92,NA,NA,NA,NA,NA,73.87,NA,NA
2022-09-19T22:30:00Z,118.92,NA,NA,NA,NA,NA,73.87,NA,NA
2022-09-19T23:30:00Z,118.92,NA,NA,NA,NA,NA,73.87,NA,NA
2022-09-20T00:30:00Z,118.92,NA,NA,NA,NA,NA,73.87,NA,NA
2022-09-20T01:30:00Z,118.92,NA,NA,NA,NA,NA,73.87,NA,NA
2022-09-20T02:30:00Z,118.92,NA,NA,NA,NA,NA,73.87,NA,NA
2022-09-20T03:30:00Z,118.92,NA,NA,NA,NA,NA,73.87,NA,NA
2022-09-20T04:30:00Z,118.92,NA,NA,NA,NA,NA,73.87,NA,NA
2022-09-20T05:30:00Z,118.92,NA,NA,NA,NA,NA,73.87,NA,NA
2022-09-20T06:30:00Z,118.92,NA,NA,NA,NA,NA,73.87,NA,NA
2022-09-20T07:30:00Z,109.4,NA,NA,NA,NA,NA,75.07,NA,NA
2022-09-20T08:30:00Z,109.4,NA,NA,NA,NA,NA,75.07,NA,NA
2022-09-20T09:30:00Z,109.4,NA,NA,NA,NA,NA,75.07,NA,NA
2022-09-20T10:30:00Z,109.4,NA,NA,NA,NA,NA,75.07,NA,NA
2022-09-20T11:30:00Z,109.4,NA,NA,NA,NA,NA,75.07,NA,NA
2022-09-20T12:30:00Z,109.4,NA,NA,NA,NA,NA,75.07,NA,NA
2022-09-20T13:30:00Z,109.4,NA,NA,NA,NA,NA,75.07,NA,NA
2022-09-20T14:30:00Z,109.4,NA,NA,NA,NA,NA,75.07,NA,NA
2022-09-20T15:30:00Z,109.4,NA,NA,NA,NA,NA,75.07,NA,NA
2022-09-20T16:30:00Z,109.4,NA,NA,NA,NA,NA,75.07,NA,NA
2022-09-20T17:30:00Z,109.4,NA,NA,NA,NA,NA,75.07,NA,NA
2022-09-20T18:30:00Z,109.4,NA,NA,NA,NA,NA,75.07,NA,NA
2022-09-20T19:30:00Z,109.4,NA,NA,NA,NA,NA,75.07,NA,NA
2022-09-20T20:30:00Z,109.4,NA,NA,NA,NA,NA,75.07,NA,NA
2022-09-20T21:30:00Z,109.4,NA,NA,NA,NA,NA,75.07,NA,NA
2022-09-20T22:30:00Z,109.4,NA,NA,NA,NA,NA,75.07,NA,NA
2022-09-20T23:30:00Z,109.4,NA,NA,NA,NA,NA,75.07,NA,NA
2022-09-21T00:30:00Z,109.4,NA,NA,NA,NA,NA,75.07,NA,NA
2022-09-21T01:30:00Z,109.4,NA,NA,NA,NA,NA,75.07,NA,NA
2022-09-21T02:30:00Z,109.4,NA,NA,NA,NA,NA,75.07,NA,NA
2022-09-21T03:30:00Z,109.4,NA,NA,NA,NA,NA,75.07,NA,NA
2022-09-21T04:30:00Z,109.4,NA,NA,NA,NA,NA,75.07,NA,NA
2022-09-21T05:30:00Z,109.4,NA,NA,NA,NA,NA,75.07,NA,NA
2022-09-21T06:30:00Z,109.4,NA,NA,NA,NA,NA,75.07,NA,NA
2022-09-21T07:30:00Z,111.24,NA,NA,NA,NA,NA,74.62,NA,NA
2022-09-21T08:30:00Z,111.24,NA,NA,NA,NA,NA,74.62,NA,NA
2022-09-21T09:30:00Z,111.24,NA,NA,NA,NA,NA,74.62,NA,NA
2022-09-21T10:30:00Z,111.24,NA,NA,NA,NA,NA,74.62,NA,NA
2022-09-21T11:30:00Z,111.24,NA,NA,NA,NA,NA,74.62,NA,NA
2022-09-21T12:30:00Z,111.24,NA,NA,NA,NA,NA,74.62,NA,NA
2022-09-21T13:30:00Z,111.24,NA,NA,NA,NA,NA,74.62,NA,NA
2022-09-21T14:30:00Z,111.24,NA,NA,NA,NA,NA,74.62,NA,NA
2022-09-21T15:30:00Z,111.24,NA,NA,NA,NA,NA,74.62,NA,NA
2022-09-21T16:30:00Z,111.24,NA,NA,NA,NA,NA,74.62,NA,NA
2022-09-21T17:30:00Z,111.24,NA,NA,NA,NA,NA,74.62,NA,NA
2022-09-21T18:30:00Z,111.24,NA,NA,NA,NA,NA,74.62,NA,NA
2022-09-21T19:30:00Z,111.24,NA,NA,NA,NA,NA,74.62,NA,NA
2022-09-21T20:30:00Z,111.24,NA,NA,NA,NA,NA,74.62,NA,NA
2022-09-21T21:30:00Z,111.24,NA,NA,NA,NA,NA,74.62,NA,NA
2022-09-21T22:30:00Z,111.24,NA,NA,NA,NA,NA,74.62,NA,NA
2022-09-21T23:30:00Z,111.24,NA,NA,NA,NA,NA,74.62,NA,NA
2022-09-22T00:30:00Z,111.24,NA,NA,NA,NA,NA,74.62,NA,NA
2022-09-22T01:30:00Z,111.24,NA,NA,NA,NA,NA,74.62,NA,NA
2022-09-22T02:30:00Z,111.24,NA,NA,NA,NA,NA,74.62,NA,NA
2022-09-22T03:30:00Z,111.24,NA,NA,NA,NA,NA,74.62,NA,NA
2022-09-22T04:30:00Z,111.24,NA,NA,NA,NA,NA,74.62,NA,NA
2022-09-22T05:30:00Z,111.24,NA,NA,NA,NA,NA,74.62,NA,NA
2022-09-22T06:30:00Z,111.24,NA,NA,NA,NA,NA,74.62,NA,NA
2022-09-22T07:30:00Z,97.83,NA,NA,NA,NA,NA,77.64,NA,NA
2022-09-22T08:30:00Z,97.83,NA,NA,NA,NA,NA,77.64,NA,NA
2022-09-22T09:30:00Z,97.83,NA,NA,NA,NA,NA,77.64,NA,NA
2022-09-22T10:30:00Z,97.83,NA,NA,NA,NA,NA,77.64,NA,NA
2022-09-22T11:30:00Z,97.83,NA,NA,NA,NA,NA,77.64,NA,NA
2022-09-22T12:30:00Z,97.83,NA,NA,NA,NA,NA,77.64,NA,NA
2022-09-22T13:30:00Z,97.83,NA,NA,NA,NA,NA,77.64,NA,NA
2022-09-22T14:30:00Z,97.83,NA,NA,NA,NA,NA,77.64,NA,NA
2022-09-22T15:30:00Z,97.83,NA,NA,NA,NA,NA,77.64,NA,NA
2022-09-22T16:30:00Z,97.83,NA,NA,NA,NA,NA,77.64,NA,NA
2022-09-22T17:30:00Z,97.83,NA,NA,NA,NA,NA,77.64,NA,NA
2022-09-22T18:30:00Z,97.83,NA,NA,NA,NA,NA,77.64,NA,NA
2022-09-22T19:30:00Z,97.83,NA,NA,NA,NA,NA,77.64,NA,NA
2022-09-22T20:30:00Z,97.83,NA,NA,NA,NA,NA,77.64,NA,NA
2022-09-22T21:30:00Z,97.83,NA,NA,NA,NA,NA,77.64,NA,NA
2022-09-22T22:30:00Z,97.83,NA,NA,NA,NA,NA,77.64,NA,NA
2022-09-22T23:30:00Z,97.83,NA,NA,NA,NA,NA,77.64,NA,NA
2022-09-23T00:30:00Z,97.83,NA,NA,NA,NA,NA,77.64,NA,NA
2022-09-23T01:30:00Z,97.83,NA,NA,NA,NA,NA,77.64,NA,NA
2022-09-23T02:30:00Z,97.83,NA,NA,NA,NA,NA,77.64,NA,NA
2022-09-23T03:30:00Z,97.83,NA,NA,NA,NA,NA,77.64,NA,NA
2022-09-23T04:30:00Z,97.83,NA,NA,NA,NA,NA,77.64,NA,NA
2022-09-23T05:30:00Z,97.83,NA,NA,NA,NA,NA,77.64,NA,NA
2022-09-23T06:30:00Z,97.83,NA,NA,NA,NA,NA,77.64,NA,NA
2022-09-23T07:30:00Z,98.44,NA,NA,NA,NA,NA,73.18,NA,NA
2022-09-23T08:30:00Z,98.44,NA,NA,NA,NA,NA,73.18,NA,NA
2022-09-23T09:30:00Z,98.44,NA,NA,NA,NA,NA,73.18,NA,NA
2022-09-23T10:30:00Z,98.44,NA,NA,NA,NA,NA,73.18,NA,NA
2022-09-23T11:30:00Z,98.44,NA,NA,NA,NA,NA,73.18,NA,NA
2022-09-23T12:30:00Z,98.44,NA,NA,NA,NA,NA,73.18,NA,NA
2022-09-23T13:30:00Z,98.44,NA,NA,NA,NA,NA,73.18,NA,NA
2022-09-23T14:30:00Z,98.44,NA,NA,NA,NA,NA,73.18,NA,NA
2022-09-23T15:30:00Z,98.44,NA,NA,NA,NA,NA,73.18,NA,NA
2022-09-23T16:30:00Z,98.44,NA,NA,NA,NA,NA,73.18,NA,NA
2022-09-23T17:30:00Z,98.44,NA,NA,NA,NA,NA,73.18,NA,NA
2022-09-23T18:30:00Z,98.44,NA,NA,NA,NA,NA,73.18,NA,NA
2022-09-23T19:30:00Z,98.44,NA,NA,NA,NA,NA,73.18,NA,NA
2022-09-23T20:30:00Z,98.44,NA,NA,NA,NA,NA,73.18,NA,NA
2022-09-23T21:30:00Z,98.44,NA,NA,NA,NA,NA,73.18,NA,NA
2022-09-23T22:30:00Z,98.44,NA,NA,NA,NA,NA,73.18,NA,NA
2022-09-23T23:30:00Z,98.44,NA,NA,NA,NA,NA,73.18,NA,NA
2022-09-24T00:30:00Z,98.44,NA,NA,NA,NA,NA,73.18,NA,NA
2022-09-24T01:30:00Z,98.44,NA,NA,NA,NA,NA,73.18,NA,NA
2022-09-24T02:30:00Z,98.44,NA,NA,NA,NA,NA,73.18,NA,NA
2022-09-24T03:30:00Z,98.44,NA,NA,NA,NA,NA,73.18,NA,NA
2022-09-24T04:30:00Z,98.44,NA,NA,NA,NA,NA,73.18,NA,NA
2022-09-24T05:30:00Z,98.44,NA,NA,NA,NA,NA,73.18,NA,NA
2022-09-24T06:30:00Z,98.44,NA,NA,NA,NA,NA,73.18,NA,NA
2022-09-24T07:30:00Z,93.07,NA,NA,NA,NA,NA,71.55,NA,NA
2022-09-24T08:30:00Z,93.07,NA,NA,NA,NA,NA,71.55,NA,NA
2022-09-24T09:30:00Z,93.07,NA,NA,NA,NA,NA,71.55,NA,NA
2022-09-24T10:30:00Z,93.07,NA,NA,NA,NA,NA,71.55,NA,NA
2022-09-24T11:30:00Z,93.07,NA,NA,NA,NA,NA,71.55,NA,NA
2022-09-24T12:30:00Z,93.07,NA,NA,NA,NA,NA,71.55,NA,NA
2022-09-24T13:30:00Z,93.07,NA,NA,NA,NA,NA,71.55,NA,NA
2022-09-24T14:30:00Z,93.07,NA,NA,NA,NA,NA,71.55,NA,NA
2022-09-24T15:30:00Z,93.07,NA,NA,NA,NA,NA,71.55,NA,NA
2022-09-24T16:30:00Z,93.07,NA,NA,NA,NA,NA,71.55,NA,NA
2022-09-24T17:30:00Z,93.07,NA,NA,NA,NA,NA,71.55,NA,NA
2022-09-24T18:30:00Z,93.07,NA,NA,NA,NA,NA,71.55,NA,NA
2022-09-24T19:30:00Z,93.07,NA,NA,NA,NA,NA,71.55,NA,NA
2022-09-24T20:30:00Z,93.07,NA,NA,NA,NA,NA,71.55,NA,NA
2022-09-24T21:30:00Z,93.07,NA,NA,NA,NA,NA,71.55,NA,NA
2022-09-24T22:30:00Z,93.07,NA,NA,NA,NA,NA,71.55,NA,NA
2022-09-24T23:30:00Z,93.07,NA,NA,NA,NA,NA,71.55,NA,NA
2022-09-25T00:30:00Z,93.07,NA,NA,NA,NA,NA,71.55,NA,NA
2022-09-25T01:30:00Z,93.07,NA,NA,NA,NA,NA,71.55,NA,NA
2022-09-25T02:30:00Z,93.07,NA,NA,NA,NA,NA,71.55,NA,NA
2022-09-25T03:30:00Z,93.07,NA,NA,NA,NA,NA,71.55,NA,NA
2022-09-25T04:30:00Z,93.07,NA,NA,NA,NA,NA,71.55,NA,NA
2022-09-25T05:30:00Z,93.07,NA,NA,NA,NA,NA,71.55,NA,NA
2022-09-25T06:30:00Z,93.07,NA,NA,NA,NA,NA,71.55,NA,NA
2022-09-25T07:30:00Z,88.51,NA,NA,NA,NA,NA,69.08,NA,NA
2022-09-25T08:30:00Z,88.51,NA,NA,NA,NA,NA,69.08,NA,NA
2022-09-25T09:30:00Z,88.51,NA,NA,NA,NA,NA,69.08,NA,NA
2022-09-25T10:30:00Z,88.51,NA,NA,NA,NA,NA,69.08,NA,NA
2022-09-25T11:30:00Z,88.51,NA,NA,NA,NA,NA,69.08,NA,NA
2022-09-25T12:30:00Z,88.51,NA,NA,NA,NA,NA,69.08,NA,NA
2022-09-25T13:30:00Z,88.51,NA,NA,NA,NA,NA,69.08,NA,NA
2022-09-25T14:30:00Z,88.51,NA,NA,NA,NA,NA,69.08,NA,NA
2022-09-25T15:30:00Z,88.51,NA,NA,NA,NA,NA,69.08,NA,NA
2022-09-25T16:30:00Z,88.51,NA,NA,NA,NA,NA,69.08,NA,NA
2022-09-25T17:30:00Z,88.51,NA,NA,NA,NA,NA,69.08,NA,NA
2022-09-25T18:30:00Z,88.51,NA,NA,NA,NA,NA,69.08,NA,NA
2022-09-25T19:30:00Z,88.51,NA,NA,NA,NA,NA,69.08,NA,NA
2022-09-25T20:30:00Z,88.51,NA,NA,NA,NA,NA,69.08,NA,NA
2022-09-25T21:30:00Z,88.51,NA,NA,NA,NA,NA,69.08,NA,NA
2022-09-25T22:30:00Z,88.51,NA,NA,NA,NA,NA,69.08,NA,NA
2022-09-25T23:30:00Z,88.51,NA,NA,NA,NA,NA,69.08,NA,NA
2022-09-26T00:30:00Z,88.51,NA,NA,NA,NA,NA,69.08,NA,NA
2022-09-26T01:30:00Z,88.51,NA,NA,NA,NA,NA,69.08,NA,NA
2022-09-26T02:30:00Z,88.51,NA,NA,NA,NA,NA,69.08,NA,NA
2022-09-26T03:30:00Z,88.51,NA,NA,NA,NA,NA,69.08,NA,NA
2022-09-26T04:30:00Z,88.51,NA,NA,NA,NA,NA,69.08,NA,NA
2022-09-26T05:30:00Z,88.51,NA,NA,NA,NA,NA,69.08,NA,NA
2022-09-26T06:30:00Z,88.51,NA,NA,NA,NA,NA,69.08,NA,NA
2022-09-26T07:30:00Z,104.66,NA,NA,NA,NA,NA,76.72,NA,NA
2022-09-26T08:30:00Z,104.66,NA,NA,NA,NA,NA,76.72,NA,NA
2022-09-26T09:30:00Z,104.66,NA,NA,NA,NA,NA,76.72,NA,NA
2022-09-26T10:30:00Z,104.66,NA,NA,NA,NA,NA,76.72,NA,NA
2022-09-26T11:30:00Z,104.66,NA,NA,NA,NA,NA,76.72,NA,NA
2022-09-26T12:30:00Z,104.66,NA,NA,NA,NA,NA,76.72,NA,NA
2022-09-26T13:30:00Z,104.66,NA,NA,NA,NA,NA,76.72,NA,NA
2022-09-26T14:30:00Z,104.66,NA,NA,NA,NA,NA,76.72,NA,NA
2022-09-26T15:30:00Z,104.66,NA,NA,NA,NA,NA,76.72,NA,NA
2022-09-26T16:30:00Z,104.66,NA,NA,NA,NA,NA,76.72,NA,NA
2022-09-26T17:30:00Z,104.66,NA,NA,NA,NA,NA,76.72,NA,NA
2022-09-26T18:30:00Z,104.66,NA,NA,NA,NA,NA,76.72,NA,NA
2022-09-26T19:30:00Z,104.66,NA,NA,NA,NA,NA,76.72,NA,NA
2022-09-26T20:30:00Z,104.66,NA,NA,NA,NA,NA,76.72,NA,NA
2022-09-26T21:30:00Z,104.66,NA,NA,NA,NA,NA,76.72,NA,NA
2022-09-26T22:30:00Z,104.66,NA,NA,NA,NA,NA,76.72,NA,NA
2022-09-26T23:30:00Z,104.66,NA,NA,NA,NA,NA,76.72,NA,NA
2022-09-27T00:30:00Z,104.66,NA,NA,NA,NA,NA,76.72,NA,NA
2022-09-27T01:30:00Z,104.66,NA,NA,NA,NA,NA,76.72,NA,NA
2022-09-27T02:30:00Z,104.66,NA,NA,NA,NA,NA,76.72,NA,NA
2022-09-27T03:30:00Z,104.66,NA,NA,NA,NA,NA,76.72,NA,NA
2022-09-27T04:30:00Z,104.66,NA,NA,NA,NA,NA,76.72,NA,NA
2022-09-27T05:30:00Z,104.66,NA,NA,NA,NA,NA,76.72,NA,NA
2022-09-27T06:30:00Z,104.66,NA,NA,NA,NA,NA,76.72,NA,NA
2022-09-27T07:30:00Z,101.51,NA,NA,NA,NA,NA,72.43,NA,NA
2022-09-27T08:30:00Z,101.51,NA,NA,NA,NA,NA,72.43,NA,NA
2022-09-27T09:30:00Z,101.51,NA,NA,NA,NA,NA,72.43,NA,NA
2022-09-27T10:30:00Z,101.51,NA,NA,NA,NA,NA,72.43,NA,NA
2022-09-27T11:30:00Z,101.51,NA,NA,NA,NA,NA,72.43,NA,NA
2022-09-27T12:30:00Z,101.51,NA,NA,NA,NA,NA,72.43,NA,NA
2022-09-27T13:30:00Z,101.51,NA,NA,NA,NA,NA,72.43,NA,NA
2022-09-27T14:30:00Z,101.51,NA,NA,NA,NA,NA,72.43,NA,NA
2022-09-27T15:30:00Z,101.51,NA,NA,NA,NA,NA,72.43,NA,NA
2022-09-27T16:30:00Z,101.51,NA,NA,NA,NA,NA,72.43,NA,NA
2022-09-27T17:30:00Z,101.51,NA,NA,NA,NA,NA,72.43,NA,NA
2022-09-27T18:30:00Z,101.51,NA,NA,NA,NA,NA,72.43,NA,NA
2022-09-27T19:30:00Z,101.51,NA,NA,NA,NA,NA,72.43,NA,NA
2022-09-27T20:30:00Z,101.51,NA,NA,NA,NA,NA,72.43,NA,NA
2022-09-27T21:30:00Z,101.51,NA,NA,NA,NA,NA,72.43,NA,NA
2022-09-27T22:30:00Z,101.51,NA,NA,NA,NA,NA,72.43,NA,NA
2022-09-27T23:30:00Z,101.51,NA,NA,NA,NA,NA,72.43,NA,NA
2022-09-28T00:30:00Z,101.51,NA,NA,NA,NA,NA,72.43,NA,NA
2022-09-28T01:30:00Z,101.51,NA,NA,NA,NA,NA,72.43,NA,NA
2022-09-28T02:30:00Z,101.51,NA,NA,NA,NA,NA,72.43,NA,NA
2022-09-28T03:30:00Z,101.51,NA,NA,NA,NA,NA,72.43,NA,NA
2022-09-28T04:30:00Z,101.51,NA,NA,NA,NA,NA,72.43,NA,NA
2022-09-28T05:30:00Z,101.51,NA,NA,NA,NA,NA,72.43,NA,NA
2022-09-28T06:30:00Z,101.51,NA,NA,NA,NA,NA,72.43,NA,NA
2022-09-28T07:30:00Z,106.43,NA,NA,NA,NA,NA,72.64,NA,NA
2022-09-28T08:30:00Z,106.43,NA,NA,NA,NA,NA,72.64,NA,NA
2022-09-28T09:30:00Z,106.43,NA,NA,NA,NA,NA,72.64,NA,NA
2022-09-28T10:30:00Z,106.43,NA,NA,NA,NA,NA,72.64,NA,NA
2022-09-28T11:30:00Z,106.43,NA,NA,NA,NA,NA,72.64,NA,NA
2022-09-28T12:30:00Z,106.43,NA,NA,NA,NA,NA,72.64,NA,NA
2022-09-28T13:30:00Z,106.43,NA,NA,NA,NA,NA,72.64,NA,NA
2022-09-28T14:30:00Z,106.43,NA,NA,NA,NA,NA,72.64,NA,NA
2022-09-28T15:30:00Z,106.43,NA,NA,NA,NA,NA,72.64,NA,NA
2022-09-28T16:30:00Z,106.43,NA,NA,NA,NA,NA,72.64,NA,NA
2022-09-28T17:30:00Z,106.43,NA,NA,NA,NA,NA,72.64,NA,NA
2022-09-28T18:30:00Z,106.43,NA,NA,NA,NA,NA,72.64,NA,NA
2022-09-28T19:30:00Z,106.43,NA,NA,NA,NA,NA,72.64,NA,NA
2022-09-28T20:30:00Z,106.43,NA,NA,NA,NA,NA,72.64,NA,NA
2022-09-28T21:30:00Z,106.43,NA,NA,NA,NA,NA,72.64,NA,NA
2022-09-28T22:30:00Z,106.43,NA,NA,NA,NA,NA,72.64,NA,NA
2022-09-28T23:30:00Z,106.43,NA,NA,NA,NA,NA,72.64,NA,NA
2022-09-29T00:30:00Z,106.43,NA,NA,NA,NA,NA,72.64,NA,NA
2022-09-29T01:30:00Z,106.43,NA,NA,NA,NA,NA,72.64,NA,NA
2022-09-29T02:30:00Z,106.43,NA,NA,NA,NA,NA,72.64,NA,NA
2022-09-29T03:30:00Z,106.43,NA,NA,NA,NA,NA,72.64,NA,NA
2022-09-29T04:30:00Z,106.43,NA,NA,NA,NA,NA,72.64,NA,NA
2022-09-29T05:30:00Z,106.43,NA,NA,NA,NA,NA,72.64,NA,NA
2022-09-29T06:30:00Z,106.43,NA,NA,NA,NA,NA,72.64,NA,NA
2022-09-29T07:30:00Z,94.58,NA,NA,NA,NA,NA,72.45,NA,NA
2022-09-29T08:30:00Z,94.58,NA,NA,NA,NA,NA,72.45,NA,NA
2022-09-29T09:30:00Z,94.58,NA,NA,NA,NA,NA,72.45,NA,NA
2022-09-29T10:30:00Z,94.58,NA,NA,NA,NA,NA,72.45,NA,NA
2022-09-29T11:30:00Z,94.58,NA,NA,NA,NA,NA,72.45,NA,NA
2022-09-29T12:30:00Z,94.58,NA,NA,NA,NA,NA,72.45,NA,NA
2022-09-29T13:30:00Z,94.58,NA,NA,NA,NA,NA,72.45,NA,NA
2022-09-29T14:30:00Z,94.58,NA,NA,NA,NA,NA,72.45,NA,NA
2022-09-29T15:30:00Z,94.58,NA,NA,NA,NA,NA,72.45,NA,NA
2022-09-29T16:30:00Z,94.58,NA,NA,NA,NA,NA,72.45,NA,NA
2022-09-29T17:30:00Z,94.58,NA,NA,NA,NA,NA,72.45,NA,NA
2022-09-29T18:30:00Z,94.58,NA,NA,NA,NA,NA,72.45,NA,NA
2022-09-29T19:30:00Z,94.58,NA,NA,NA,NA,NA,72.45,NA,NA
2022-09-29T20:30:00Z,94.58,NA,NA,NA,NA,NA,72.45,NA,NA
2022-09-29T21:30:00Z,94.58,NA,NA,NA,NA,NA,72.45,NA,NA
2022-09-29T22:30:00Z,94.58,NA,NA,NA,NA,NA,72.45,NA,NA
2022-09-29T23:30:00Z,94.58,NA,NA,NA,NA,NA,72.45,NA,NA
2022-09-30T00:30:00Z,94.58,NA,NA,NA,NA,NA,72.45,NA,NA
2022-09-30T01:30:00Z,94.58,NA,NA,NA,NA,NA,72.45,NA,NA
2022-09-30T02:30:00Z,94.58,NA,NA,NA,NA,NA,72.45,NA,NA
2022-09-30T03:30:00Z,94.58,NA,NA,NA,NA,NA,72.45,NA,NA
2022-09-30T04:30:00Z,94.58,NA,NA,NA,NA,NA,72.45,NA,NA
2022-09-30T05:30:00Z,94.58,NA,NA,NA,NA,NA,72.45,NA,NA
2022-09-30T06:30:00Z,94.58,NA,NA,NA,NA,NA,72.45,NA,NA
2022-09-30T07:30:00Z,87.64,NA,NA,NA,NA,NA,68.71,NA,NA
2022-09-30T08:30:00Z,87.64,NA,NA,NA,NA,NA,68.71,NA,NA
2022-09-30T09:30:00Z,87.64,NA,NA,NA,NA,NA,68.71,NA,NA
2022-09-30T10:30:00Z,87.64,NA,NA,NA,NA,NA,68.71,NA,NA
2022-09-30T11:30:00Z,87.64,NA,NA,NA,NA,NA,68.71,NA,NA
2022-09-30T12:30:00Z,87.64,NA,NA,NA,NA,NA,68.71,NA,NA
2022-09-30T13:30:00Z,87.64,NA,NA,NA,NA,NA,68.71,NA,NA
2022-09-30T14:30:00Z,87.64,NA,NA,NA,NA,NA,68.71,NA,NA
2022-09-30T15:30:00Z,87.64,NA,NA,NA,NA,NA,68.71,NA,NA
2022-09-30T16:30:00Z,87.64,NA,NA,NA,NA,NA,68.71,NA,NA
2022-09-30T17:30:00Z,87.64,NA,NA,NA,NA,NA,68.71,NA,NA
2022-09-30T18:30:00Z,87.64,NA,NA,NA,NA,NA,68.71,NA,NA
2022-09-30T19:30:00Z,87.64,NA,NA,NA,NA,NA,68.71,NA,NA
2022-09-30T20:30:00Z,87.64,NA,NA,NA,NA,NA,68.71,NA,NA
2022-09-30T21:30:00Z,87.64,NA,NA,NA,NA,NA,68.71,NA,NA
2022-09-30T22:30:00Z,87.64,NA,NA,NA,NA,NA,68.71,NA,NA
2022-09-30T23:30:00Z,87.64,NA,NA,NA,NA,NA,68.71,NA,NA
2022-10-01T00:30:00Z,87.64,NA,NA,NA,NA,NA,68.71,NA,NA
2022-10-01T01:30:00Z,87.64,NA,NA,NA,NA,NA,68.71,NA,NA
2022-10-01T02:30:00Z,87.64,NA,NA,NA,NA,NA,68.71,NA,NA
2022-10-01T03:30:00Z,87.64,NA,NA,NA,NA,NA,68.71,NA,NA
2022-10-01T04:30:00Z,87.64,NA,NA,NA,NA,NA,68.71,NA,NA
2022-10-01T05:30:00Z,87.64,NA,NA,NA,NA,NA,68.71,NA,NA
2022-10-01T06:30:00Z,87.64,NA,NA,NA,NA,NA,68.71,NA,NA
2022-10-01T07:30:00Z,64.69,NA,NA,NA,NA,NA,68.42,NA,NA
2022-10-01T08:30:00Z,64.69,NA,NA,NA,NA,NA,68.42,NA,NA
2022-10-01T09:30:00Z,64.69,NA,NA,NA,NA,NA,68.42,NA,NA
2022-10-01T10:30:00Z,64.69,NA,NA,NA,NA,NA,68.42,NA,NA
2022-10-01T11:30:00Z,64.69,NA,NA,NA,NA,NA,68.42,NA,NA
2022-10-01T12:30:00Z,64.69,NA,NA,NA,NA,NA,68.42,NA,NA
2022-10-01T13:30:00Z,64.69,NA,NA,NA,NA,NA,68.42,NA,NA
2022-10-01T14:30:00Z,64.69,NA,NA,NA,NA,NA,68.42,NA,NA
2022-10-01T15:30:00Z,64.69,NA,NA,NA,NA,NA,68.42,NA,NA
2022-10-01T16:30:00Z,64.69,NA,NA,NA,NA,NA,68.42,NA,NA
2022-10-01T17:30:00Z,64.69,NA,NA,NA,NA,NA,68.42,NA,NA
2022-10-01T18:30:00Z,64.69,NA,NA,NA,NA,NA,68.42,NA,NA
2022-10-01T19:30:00Z,64.69,NA,NA,NA,NA,NA,68.42,NA,NA
2022-10-01T20:30:00Z,64.69,NA,NA,NA,NA,NA,68.42,NA,NA
2022-10-01T21:30:00Z,64.69,NA,NA,NA,NA,NA,68.42,NA,NA
2022-10-01T22:30:00Z,64.69,NA,NA,NA,NA,NA,68.42,NA,NA
2022-10-01T23:30:00Z,64.69,NA,NA,NA,NA,NA,68.42,NA,NA
2022-10-02T00:30:00Z,64.69,NA,NA,NA,NA,NA,68.42,NA,NA
2022-10-02T01:30:00Z,64.69,NA,NA,NA,NA,NA,68.42,NA,NA
2022-10-02T02:30:00Z,64.69,NA,NA,NA,NA,NA,68.42,NA,NA
2022-10-02T03:30:00Z,64.69,NA,NA,NA,NA,NA,68.42,NA,NA
2022-10-02T04:30:00Z,64.69,NA,NA,NA,NA,NA,68.42,NA,NA
2022-10-02T05:30:00Z,64.69,NA,NA,NA,NA,NA,68.42,NA,NA
2022-10-02T06:30:00Z,64.69,NA,NA,NA,NA,NA,68.42,NA,NA
2022-10-02T07:30:00Z,76.51,NA,NA,NA,NA,NA,66.35,NA,NA
2022-10-02T08:30:00Z,76.51,NA,NA,NA,NA,NA,66.35,NA,NA
2022-10-02T09:30:00Z,76.51,NA,NA,NA,NA,NA,66.35,NA,NA
2022-10-02T10:30:00Z,76.51,NA,NA,NA,NA,NA,66.35,NA,NA
2022-10-02T11:30:00Z,76.51,NA,NA,NA,NA,NA,66.35,NA,NA
2022-10-02T12:30:00Z,76.51,NA,NA,NA,NA,NA,66.35,NA,NA
2022-10-02T13:30:00Z,76.51,NA,NA,NA,NA,NA,66.35,NA,NA
2022-10-02T14:30:00Z,76.51,NA,NA,NA,NA,NA,66.35,NA,NA
2022-10-02T15:30:00Z,76.51,NA,NA,NA,NA,NA,66.35,NA,NA
2022-10-02T16:30:00Z,76.51,NA,NA,NA,NA,NA,66.35,NA,NA
2022-10-02T17:30:00Z,76.51,NA,NA,NA,NA,NA,66.35,NA,NA
2022-10-02T18:30:00Z,76.51,NA,NA,NA,NA,NA,66.35,NA,NA
2022-10-02T19:30:00Z,76.51,NA,NA,NA,NA,NA,66.35,NA,NA
2022-10-02T20:30:00Z,76.51,NA,NA,NA,NA,NA,66.35,NA,NA
2022-10-02T21:30:00Z,76.51,NA,NA,NA,NA,NA,66.35,NA,NA
2022-10-02T22:30:00Z,76.51,NA,NA,NA,NA,NA,66.35,NA,NA
2022-10-02T23:30:00Z,76.51,NA,NA,NA,NA,NA,66.35,NA,NA
2022-10-03T00:30:00Z,76.51,NA,NA,NA,NA,NA,66.35,NA,NA
2022-10-03T01:30:00Z,76.51,NA,NA,NA,NA,NA,66.35,NA,NA
2022-10-03T02:30:00Z,76.51,NA,NA,NA,NA,NA,66.35,NA,NA
2022-10-03T03:30:00Z,76.51,NA,NA,NA,NA,NA,66.35,NA,NA
2022-10-03T04:30:00Z,76.51,NA,NA,NA,NA,NA,66.35,NA,NA
2022-10-03T05:30:00Z,76.51,NA,NA,NA,NA,NA,66.35,NA,NA
2022-10-03T06:30:00Z,76.51,NA,NA,NA,NA,NA,66.35,NA,NA
2022-10-03T07:30:00Z,72.68,NA,NA,NA,NA,NA,70.4,NA,NA
2022-10-03T08:30:00Z,72.68,NA,NA,NA,NA,NA,70.4,NA,NA
2022-10-03T09:30:00Z,72.68,NA,NA,NA,NA,NA,70.4,NA,NA
2022-10-03T10:30:00Z,72.68,NA,NA,NA,NA,NA,70.4,NA,NA
2022-10-03T11:30:00Z,72.68,NA,NA,NA,NA,NA,70.4,NA,NA
2022-10-03T12:30:00Z,72.68,NA,NA,NA,NA,NA,70.4,NA,NA
2022-10-03T13:30:00Z,72.68,NA,NA,NA,NA,NA,70.4,NA,NA
2022-10-03T14:30:00Z,72.68,NA,NA,NA,NA,NA,70.4,NA,NA
2022-10-03T15:30:00Z,72.68,NA,NA,NA,NA,NA,70.4,NA,NA
2022-10-03T16:30:00Z,72.68,NA,NA,NA,NA,NA,70.4,NA,NA
2022-10-03T17:30:00Z,72.68,NA,NA,NA,NA,NA,70.4,NA,NA
2022-10-03T18:30:00Z,72.68,NA,NA,NA,NA,NA,70.4,NA,NA
2022-10-03T19:30:00Z,72.68,NA,NA,NA,NA,NA,70.4,NA,NA
2022-10-03T20:30:00Z,72.68,NA,NA,NA,NA,NA,70.4,NA,NA
2022-10-03T21:30:00Z,72.68,NA,NA,NA,NA,NA,70.4,NA,NA
2022-10-03T22:30:00Z,72.68,NA,NA,NA,NA,NA,70.4,NA,NA
2022-10-03T23:30:00Z,72.68,NA,NA,NA,NA,NA,70.4,NA,NA
2022-10-04T00:30:00Z,72.68,NA,NA,NA,NA,NA,70.4,NA,NA
2022-10-04T01:30:00Z,72.68,NA,NA,NA,NA,NA,70.4,NA,NA
2022-10-04T02:30:00Z,72.68,NA,NA,NA,NA,NA,70.4,NA,NA
2022-10-04T03:30:00Z,72.68,NA,NA,NA,NA,NA,70.4,NA,NA
2022-10-04T04:30:00Z,72.68,NA,NA,NA,NA,NA,70.4,NA,NA
2022-10-04T05:30:00Z,72.68,NA,NA,NA,NA,NA,70.4,NA,NA
2022-10-04T06:30:00Z,72.68,NA,NA,NA,NA,NA,70.4,NA,NA
2022-10-04T07:30:00Z,72.74,NA,NA,NA,NA,NA,68.44,NA,NA
2022-10-04T08:30:00Z,72.74,NA,NA,NA,NA,NA,68.44,NA,NA
2022-10-04T09:30:00Z,72.74,NA,NA,NA,NA,NA,68.44,NA,NA
2022-10-04T10:30:00Z,72.74,NA,NA,NA,NA,NA,68.44,NA,NA
2022-10-04T11:30:00Z,72.74,NA,NA,NA,NA,NA,68.44,NA,NA
2022-10-04T12:30:00Z,72.74,NA,NA,NA,NA,NA,68.44,NA,NA
2022-10-04T13:30:00Z,72.74,NA,NA,NA,NA,NA,68.44,NA,NA
2022-10-04T14:30:00Z,72.74,NA,NA,NA,NA,NA,68.44,NA,NA
2022-10-04T15:30:00Z,72.74,NA,NA,NA,NA,NA,68.44,NA,NA
2022-10-04T16:30:00Z,72.74,NA,NA,NA,NA,NA,68.44,NA,NA
2022-10-04T17:30:00Z,72.74,NA,NA,NA,NA,NA,68.44,NA,NA
2022-10-04T18:30:00Z,72.74,NA,NA,NA,NA,NA,68.44,NA,NA
2022-10-04T19:30:00Z,72.74,NA,NA,NA,NA,NA,68.44,NA,NA
2022-10-04T20:30:00Z,72.74,NA,NA,NA,NA,NA,68.44,NA,NA
2022-10-04T21:30:00Z,72.74,NA,NA,NA,NA,NA,68.44,NA,NA
2022-10-04T22:30:00Z,72.74,NA,NA,NA,NA,NA,68.44,NA,NA
2022-10-04T23:30:00Z,72.74,NA,NA,NA,NA,NA,68.44,NA,NA
2022-10-05T00:30:00Z,72.74,NA,NA,NA,NA,NA,68.44,NA,NA
2022-10-05T01:30:00Z,72.74,NA,NA,NA,NA,NA,68.44,NA,NA
2022-10-05T02:30:00Z,72.74,NA,NA,NA,NA,NA,68.44,NA,NA
2022-10-05T03:30:00Z,72.74,NA,NA,NA,NA,NA,68.44,NA,NA
2022-10-05T04:30:00Z,72.74,NA,NA,NA,NA,NA,68.44,NA,NA
2022-10-05T05:30:00Z,72.74,NA,NA,NA,NA,NA,68.44,NA,NA
2022-10-05T06:30:00Z,72.74,NA,NA,NA,NA,NA,68.44,NA,NA
